{
"type": "FeatureCollection",
"name": "Binalar_Gunes_Potansiyeli",
"crs": { "type": "name", "properties": { "name": "urn:ogc:def:crs:OGC:1.3:CRS84" } },
"features": [
{ "type": "Feature", "properties": { "Bina_ID": "Bina_1", "Net_Yukseklik": 3.17, "Gunes_Paneli_Sayisi": 26, "Yillik_Uretim_kWh": 13650.0 }, "geometry": { "type": "Polygon", "coordinates": [ [ [ 34.366214221755065, 38.273304340476948 ], [ 34.366157140410991, 38.273309511378905 ], [ 34.366139653002556, 38.273291690367024 ], [ 34.366128219851419, 38.273291823506213 ], [ 34.366122672112489, 38.273300900436894 ], [ 34.3660940892307, 38.273301233278687 ], [ 34.36608820382186, 38.27329228948458 ], [ 34.366086768749277, 38.273215701410123 ], [ 34.366098201888676, 38.273215568275198 ], [ 34.366138724390616, 38.273242133378844 ], [ 34.366173614769707, 38.273273270220152 ], [ 34.366214052907068, 38.273295330115779 ], [ 34.366214221755065, 38.273304340476948 ] ] ] } },
{ "type": "Feature", "properties": { "Bina_ID": "Bina_2", "Net_Yukseklik": 5.51, "Gunes_Paneli_Sayisi": 37, "Yillik_Uretim_kWh": 19425.0 }, "geometry": { "type": "Polygon", "coordinates": [ [ [ 34.365518655684056, 38.273411574375032 ], [ 34.365512685954663, 38.273398125369241 ], [ 34.365516968060483, 38.273321470738324 ], [ 34.365596578240371, 38.273298013248308 ], [ 34.365608517714612, 38.273324911251173 ], [ 34.365591621133149, 38.273338626427204 ], [ 34.365626005003804, 38.273342732344418 ], [ 34.365626595718801, 38.273374268615882 ], [ 34.365603813772182, 38.273379039975303 ], [ 34.365598350347113, 38.273392622064058 ], [ 34.365569598654226, 38.273383944415357 ], [ 34.365558334253393, 38.273393087862765 ], [ 34.365558840556304, 38.273420118953119 ], [ 34.365518655684056, 38.273411574375032 ] ] ] } },
{ "type": "Feature", "properties": { "Bina_ID": "Bina_3", "Net_Yukseklik": 3.36, "Gunes_Paneli_Sayisi": 12, "Yillik_Uretim_kWh": 6300.0 }, "geometry": { "type": "Polygon", "coordinates": [ [ [ 34.365040486804233, 38.273525287118844 ], [ 34.365023337014698, 38.273525486667573 ], [ 34.364994332285285, 38.273503293329696 ], [ 34.364993910539269, 38.273480767416089 ], [ 34.364999542782869, 38.273476195718899 ], [ 34.364999374083922, 38.273467185353446 ], [ 34.365005090675936, 38.273467118838731 ], [ 34.365010722917788, 38.27346254714103 ], [ 34.36502215610102, 38.273462414110234 ], [ 34.365027957043814, 38.273466852777105 ], [ 34.365033673635736, 38.273466786261004 ], [ 34.365033757987312, 38.27347129144367 ], [ 34.365039558931521, 38.273475730109922 ], [ 34.365039727635484, 38.273484740475219 ], [ 34.36506284706887, 38.273497989954521 ], [ 34.365063100129355, 38.27351150550227 ], [ 34.365040486804233, 38.273525287118844 ] ] ] } },
{ "type": "Feature", "properties": { "Bina_ID": "Bina_4", "Net_Yukseklik": 3.0, "Gunes_Paneli_Sayisi": 15, "Yillik_Uretim_kWh": 7875.0 }, "geometry": { "type": "Polygon", "coordinates": [ [ [ 34.364755668972137, 38.273582674801311 ], [ 34.364755500302685, 38.273573664435091 ], [ 34.364761132568582, 38.273569092749014 ], [ 34.364755331633312, 38.273564654068878 ], [ 34.364732465232166, 38.273564920077952 ], [ 34.364715062434598, 38.273551604032228 ], [ 34.364714893770355, 38.273542593665837 ], [ 34.364720526036514, 38.273538021981672 ], [ 34.364754741291087, 38.273533117786982 ], [ 34.36476037355397, 38.273528546100955 ], [ 34.364760120549448, 38.27351503055155 ], [ 34.364777270338401, 38.273514831041332 ], [ 34.364777354674281, 38.273519336224439 ], [ 34.364806443683541, 38.27354603480007 ], [ 34.364806612359132, 38.273555045166134 ], [ 34.364800980097208, 38.273559616854328 ], [ 34.36480131744726, 38.273577637586442 ], [ 34.364789968581761, 38.273582275779091 ], [ 34.364755668972137, 38.273582674801311 ] ] ] } },
{ "type": "Feature", "properties": { "Bina_ID": "Bina_5", "Net_Yukseklik": 3.38, "Gunes_Paneli_Sayisi": 11, "Yillik_Uretim_kWh": 5775.0 }, "geometry": { "type": "Polygon", "coordinates": [ [ [ 34.363894906076489, 38.273723363915437 ], [ 34.36389482179451, 38.273718858730817 ], [ 34.363889020898505, 38.273714420007188 ], [ 34.36388885233535, 38.27370540963792 ], [ 34.363883051440794, 38.273700970913957 ], [ 34.363882798597317, 38.27368745535999 ], [ 34.36387699770458, 38.27368301663568 ], [ 34.363871281092948, 38.273683083095747 ], [ 34.363871112532173, 38.273674072726372 ], [ 34.363893641848776, 38.273655786145902 ], [ 34.363893557567081, 38.273651280961232 ], [ 34.363910707394268, 38.273651081577079 ], [ 34.363910791677029, 38.273655586761713 ], [ 34.363928194356674, 38.273668902928812 ], [ 34.363928868628314, 38.273704944405395 ], [ 34.363906339305927, 38.273723230992609 ], [ 34.363894906076489, 38.273723363915437 ] ] ] } },
{ "type": "Feature", "properties": { "Bina_ID": "Bina_6", "Net_Yukseklik": 9.83, "Gunes_Paneli_Sayisi": 109, "Yillik_Uretim_kWh": 57225.0 }, "geometry": { "type": "Polygon", "coordinates": [ [ [ 34.36163137759074, 38.273763176262079 ], [ 34.36161977606114, 38.273754298585644 ], [ 34.361625071974601, 38.273731706290924 ], [ 34.361601953070256, 38.273718456124229 ], [ 34.361599849568442, 38.273605826400292 ], [ 34.361662395713431, 38.273587075787212 ], [ 34.361748144851845, 38.273586080473322 ], [ 34.361772105244206, 38.273644382498475 ], [ 34.361801109074015, 38.273666576649937 ], [ 34.361801529836526, 38.273689102592783 ], [ 34.361721917934453, 38.273712557536385 ], [ 34.361700061214869, 38.273766885219729 ], [ 34.36163137759074, 38.273763176262079 ] ] ] } },
{ "type": "Feature", "properties": { "Bina_ID": "Bina_7", "Net_Yukseklik": 6.38, "Gunes_Paneli_Sayisi": 68, "Yillik_Uretim_kWh": 35700.0 }, "geometry": { "type": "Polygon", "coordinates": [ [ [ 34.364667070543327, 38.273736915040693 ], [ 34.364632349221353, 38.273714788112237 ], [ 34.36463057834748, 38.273620179263588 ], [ 34.364681690469737, 38.273601560047993 ], [ 34.364715990089302, 38.273601161047232 ], [ 34.364727676294919, 38.273614543594164 ], [ 34.364744826107504, 38.273614344088244 ], [ 34.364773830808033, 38.273636537488024 ], [ 34.364774168152294, 38.273654558220095 ], [ 34.364791486648336, 38.273663369073169 ], [ 34.364791739660021, 38.273676884622056 ], [ 34.364752229405902, 38.273704381246731 ], [ 34.36475248241068, 38.273717896795752 ], [ 34.364735332573794, 38.273718096303227 ], [ 34.364729784628587, 38.273727173171253 ], [ 34.364701117231292, 38.273723000493753 ], [ 34.364684220385136, 38.273736715543116 ], [ 34.364667070543327, 38.273736915040693 ] ] ] } },
{ "type": "Feature", "properties": { "Bina_ID": "Bina_8", "Net_Yukseklik": 3.0, "Gunes_Paneli_Sayisi": 11, "Yillik_Uretim_kWh": 5775.0 }, "geometry": { "type": "Polygon", "coordinates": [ [ [ 34.36515878363462, 38.27373570029858 ], [ 34.365158530554368, 38.27372218475189 ], [ 34.365169626334698, 38.273704030977044 ], [ 34.365186776165174, 38.273703831406159 ], [ 34.365198040660538, 38.273694687993142 ], [ 34.365197871935749, 38.273685677628769 ], [ 34.365209305153073, 38.273685544579088 ], [ 34.365220907097935, 38.273694421892586 ], [ 34.36522107582563, 38.273703432256859 ], [ 34.365226876799859, 38.273707870913114 ], [ 34.365227298621278, 38.273730396823673 ], [ 34.365215949760632, 38.273735035057356 ], [ 34.365210486238077, 38.273748617129101 ], [ 34.365199053010862, 38.273748750179088 ], [ 34.36518736669786, 38.273735367681446 ], [ 34.36515878363462, 38.27373570029858 ] ] ] } },
{ "type": "Feature", "properties": { "Bina_ID": "Bina_9", "Net_Yukseklik": 3.0, "Gunes_Paneli_Sayisi": 13, "Yillik_Uretim_kWh": 6825.0 }, "geometry": { "type": "Polygon", "coordinates": [ [ [ 34.359459563449391, 38.27381540066564 ], [ 34.359459143408451, 38.273792874701357 ], [ 34.359470324643432, 38.273779226631973 ], [ 34.359493191161846, 38.273778961647139 ], [ 34.359504456399158, 38.273769818767462 ], [ 34.359504288377451, 38.273760808381851 ], [ 34.359509920994384, 38.27375623694163 ], [ 34.359521354249836, 38.27375610444598 ], [ 34.359544556813802, 38.273773860222249 ], [ 34.359539260250024, 38.273796452434993 ], [ 34.359527826988334, 38.273796584932505 ], [ 34.359522278381576, 38.273805661566328 ], [ 34.359516561749977, 38.273805727814413 ], [ 34.3595052965088, 38.273814870695276 ], [ 34.359459563449391, 38.27381540066564 ] ] ] } },
{ "type": "Feature", "properties": { "Bina_ID": "Bina_10", "Net_Yukseklik": 3.0, "Gunes_Paneli_Sayisi": 12, "Yillik_Uretim_kWh": 6300.0 }, "geometry": { "type": "Polygon", "coordinates": [ [ [ 34.364918432848981, 38.273724978459668 ], [ 34.364924065115822, 38.273720406765847 ], [ 34.364958364787825, 38.2737200076932 ], [ 34.364958449135521, 38.273724512875823 ], [ 34.364970051056929, 38.273733390214517 ], [ 34.364993086208393, 38.273742134523232 ], [ 34.364999224573452, 38.273764593920987 ], [ 34.364947775034615, 38.273765192544708 ], [ 34.364942142765912, 38.273769764239667 ], [ 34.364924992918176, 38.273769963775095 ], [ 34.364924739880948, 38.273756448227168 ], [ 34.364918938920702, 38.273752009555714 ], [ 34.364918432848981, 38.273724978459668 ] ] ] } },
{ "type": "Feature", "properties": { "Bina_ID": "Bina_11", "Net_Yukseklik": 3.0, "Gunes_Paneli_Sayisi": 23, "Yillik_Uretim_kWh": 12075.0 }, "geometry": { "type": "Polygon", "coordinates": [ [ [ 34.366588780704184, 38.273764112710808 ], [ 34.366565914257976, 38.273764379078337 ], [ 34.366560282093168, 38.273768950849096 ], [ 34.366543132257206, 38.273769150621021 ], [ 34.366537331199801, 38.2737647120315 ], [ 34.366530854583694, 38.27372423200454 ], [ 34.36651899914613, 38.273701839284676 ], [ 34.366501595996766, 38.273688523511076 ], [ 34.366501258225185, 38.2736705027921 ], [ 34.366529756802244, 38.273665664668719 ], [ 34.366541443346094, 38.273679047028338 ], [ 34.366558677607316, 38.273683352436692 ], [ 34.366587598426342, 38.273701040197217 ], [ 34.366593483930217, 38.273709983963904 ], [ 34.366588020668004, 38.273723566095015 ], [ 34.366588780704184, 38.273764112710808 ] ] ] } },
{ "type": "Feature", "properties": { "Bina_ID": "Bina_12", "Net_Yukseklik": 3.0, "Gunes_Paneli_Sayisi": 18, "Yillik_Uretim_kWh": 9450.0 }, "geometry": { "type": "Polygon", "coordinates": [ [ [ 34.360969762994223, 38.273851964515629 ], [ 34.360964130463742, 38.273856536024297 ], [ 34.360935463203191, 38.273852362423483 ], [ 34.360935295004168, 38.273843352043365 ], [ 34.360929494273833, 38.273838913170259 ], [ 34.360912512577357, 38.273848122499729 ], [ 34.360878212787327, 38.273848520390807 ], [ 34.360866611333307, 38.273839642638563 ], [ 34.360866359047677, 38.273826127067949 ], [ 34.360877455924225, 38.273807973679148 ], [ 34.36088888918129, 38.273807841050086 ], [ 34.360900238341067, 38.273803203229761 ], [ 34.360905786774097, 38.273794126533957 ], [ 34.36091722002886, 38.273793993902181 ], [ 34.360934622208802, 38.27380731052272 ], [ 34.360969174283127, 38.27382042818558 ], [ 34.3609693424862, 38.273829438565606 ], [ 34.360975143218134, 38.273833877436715 ], [ 34.360969762994223, 38.273851964515629 ] ] ] } },
{ "type": "Feature", "properties": { "Bina_ID": "Bina_13", "Net_Yukseklik": 3.0, "Gunes_Paneli_Sayisi": 14, "Yillik_Uretim_kWh": 7350.0 }, "geometry": { "type": "Polygon", "coordinates": [ [ [ 34.368870976038608, 38.273805097793044 ], [ 34.368853826210689, 38.273805297902854 ], [ 34.368847940424864, 38.273796354255097 ], [ 34.368847686660267, 38.273782838729367 ], [ 34.368841885464867, 38.273778400256489 ], [ 34.368841631701564, 38.273764884730682 ], [ 34.368830029315106, 38.27375600778393 ], [ 34.368829860141147, 38.273746997433314 ], [ 34.368824058949727, 38.273742558959441 ], [ 34.368823551430545, 38.27371552790742 ], [ 34.368840532062535, 38.273706317451797 ], [ 34.368857681867262, 38.273706117344361 ], [ 34.368858358576297, 38.273742158746558 ], [ 34.368887702912907, 38.273782371804892 ], [ 34.368887956684915, 38.273795887330401 ], [ 34.368870976038608, 38.273805097793044 ] ] ] } },
{ "type": "Feature", "properties": { "Bina_ID": "Bina_14", "Net_Yukseklik": 7.7, "Gunes_Paneli_Sayisi": 113, "Yillik_Uretim_kWh": 59325.0 }, "geometry": { "type": "Polygon", "coordinates": [ [ [ 34.364576869580958, 38.273805556734871 ], [ 34.364581827278748, 38.273764943590805 ], [ 34.36468464203935, 38.273759241458649 ], [ 34.364684979363062, 38.273777262191018 ], [ 34.364713646780984, 38.273781434872028 ], [ 34.364741976864003, 38.27376758681406 ], [ 34.364764084306543, 38.273726774155328 ], [ 34.364861435407192, 38.27373465392138 ], [ 34.364852110712206, 38.273847416506342 ], [ 34.364737693930294, 38.273844241426772 ], [ 34.364726092018444, 38.273835364065043 ], [ 34.364698014902338, 38.273862727668579 ], [ 34.364640764335377, 38.27385888747623 ], [ 34.364618066495048, 38.273868163830976 ], [ 34.364576869580958, 38.273805556734871 ] ] ] } },
{ "type": "Feature", "properties": { "Bina_ID": "Bina_15", "Net_Yukseklik": 4.17, "Gunes_Paneli_Sayisi": 15, "Yillik_Uretim_kWh": 7875.0 }, "geometry": { "type": "Polygon", "coordinates": [ [ [ 34.368259806049743, 38.273839264551967 ], [ 34.368265015349266, 38.273812166819987 ], [ 34.368281742416663, 38.273789440914683 ], [ 34.368281488757084, 38.273775925385742 ], [ 34.368292668312307, 38.273762276506417 ], [ 34.368309818134115, 38.273762076478803 ], [ 34.368315703851842, 38.273771020154904 ], [ 34.368327221623652, 38.273775391977416 ], [ 34.368338993067042, 38.273793279327379 ], [ 34.36833933129428, 38.273811300032143 ], [ 34.368333699239741, 38.273815871885994 ], [ 34.368316549405442, 38.273816071917338 ], [ 34.368299653234246, 38.273829787474931 ], [ 34.368282503396429, 38.273829987501344 ], [ 34.368276955889904, 38.273839064528829 ], [ 34.368259806049743, 38.273839264551967 ] ] ] } },
{ "type": "Feature", "properties": { "Bina_ID": "Bina_16", "Net_Yukseklik": 3.0, "Gunes_Paneli_Sayisi": 12, "Yillik_Uretim_kWh": 6300.0 }, "geometry": { "type": "Polygon", "coordinates": [ [ [ 34.369123099065355, 38.273833698784159 ], [ 34.369122760644146, 38.273815678085349 ], [ 34.369139910472569, 38.273815477936175 ], [ 34.369145711688695, 38.273819916393897 ], [ 34.369156806478763, 38.273801762260554 ], [ 34.369173956303676, 38.27380156210647 ], [ 34.369208509784571, 38.273814677314448 ], [ 34.369219943002967, 38.273814543873591 ], [ 34.369220450670888, 38.273841574920681 ], [ 34.369191783004553, 38.273837403346484 ], [ 34.369180519000246, 38.273846547133815 ], [ 34.36916908577664, 38.273846680570919 ], [ 34.369140248898013, 38.273833498634851 ], [ 34.369123099065355, 38.273833698784159 ] ] ] } },
{ "type": "Feature", "properties": { "Bina_ID": "Bina_17", "Net_Yukseklik": 5.82, "Gunes_Paneli_Sayisi": 14, "Yillik_Uretim_kWh": 7350.0 }, "geometry": { "type": "Polygon", "coordinates": [ [ [ 34.368254512194881, 38.27386185710737 ], [ 34.368243078964447, 38.273861990454293 ], [ 34.368237024146552, 38.273844036421949 ], [ 34.368202555366175, 38.273835426101257 ], [ 34.368202301720856, 38.273821910571968 ], [ 34.368213650396086, 38.273817272052725 ], [ 34.368179012537162, 38.273799651371846 ], [ 34.368188923904164, 38.273718424854216 ], [ 34.368200357112343, 38.273718291512992 ], [ 34.368201456237664, 38.27377685880743 ], [ 34.368213058552847, 38.273785735817704 ], [ 34.368219197909006, 38.273808195028074 ], [ 34.368248119169031, 38.273825882370318 ], [ 34.368254512194881, 38.27386185710737 ] ] ] } },
{ "type": "Feature", "properties": { "Bina_ID": "Bina_18", "Net_Yukseklik": 3.74, "Gunes_Paneli_Sayisi": 14, "Yillik_Uretim_kWh": 7350.0 }, "geometry": { "type": "Polygon", "coordinates": [ [ [ 34.361623394163708, 38.273948021702907 ], [ 34.361600527612524, 38.27394828710387 ], [ 34.361577492782075, 38.273939542122804 ], [ 34.361554289681067, 38.273921786759423 ], [ 34.361554037267226, 38.273908271192866 ], [ 34.361582115603255, 38.273880908319704 ], [ 34.361599265500956, 38.273880709272376 ], [ 34.361616583681908, 38.273889520600079 ], [ 34.361616836107167, 38.273903036166324 ], [ 34.361622636883553, 38.273907475004499 ], [ 34.361623394163708, 38.273948021702907 ] ] ] } },
{ "type": "Feature", "properties": { "Bina_ID": "Bina_19", "Net_Yukseklik": 5.69, "Gunes_Paneli_Sayisi": 64, "Yillik_Uretim_kWh": 33600.0 }, "geometry": { "type": "Polygon", "coordinates": [ [ [ 34.363332920756712, 38.273941685925884 ], [ 34.363286682220284, 38.273915186276021 ], [ 34.363263057503787, 38.273874905329976 ], [ 34.36327364831979, 38.273829720611523 ], [ 34.363261541125475, 38.273793811987197 ], [ 34.363272468906672, 38.273766648011481 ], [ 34.363301052004509, 38.273766315853635 ], [ 34.363313159213192, 38.273802224473769 ], [ 34.36334191082063, 38.273810902676907 ], [ 34.363346532215417, 38.273752268829753 ], [ 34.363363597821014, 38.273747564339516 ], [ 34.363398318785102, 38.273769691650365 ], [ 34.363404540915788, 38.273796656326112 ], [ 34.363337036675986, 38.273856020966797 ], [ 34.363360492927505, 38.273887291526471 ], [ 34.363349986407243, 38.273936981436925 ], [ 34.363332920756712, 38.273941685925884 ] ] ] } },
{ "type": "Feature", "properties": { "Bina_ID": "Bina_20", "Net_Yukseklik": 5.72, "Gunes_Paneli_Sayisi": 33, "Yillik_Uretim_kWh": 17325.0 }, "geometry": { "type": "Polygon", "coordinates": [ [ [ 34.365219661779143, 38.273933263067079 ], [ 34.365191078638709, 38.273933595693528 ], [ 34.365162073693334, 38.273911402402639 ], [ 34.365161820610879, 38.273897886856368 ], [ 34.365150134279865, 38.273884504355671 ], [ 34.365149375040374, 38.27384395771638 ], [ 34.365137266925302, 38.273808049303113 ], [ 34.365188885214714, 38.273816460959964 ], [ 34.36520628816141, 38.273829776931983 ], [ 34.365218311950017, 38.273861180155258 ], [ 34.365235799278167, 38.273879001304486 ], [ 34.365236221104929, 38.273901527214285 ], [ 34.365219661779143, 38.273933263067079 ] ] ] } },
{ "type": "Feature", "properties": { "Bina_ID": "Bina_21", "Net_Yukseklik": 7.3, "Gunes_Paneli_Sayisi": 114, "Yillik_Uretim_kWh": 59850.0 }, "geometry": { "type": "Polygon", "coordinates": [ [ [ 34.368141109879979, 38.273912747467968 ], [ 34.368100924458467, 38.273904203786032 ], [ 34.368083267354024, 38.273877372724108 ], [ 34.368048883113644, 38.27387326753491 ], [ 34.368037111727048, 38.273855380154977 ], [ 34.368008782260482, 38.273869228997491 ], [ 34.367968596877255, 38.273860685269426 ], [ 34.367904868801283, 38.273816366740647 ], [ 34.367921680514435, 38.27379814606158 ], [ 34.367910078231844, 38.273789269021869 ], [ 34.367919989898148, 38.273708042521214 ], [ 34.367964201130007, 38.273626416068545 ], [ 34.367981435456407, 38.273630721266549 ], [ 34.368000360493859, 38.2737251300005 ], [ 34.368040714881616, 38.273742684072815 ], [ 34.368069213373268, 38.273737845576839 ], [ 34.368065525722756, 38.273846036482475 ], [ 34.368128915743966, 38.273872334215305 ], [ 34.368141109879979, 38.273912747467968 ] ] ] } },
{ "type": "Feature", "properties": { "Bina_ID": "Bina_22", "Net_Yukseklik": 11.76, "Gunes_Paneli_Sayisi": 89, "Yillik_Uretim_kWh": 46725.0 }, "geometry": { "type": "Polygon", "coordinates": [ [ [ 34.364374949621038, 38.274015188799844 ], [ 34.364363010477447, 38.273988290668107 ], [ 34.364328373432521, 38.273970668834664 ], [ 34.364327867575753, 38.27394363773297 ], [ 34.364339216527576, 38.273938999583713 ], [ 34.364332909729271, 38.273907529781241 ], [ 34.364361071313091, 38.273884671446041 ], [ 34.364349047886961, 38.27385326812815 ], [ 34.364388811314754, 38.273839287186405 ], [ 34.364469265619249, 38.273860882281113 ], [ 34.364498438977826, 38.273892086114543 ], [ 34.364516685029926, 38.273950454023705 ], [ 34.364499619456687, 38.273955158681034 ], [ 34.364494240104143, 38.273973245905026 ], [ 34.364442874723863, 38.273978349493433 ], [ 34.364419755244491, 38.273965099893736 ], [ 34.364408490608483, 38.273974243234207 ], [ 34.36441462881605, 38.273996702664704 ], [ 34.364397478911172, 38.273996902124026 ], [ 34.364392099530377, 38.27401498934374 ], [ 34.364374949621038, 38.274015188799844 ] ] ] } },
{ "type": "Feature", "properties": { "Bina_ID": "Bina_23", "Net_Yukseklik": 3.76, "Gunes_Paneli_Sayisi": 13, "Yillik_Uretim_kWh": 6825.0 }, "geometry": { "type": "Polygon", "coordinates": [ [ [ 34.366661687157517, 38.273993077725514 ], [ 34.366661602703786, 38.273988572546315 ], [ 34.366655801621469, 38.273984133963268 ], [ 34.36665521044845, 38.273952597708643 ], [ 34.366660927074562, 38.273952531112549 ], [ 34.366672191418225, 38.27394338756109 ], [ 34.366672106963989, 38.27393888238187 ], [ 34.366689256838953, 38.273938682590348 ], [ 34.366712376708819, 38.273951931735191 ], [ 34.366718093334747, 38.273951865136311 ], [ 34.36671817779186, 38.273956370315425 ], [ 34.366729779960082, 38.273965247475019 ], [ 34.366724485620942, 38.273987839969976 ], [ 34.3667187689922, 38.273987906569211 ], [ 34.366713136820358, 38.273992478347296 ], [ 34.366661687157517, 38.273993077725514 ] ] ] } },
{ "type": "Feature", "properties": { "Bina_ID": "Bina_24", "Net_Yukseklik": 3.43, "Gunes_Paneli_Sayisi": 35, "Yillik_Uretim_kWh": 18375.0 }, "geometry": { "type": "Polygon", "coordinates": [ [ [ 34.371501800835695, 38.273837457022985 ], [ 34.371783440339428, 38.273915274978762 ], [ 34.371806645868659, 38.273933028271792 ], [ 34.371640694582197, 38.273925956375138 ], [ 34.371600932573045, 38.273939939749802 ], [ 34.371622697145632, 38.27388110519108 ], [ 34.371588143220073, 38.273867990703216 ], [ 34.371502309349928, 38.273864488044126 ], [ 34.371501800835695, 38.273837457022985 ] ] ] } },
{ "type": "Feature", "properties": { "Bina_ID": "Bina_25", "Net_Yukseklik": 3.0, "Gunes_Paneli_Sayisi": 41, "Yillik_Uretim_kWh": 21525.0 }, "geometry": { "type": "Polygon", "coordinates": [ [ [ 34.366399313253282, 38.274027677119811 ], [ 34.366387542240396, 38.274009789567657 ], [ 34.366387120056338, 38.273987263669071 ], [ 34.366432853091638, 38.273986730996626 ], [ 34.366449749657718, 38.273973015701038 ], [ 34.366443864149041, 38.273964071927615 ], [ 34.366449158574035, 38.273941479443636 ], [ 34.366483289443089, 38.273932069564076 ], [ 34.366506493718624, 38.273949823929783 ], [ 34.36655794335428, 38.273949224620189 ], [ 34.366570305534587, 38.273998648410512 ], [ 34.36647900833804, 38.274008724204087 ], [ 34.366416547589786, 38.274031982547413 ], [ 34.366399313253282, 38.274027677119811 ] ] ] } },
{ "type": "Feature", "properties": { "Bina_ID": "Bina_26", "Net_Yukseklik": 3.09, "Gunes_Paneli_Sayisi": 16, "Yillik_Uretim_kWh": 8400.0 }, "geometry": { "type": "Polygon", "coordinates": [ [ [ 34.36761149248396, 38.274027070673121 ], [ 34.36758837243179, 38.27401382170919 ], [ 34.367588203409703, 38.274004811354288 ], [ 34.367593835526321, 38.274000239535233 ], [ 34.367593243947255, 38.273968703293036 ], [ 34.367615941422486, 38.273959426369238 ], [ 34.367638807919832, 38.273959159795929 ], [ 34.367656211337938, 38.273972475395084 ], [ 34.367651424376312, 38.274022098990415 ], [ 34.367639991117876, 38.27402223227903 ], [ 34.367634359002558, 38.274026804100281 ], [ 34.36761149248396, 38.274027070673121 ] ] ] } },
{ "type": "Feature", "properties": { "Bina_ID": "Bina_27", "Net_Yukseklik": 6.11, "Gunes_Paneli_Sayisi": 16, "Yillik_Uretim_kWh": 8400.0 }, "geometry": { "type": "Polygon", "coordinates": [ [ [ 34.364250616797719, 38.274093239524049 ], [ 34.364216401243006, 38.274098143576786 ], [ 34.364204799351739, 38.274089266163443 ], [ 34.364187565122414, 38.274084960408715 ], [ 34.364175794635919, 38.274067072624767 ], [ 34.364164192754536, 38.274058195207189 ], [ 34.364152759473797, 38.274058328156109 ], [ 34.364152506577092, 38.274044812604487 ], [ 34.364158054617988, 38.274035735762467 ], [ 34.364192354449266, 38.274035336910963 ], [ 34.364198155389417, 38.27403977561854 ], [ 34.364221106247669, 38.274044014894564 ], [ 34.36425019527254, 38.274070713605731 ], [ 34.364250616797719, 38.274093239524049 ] ] ] } },
{ "type": "Feature", "properties": { "Bina_ID": "Bina_28", "Net_Yukseklik": 6.18, "Gunes_Paneli_Sayisi": 25, "Yillik_Uretim_kWh": 13125.0 }, "geometry": { "type": "Polygon", "coordinates": [ [ [ 34.370396166377603, 38.274030624062831 ], [ 34.370356065331869, 38.274026586332084 ], [ 34.370344378041558, 38.27401320436752 ], [ 34.370344208678915, 38.274004194023028 ], [ 34.370378339039938, 38.273994783019063 ], [ 34.37038917949284, 38.273963113258354 ], [ 34.370337645249009, 38.273959209075741 ], [ 34.370314609418806, 38.27395046583031 ], [ 34.370308469407028, 38.273928006742523 ], [ 34.370319733278841, 38.273918862849428 ], [ 34.370302329399244, 38.273905547654266 ], [ 34.370307791976742, 38.273891965363326 ], [ 34.370319225202003, 38.273891831815128 ], [ 34.370353948285242, 38.273913957025478 ], [ 34.370371690907227, 38.273945292901779 ], [ 34.370400358674971, 38.273949464185449 ], [ 34.370413146876182, 38.274021413382393 ], [ 34.370396166377603, 38.274030624062831 ] ] ] } },
{ "type": "Feature", "properties": { "Bina_ID": "Bina_29", "Net_Yukseklik": 3.18, "Gunes_Paneli_Sayisi": 10, "Yillik_Uretim_kWh": 5250.0 }, "geometry": { "type": "Polygon", "coordinates": [ [ [ 34.363136039548678, 38.274115208008368 ], [ 34.363118889606795, 38.274115407281329 ], [ 34.363118805371577, 38.274110902095565 ], [ 34.363113004489747, 38.274106463333531 ], [ 34.36311275178533, 38.274092947776175 ], [ 34.363095349147429, 38.274079631488135 ], [ 34.363089632502849, 38.2740796979107 ], [ 34.363083831625296, 38.274075259147125 ], [ 34.363083663159451, 38.274066248775412 ], [ 34.36309492797934, 38.27405710555891 ], [ 34.363106361264926, 38.274056972713069 ], [ 34.363123679663865, 38.274065783813789 ], [ 34.363135112950665, 38.274065650965113 ], [ 34.363158232236614, 38.274078900821571 ], [ 34.36315856918695, 38.274096921564414 ], [ 34.363136039548678, 38.274115208008368 ] ] ] } },
{ "type": "Feature", "properties": { "Bina_ID": "Bina_30", "Net_Yukseklik": 3.0, "Gunes_Paneli_Sayisi": 22, "Yillik_Uretim_kWh": 11550.0 }, "geometry": { "type": "Polygon", "coordinates": [ [ [ 34.370865268279609, 38.274043167989014 ], [ 34.37085946694318, 38.274038729618823 ], [ 34.370859212803545, 38.274025214105023 ], [ 34.370876023811967, 38.274006993016151 ], [ 34.37087551552731, 38.273979961988573 ], [ 34.370841046393998, 38.273971352450502 ], [ 34.370840792258385, 38.273957836936454 ], [ 34.370846424162735, 38.273953264965073 ], [ 34.370937974736805, 38.273956701298225 ], [ 34.37093831360832, 38.273974721982889 ], [ 34.370927388676634, 38.27400188661867 ], [ 34.370916040153659, 38.274006525397631 ], [ 34.370910747115133, 38.274029118057022 ], [ 34.370888134772137, 38.274042900781993 ], [ 34.370865268279609, 38.274043167989014 ] ] ] } },
{ "type": "Feature", "properties": { "Bina_ID": "Bina_31", "Net_Yukseklik": 4.81, "Gunes_Paneli_Sayisi": 15, "Yillik_Uretim_kWh": 7875.0 }, "geometry": { "type": "Polygon", "coordinates": [ [ [ 34.366858079725837, 38.274098937580519 ], [ 34.366846646451556, 38.274099070792069 ], [ 34.366835044247672, 38.274090193644902 ], [ 34.366829327611171, 38.274090260249686 ], [ 34.366823357582604, 38.274076811317705 ], [ 34.3668117553851, 38.274067934168066 ], [ 34.366811501995457, 38.274054418631472 ], [ 34.366805700898873, 38.274049980056162 ], [ 34.366805531973277, 38.274040969698397 ], [ 34.366816965238648, 38.274040836491018 ], [ 34.3668339462075, 38.274031626320166 ], [ 34.366856812734945, 38.274031359898828 ], [ 34.366856897200876, 38.27403586507765 ], [ 34.366868414931851, 38.274040237044076 ], [ 34.366868499398514, 38.274044742222848 ], [ 34.366885987168082, 38.274062563117099 ], [ 34.366886325039488, 38.274080583831967 ], [ 34.366858079725837, 38.274098937580519 ] ] ] } },
{ "type": "Feature", "properties": { "Bina_ID": "Bina_32", "Net_Yukseklik": 3.0, "Gunes_Paneli_Sayisi": 14, "Yillik_Uretim_kWh": 7350.0 }, "geometry": { "type": "Polygon", "coordinates": [ [ [ 34.367653452741365, 38.27413022324501 ], [ 34.367642019465983, 38.274130356534158 ], [ 34.36761889937511, 38.274117107577183 ], [ 34.367590316191233, 38.274117440789418 ], [ 34.367584430532155, 38.274108497076291 ], [ 34.367584261509975, 38.274099486721525 ], [ 34.367595610269028, 38.274094848260745 ], [ 34.367595272222161, 38.274076827551241 ], [ 34.36761216858482, 38.274063112092122 ], [ 34.367623601849807, 38.274062978806093 ], [ 34.367635204142942, 38.274071855873565 ], [ 34.367640920776068, 38.274071789229559 ], [ 34.367646806438898, 38.274080732939836 ], [ 34.367658239706479, 38.274080599650375 ], [ 34.367658408737682, 38.274089610004886 ], [ 34.367647059983618, 38.27409424847167 ], [ 34.367658662284633, 38.274103125536641 ], [ 34.367653452741365, 38.27413022324501 ] ] ] } },
{ "type": "Feature", "properties": { "Bina_ID": "Bina_33", "Net_Yukseklik": 3.5, "Gunes_Paneli_Sayisi": 44, "Yillik_Uretim_kWh": 23100.0 }, "geometry": { "type": "Polygon", "coordinates": [ [ [ 34.36259337898742, 38.274144043035633 ], [ 34.362615656161204, 38.274112241133167 ], [ 34.362684255939122, 38.274111444320575 ], [ 34.362713091809589, 38.27412462786306 ], [ 34.362713260229988, 38.27413363823608 ], [ 34.362724861951278, 38.274142515800172 ], [ 34.362770763581381, 38.274150994926096 ], [ 34.362765636425202, 38.274182597637648 ], [ 34.362731504927282, 38.274192006446242 ], [ 34.36271427075399, 38.274187700473945 ], [ 34.362657188420442, 38.274192869689536 ], [ 34.362611118367582, 38.274175380146126 ], [ 34.362593631596035, 38.274157558595782 ], [ 34.36259337898742, 38.274144043035633 ] ] ] } },
{ "type": "Feature", "properties": { "Bina_ID": "Bina_34", "Net_Yukseklik": 5.64, "Gunes_Paneli_Sayisi": 107, "Yillik_Uretim_kWh": 56175.0 }, "geometry": { "type": "Polygon", "coordinates": [ [ [ 34.369642841508181, 38.274107013979361 ], [ 34.369614427625514, 38.274116358031662 ], [ 34.369579620027501, 38.274089727427103 ], [ 34.369551121510355, 38.274094566290472 ], [ 34.369527493309135, 38.274054286673547 ], [ 34.369396603238151, 38.274087357746772 ], [ 34.369374159825618, 38.274110150533474 ], [ 34.369316824268516, 38.274101807457825 ], [ 34.369297812803225, 38.274002893801871 ], [ 34.369384916111002, 38.274073975683621 ], [ 34.369401642882025, 38.274051249625039 ], [ 34.369383900645445, 38.27401991359519 ], [ 34.369486969147189, 38.274027722775934 ], [ 34.369474689620553, 38.273982804504449 ], [ 34.369428618147232, 38.273965317666431 ], [ 34.369422139909133, 38.27392483783099 ], [ 34.369479475336917, 38.273933180857782 ], [ 34.369479983103211, 38.273960211901397 ], [ 34.369525716062448, 38.273959678023786 ], [ 34.369601047742208, 38.274012872518774 ], [ 34.369550275185553, 38.274049514553433 ], [ 34.369607272180943, 38.274039836820862 ], [ 34.369642841508181, 38.274107013979361 ] ] ] } },
{ "type": "Feature", "properties": { "Bina_ID": "Bina_35", "Net_Yukseklik": 3.0, "Gunes_Paneli_Sayisi": 13, "Yillik_Uretim_kWh": 6825.0 }, "geometry": { "type": "Polygon", "coordinates": [ [ [ 34.363086190154988, 38.274201404349775 ], [ 34.363057606884034, 38.274201736458451 ], [ 34.363034234885532, 38.274174971025204 ], [ 34.363033982195091, 38.274161455467564 ], [ 34.363039614615751, 38.274156883861728 ], [ 34.363038856542424, 38.274116337188659 ], [ 34.36305028983756, 38.274116204348097 ], [ 34.363056174947829, 38.274125148299149 ], [ 34.363073324892447, 38.274124949035311 ], [ 34.363079125773424, 38.274129387799299 ], [ 34.363079546937719, 38.274151913728396 ], [ 34.363073914519994, 38.274156485336121 ], [ 34.363085684754523, 38.274174373235148 ], [ 34.363086190154988, 38.274201404349775 ] ] ] } },
{ "type": "Feature", "properties": { "Bina_ID": "Bina_36", "Net_Yukseklik": 3.0, "Gunes_Paneli_Sayisi": 29, "Yillik_Uretim_kWh": 15225.0 }, "geometry": { "type": "Polygon", "coordinates": [ [ [ 34.3652071519111, 38.274181247647824 ], [ 34.365195718616043, 38.274181380698757 ], [ 34.365166544844683, 38.274150177047993 ], [ 34.365149394909089, 38.274150376617889 ], [ 34.365137792898473, 38.274141499299191 ], [ 34.365126359609313, 38.274141632343245 ], [ 34.365114673244271, 38.27412824984016 ], [ 34.365097523313466, 38.274128449402383 ], [ 34.36509172231267, 38.274124010740508 ], [ 34.365097101526118, 38.274105923492144 ], [ 34.365119883734614, 38.274101152226834 ], [ 34.365131063938982, 38.274087503637524 ], [ 34.365205295897802, 38.274082133647525 ], [ 34.36521715100119, 38.274104526505162 ], [ 34.365217404095773, 38.274118042050645 ], [ 34.365200507259679, 38.274131757173372 ], [ 34.3652071519111, 38.274181247647824 ] ] ] } },
{ "type": "Feature", "properties": { "Bina_ID": "Bina_37", "Net_Yukseklik": 3.0, "Gunes_Paneli_Sayisi": 34, "Yillik_Uretim_kWh": 17850.0 }, "geometry": { "type": "Polygon", "coordinates": [ [ [ 34.372147572045193, 38.274122806080229 ], [ 34.372119073704575, 38.274127645564505 ], [ 34.372118480165696, 38.274096109382725 ], [ 34.372134866908986, 38.27405536227505 ], [ 34.37210048239217, 38.27405125827957 ], [ 34.37208879478279, 38.27403787649498 ], [ 34.37204886323029, 38.2740428496828 ], [ 34.372031374226701, 38.274025029581914 ], [ 34.372008592534932, 38.274029802180742 ], [ 34.372002028077908, 38.273984817346211 ], [ 34.372191778732116, 38.274041178124186 ], [ 34.372191948323277, 38.274050188461672 ], [ 34.372174798461565, 38.274050389057962 ], [ 34.372163619601928, 38.27406403829378 ], [ 34.372147572045193, 38.274122806080229 ] ] ] } },
{ "type": "Feature", "properties": { "Bina_ID": "Bina_38", "Net_Yukseklik": 3.0, "Gunes_Paneli_Sayisi": 20, "Yillik_Uretim_kWh": 10500.0 }, "geometry": { "type": "Polygon", "coordinates": [ [ [ 34.367082633681946, 38.274181938120499 ], [ 34.367076832558887, 38.274177499559194 ], [ 34.367076325679498, 38.274150468489445 ], [ 34.36705866888515, 38.274123637268417 ], [ 34.36705849992785, 38.27411462691169 ], [ 34.367086914156211, 38.274105283472387 ], [ 34.367098178468225, 38.274096139880818 ], [ 34.367126761649629, 38.274095806788601 ], [ 34.367132562769008, 38.274100245347576 ], [ 34.367132900701812, 38.274118266060484 ], [ 34.367121720873499, 38.274131914833568 ], [ 34.367121889838714, 38.274140925190025 ], [ 34.367127690961475, 38.274145363749135 ], [ 34.367128451309235, 38.27418591035287 ], [ 34.367082633681946, 38.274181938120499 ] ] ] } },
{ "type": "Feature", "properties": { "Bina_ID": "Bina_39", "Net_Yukseklik": 7.11, "Gunes_Paneli_Sayisi": 169, "Yillik_Uretim_kWh": 88725.0 }, "geometry": { "type": "Polygon", "coordinates": [ [ [ 34.368088931658569, 38.274179219549282 ], [ 34.36805412457349, 38.274152588482387 ], [ 34.368059080347194, 38.274111975229658 ], [ 34.368035114800136, 38.274053674590633 ], [ 34.368000476868708, 38.274036053859035 ], [ 34.367976173255379, 38.273959732498973 ], [ 34.367998701604435, 38.27394144514858 ], [ 34.368198698816045, 38.273934606652986 ], [ 34.368239222469192, 38.273961171005908 ], [ 34.368206021869298, 38.274020138331608 ], [ 34.368206529165093, 38.274047169389199 ], [ 34.368172483027507, 38.274061084943163 ], [ 34.368173920334257, 38.274137672939858 ], [ 34.368151645609942, 38.274169475852425 ], [ 34.368088931658569, 38.274179219549282 ] ] ] } },
{ "type": "Feature", "properties": { "Bina_ID": "Bina_40", "Net_Yukseklik": 4.34, "Gunes_Paneli_Sayisi": 13, "Yillik_Uretim_kWh": 6825.0 }, "geometry": { "type": "Polygon", "coordinates": [ [ [ 34.365619594382615, 38.274221508883087 ], [ 34.365591011133958, 38.274221841609055 ], [ 34.365567891374155, 38.274208592241564 ], [ 34.365562174725348, 38.274208658784779 ], [ 34.365556373690424, 38.274204220146586 ], [ 34.365555951760193, 38.274181694240951 ], [ 34.365567216280205, 38.274172550792706 ], [ 34.365578649572115, 38.274172417705607 ], [ 34.365584281830316, 38.274167845980557 ], [ 34.365601431766919, 38.274167646347024 ], [ 34.365618834872905, 38.27418096225405 ], [ 34.365624551519403, 38.27418089570812 ], [ 34.365636237985257, 38.274194278158362 ], [ 34.365636406767287, 38.274203288520312 ], [ 34.365619594382615, 38.274221508883087 ] ] ] } },
{ "type": "Feature", "properties": { "Bina_ID": "Bina_41", "Net_Yukseklik": 4.29, "Gunes_Paneli_Sayisi": 16, "Yillik_Uretim_kWh": 8400.0 }, "geometry": { "type": "Polygon", "coordinates": [ [ [ 34.368409486307073, 38.274198011687936 ], [ 34.368409232620095, 38.274184496160665 ], [ 34.36841486469757, 38.274179924303006 ], [ 34.368420158522632, 38.274157331742067 ], [ 34.368431591798526, 38.274157198377026 ], [ 34.368454120090213, 38.274138910940771 ], [ 34.368476986635834, 38.274138644203063 ], [ 34.368488589042663, 38.274147521183842 ], [ 34.368488758176881, 38.274156531535127 ], [ 34.368500360588023, 38.274165408514634 ], [ 34.368500698859648, 38.27418342921704 ], [ 34.368489519281766, 38.274197078115726 ], [ 34.36846093607695, 38.274197411540641 ], [ 34.368443532460496, 38.274184096065163 ], [ 34.368437815820478, 38.27418416274844 ], [ 34.368420919589397, 38.274197878323832 ], [ 34.368409486307073, 38.274198011687936 ] ] ] } },
{ "type": "Feature", "properties": { "Bina_ID": "Bina_42", "Net_Yukseklik": 4.85, "Gunes_Paneli_Sayisi": 20, "Yillik_Uretim_kWh": 10500.0 }, "geometry": { "type": "Polygon", "coordinates": [ [ [ 34.361423820835256, 38.27428379413309 ], [ 34.36140608193233, 38.274252456834539 ], [ 34.361405829542967, 38.27423894126791 ], [ 34.361428527924843, 38.274229665525525 ], [ 34.361439961245409, 38.274229532841538 ], [ 34.36147375640325, 38.274202103650303 ], [ 34.361485189719282, 38.27420197096199 ], [ 34.36149679130579, 38.274210848650043 ], [ 34.361497211982496, 38.274233374593642 ], [ 34.361491579457102, 38.274237946127293 ], [ 34.36149174772725, 38.274246956504726 ], [ 34.361474766010744, 38.274256165915411 ], [ 34.361475102547175, 38.274274186670326 ], [ 34.361469385883481, 38.274274253014219 ], [ 34.361452488290581, 38.274287967610555 ], [ 34.361423820835256, 38.27428379413309 ] ] ] } },
{ "type": "Feature", "properties": { "Bina_ID": "Bina_43", "Net_Yukseklik": 5.34, "Gunes_Paneli_Sayisi": 69, "Yillik_Uretim_kWh": 36225.0 }, "geometry": { "type": "Polygon", "coordinates": [ [ [ 34.367437995042785, 38.274227364277799 ], [ 34.367386291732139, 38.274214448443971 ], [ 34.367380068094562, 38.274187484009637 ], [ 34.36735123138947, 38.274174301630929 ], [ 34.367355934065657, 38.274120172867271 ], [ 34.367309693999424, 38.274093674833686 ], [ 34.367314143220554, 38.27402603053666 ], [ 34.367359876262476, 38.274025497502443 ], [ 34.367388628410595, 38.274034174702628 ], [ 34.367406116302362, 38.274051995517027 ], [ 34.367457650493883, 38.274055900989261 ], [ 34.367457988506494, 38.274073921699852 ], [ 34.367440838605226, 38.274074121604322 ], [ 34.367424111209388, 38.274096847394773 ], [ 34.367431602381046, 38.274191389491442 ], [ 34.367420507099993, 38.27420954346961 ], [ 34.367437995042785, 38.274227364277799 ] ] ] } },
{ "type": "Feature", "properties": { "Bina_ID": "Bina_44", "Net_Yukseklik": 6.52, "Gunes_Paneli_Sayisi": 150, "Yillik_Uretim_kWh": 78750.0 }, "geometry": { "type": "Polygon", "coordinates": [ [ [ 34.363459373509755, 38.274282684819021 ], [ 34.363435243042865, 38.274215372803745 ], [ 34.363497536427964, 38.274183105657933 ], [ 34.363554702944313, 38.274182441219537 ], [ 34.363553270486982, 38.27410585307581 ], [ 34.363628261011016, 38.274141030745056 ], [ 34.363667940470563, 38.274122544858059 ], [ 34.363546458441142, 38.274047352115872 ], [ 34.363630185657385, 38.273938230977528 ], [ 34.363658684550188, 38.273933393546407 ], [ 34.363705176042174, 38.273973408601108 ], [ 34.363655074616176, 38.274046089617592 ], [ 34.363678278256856, 38.274063844554711 ], [ 34.363729475215294, 38.274049730929725 ], [ 34.363695849536313, 38.274086171123777 ], [ 34.363708715441675, 38.27416262635834 ], [ 34.363674752622536, 38.274181045808277 ], [ 34.363588834324311, 38.274173032173465 ], [ 34.363584381636947, 38.274240676392516 ], [ 34.363459373509755, 38.274282684819021 ] ] ] } },
{ "type": "Feature", "properties": { "Bina_ID": "Bina_45", "Net_Yukseklik": 5.52, "Gunes_Paneli_Sayisi": 16, "Yillik_Uretim_kWh": 8400.0 }, "geometry": { "type": "Polygon", "coordinates": [ [ [ 34.362276108747551, 38.274300937272997 ], [ 34.362258453660239, 38.274274105297621 ], [ 34.362258201112688, 38.274260589735846 ], [ 34.36226383359061, 38.27425601816627 ], [ 34.362263665225001, 38.274247007791743 ], [ 34.362275098544309, 38.274246875026336 ], [ 34.362286363495194, 38.274237731885357 ], [ 34.362297796812946, 38.274237599117768 ], [ 34.362303429286584, 38.274233027546344 ], [ 34.362314862603519, 38.274232894777107 ], [ 34.362326380106992, 38.274237267193904 ], [ 34.362332265139749, 38.274246211182579 ], [ 34.362332686075092, 38.274268737118227 ], [ 34.362327137787425, 38.274277813878157 ], [ 34.362304692066694, 38.274300605353957 ], [ 34.362276108747551, 38.274300937272997 ] ] ] } },
{ "type": "Feature", "properties": { "Bina_ID": "Bina_46", "Net_Yukseklik": 7.31, "Gunes_Paneli_Sayisi": 49, "Yillik_Uretim_kWh": 25725.0 }, "geometry": { "type": "Polygon", "coordinates": [ [ [ 34.365420355410052, 38.274268889632154 ], [ 34.365368905524427, 38.274269488447153 ], [ 34.36533367750247, 38.274220330648077 ], [ 34.365298955749402, 38.274198203926829 ], [ 34.365287184974406, 38.274180316260221 ], [ 34.365286847496996, 38.274162295533607 ], [ 34.365320388029538, 38.274121349716566 ], [ 34.365349055615063, 38.274125522238805 ], [ 34.365372850306315, 38.274174813102874 ], [ 34.365395885644801, 38.274183557328307 ], [ 34.365424975148407, 38.274210255738389 ], [ 34.36543161996061, 38.274259746196471 ], [ 34.365420355410052, 38.274268889632154 ] ] ] } },
{ "type": "Feature", "properties": { "Bina_ID": "Bina_47", "Net_Yukseklik": 5.22, "Gunes_Paneli_Sayisi": 23, "Yillik_Uretim_kWh": 12075.0 }, "geometry": { "type": "Polygon", "coordinates": [ [ [ 34.361269975614555, 38.274312616388308 ], [ 34.361258289917593, 38.274299233488669 ], [ 34.361257701072276, 38.274267697164802 ], [ 34.361280231238609, 38.274249411072397 ], [ 34.361291664562977, 38.274249278402813 ], [ 34.361297297102048, 38.27424470687852 ], [ 34.361325964535631, 38.274248880387368 ], [ 34.361331849448128, 38.274257824428496 ], [ 34.361343366899533, 38.274262196942821 ], [ 34.361343871655691, 38.27428922807664 ], [ 34.361349672447297, 38.274293666927768 ], [ 34.361349924826747, 38.274307182494574 ], [ 34.361338659745222, 38.274316325547915 ], [ 34.361281493071182, 38.274316988908602 ], [ 34.361269975614555, 38.274312616388308 ] ] ] } },
{ "type": "Feature", "properties": { "Bina_ID": "Bina_48", "Net_Yukseklik": 3.57, "Gunes_Paneli_Sayisi": 32, "Yillik_Uretim_kWh": 16800.0 }, "geometry": { "type": "Polygon", "coordinates": [ [ [ 34.366672386611469, 38.27425881669506 ], [ 34.366649266649617, 38.274245567544703 ], [ 34.36664304328049, 38.274218603066331 ], [ 34.366671204240355, 38.274195744189015 ], [ 34.366670950875601, 38.274182228651902 ], [ 34.36669314180201, 38.274145920829369 ], [ 34.366733158289932, 38.274145454635963 ], [ 34.366762079336716, 38.274163142347888 ], [ 34.366756700534921, 38.274181229664748 ], [ 34.366722400671698, 38.274181629267133 ], [ 34.366711136298569, 38.274190772823623 ], [ 34.366728624066482, 38.274208593740966 ], [ 34.366734931925173, 38.274240063393137 ], [ 34.366717950895612, 38.274249273550453 ], [ 34.366672386611469, 38.27425881669506 ] ] ] } },
{ "type": "Feature", "properties": { "Bina_ID": "Bina_49", "Net_Yukseklik": 4.52, "Gunes_Paneli_Sayisi": 17, "Yillik_Uretim_kWh": 8925.0 }, "geometry": { "type": "Polygon", "coordinates": [ [ [ 34.362842226816298, 38.274303374352897 ], [ 34.362830793490829, 38.274303507173741 ], [ 34.362819191730736, 38.274294629621089 ], [ 34.362790524204584, 38.274290456479171 ], [ 34.36279035577369, 38.27428144610667 ], [ 34.362807168891166, 38.274263226136107 ], [ 34.362807000458375, 38.274254215763641 ], [ 34.362789682050852, 38.274245404616543 ], [ 34.362794977631211, 38.27422281227696 ], [ 34.36281792847408, 38.274227051827872 ], [ 34.36282969865848, 38.274244939753359 ], [ 34.362852565290993, 38.274244674111131 ], [ 34.362875768805665, 38.27426242920891 ], [ 34.362870473247945, 38.274285021551577 ], [ 34.362853407483563, 38.274289725972586 ], [ 34.362842226816298, 38.274303374352897 ] ] ] } },
{ "type": "Feature", "properties": { "Bina_ID": "Bina_50", "Net_Yukseklik": 3.0, "Gunes_Paneli_Sayisi": 13, "Yillik_Uretim_kWh": 6825.0 }, "geometry": { "type": "Polygon", "coordinates": [ [ [ 34.369353578051872, 38.274232057143855 ], [ 34.36933071148534, 38.274232324052932 ], [ 34.369319108964667, 38.274223447157766 ], [ 34.369313392323654, 38.274223513883754 ], [ 34.369313307705383, 38.274219008709721 ], [ 34.369307506446809, 38.274214570261378 ], [ 34.369307337211069, 38.274205559913263 ], [ 34.369301535953952, 38.274201121464593 ], [ 34.369301028249431, 38.27417409042009 ], [ 34.369341044709195, 38.274173623336999 ], [ 34.36935264722436, 38.274182500230175 ], [ 34.369369881759056, 38.274186805219749 ], [ 34.369370220245841, 38.27420482591554 ], [ 34.369364588227796, 38.274209397817948 ], [ 34.369353578051872, 38.274232057143855 ] ] ] } },
{ "type": "Feature", "properties": { "Bina_ID": "Bina_51", "Net_Yukseklik": 3.0, "Gunes_Paneli_Sayisi": 11, "Yillik_Uretim_kWh": 5775.0 }, "geometry": { "type": "Polygon", "coordinates": [ [ [ 34.369056312663403, 38.27423552661444 ], [ 34.369055889651491, 38.274213000741845 ], [ 34.369061521689609, 38.274208428853882 ], [ 34.36905563584456, 38.274199485218247 ], [ 34.369055382037807, 38.274185969694621 ], [ 34.369077994781613, 38.274172187315919 ], [ 34.369077740970965, 38.274158671792364 ], [ 34.36908328839975, 38.274149594728904 ], [ 34.36909472167126, 38.274149461299281 ], [ 34.369100522911886, 38.274153899758524 ], [ 34.369100861331702, 38.274171920456446 ], [ 34.369095229298857, 38.274176492346221 ], [ 34.369101030541721, 38.274180930805393 ], [ 34.36910119975181, 38.274189941154319 ], [ 34.369095567717636, 38.274194513044115 ], [ 34.369095990741528, 38.274217038916404 ], [ 34.369084642063548, 38.274221677520814 ], [ 34.369079094629733, 38.274230754584337 ], [ 34.369056312663403, 38.27423552661444 ] ] ] } },
{ "type": "Feature", "properties": { "Bina_ID": "Bina_52", "Net_Yukseklik": 3.0, "Gunes_Paneli_Sayisi": 12, "Yillik_Uretim_kWh": 6300.0 }, "geometry": { "type": "Polygon", "coordinates": [ [ [ 34.366512404846688, 38.27426518648786 ], [ 34.366495001560892, 38.274251870717016 ], [ 34.366494748228284, 38.274238355179058 ], [ 34.366500380432676, 38.274233783411049 ], [ 34.366505674857137, 38.274211190925492 ], [ 34.366511391503892, 38.274211124336297 ], [ 34.366517023705157, 38.274206552567527 ], [ 34.366528456997862, 38.274206419387788 ], [ 34.366534258090709, 38.274210857976776 ], [ 34.366551492478223, 38.27421516338346 ], [ 34.366551661373485, 38.274224173741921 ], [ 34.366563263565531, 38.274233050917168 ], [ 34.366563516910794, 38.274246566454757 ], [ 34.366523838148609, 38.274265053308397 ], [ 34.366512404846688, 38.27426518648786 ] ] ] } },
{ "type": "Feature", "properties": { "Bina_ID": "Bina_53", "Net_Yukseklik": 3.0, "Gunes_Paneli_Sayisi": 30, "Yillik_Uretim_kWh": 15750.0 }, "geometry": { "type": "Polygon", "coordinates": [ [ [ 34.367775953298924, 38.274259473773483 ], [ 34.367758718833976, 38.274255168548308 ], [ 34.367775361635609, 38.274227937535088 ], [ 34.3677635902554, 38.274210050128566 ], [ 34.36774123080734, 38.274237347789622 ], [ 34.367729797515587, 38.274237481087624 ], [ 34.367706592855718, 38.274219726972078 ], [ 34.367717603546552, 38.274197067791143 ], [ 34.367705916704388, 38.274183685555471 ], [ 34.367682965619863, 38.274179446966031 ], [ 34.367672039437458, 38.274206611321077 ], [ 34.367660606150181, 38.274206744612243 ], [ 34.367682373998456, 38.274147910725972 ], [ 34.367710957193175, 38.274147577491085 ], [ 34.367797552018821, 38.274191629513957 ], [ 34.367809576980157, 38.27422303244763 ], [ 34.367792596094986, 38.27423224275794 ], [ 34.367775953298924, 38.274259473773483 ] ] ] } },
{ "type": "Feature", "properties": { "Bina_ID": "Bina_54", "Net_Yukseklik": 3.53, "Gunes_Paneli_Sayisi": 26, "Yillik_Uretim_kWh": 13650.0 }, "geometry": { "type": "Polygon", "coordinates": [ [ [ 34.366352507482866, 38.274276061242531 ], [ 34.366341074178401, 38.274276194405324 ], [ 34.366335526395062, 38.274285271345491 ], [ 34.366312659783013, 38.274285537666728 ], [ 34.366289455444189, 38.274267783264776 ], [ 34.366278022140719, 38.274267916421408 ], [ 34.366266757697552, 38.274277059936381 ], [ 34.366243891087422, 38.274277326244167 ], [ 34.366209169038513, 38.274255199798262 ], [ 34.366209000185393, 38.274246189438557 ], [ 34.3661974824591, 38.274241817407393 ], [ 34.366197229181729, 38.274228301867723 ], [ 34.366219758068389, 38.274210014849899 ], [ 34.366242624657644, 38.274209748547214 ], [ 34.366248679020515, 38.274227702690062 ], [ 34.366277768848185, 38.274254400882242 ], [ 34.36630601437124, 38.274236047270023 ], [ 34.366351747564124, 38.274235514626291 ], [ 34.366346284220093, 38.274249096746537 ], [ 34.366352507482866, 38.274276061242531 ] ] ] } },
{ "type": "Feature", "properties": { "Bina_ID": "Bina_55", "Net_Yukseklik": 3.0, "Gunes_Paneli_Sayisi": 12, "Yillik_Uretim_kWh": 6300.0 }, "geometry": { "type": "Polygon", "coordinates": [ [ [ 34.360773382317241, 38.274358933111955 ], [ 34.360744798957043, 38.274359264658386 ], [ 34.360733197435714, 38.274350386894902 ], [ 34.360732945170191, 38.274336871324728 ], [ 34.360727144411705, 38.274332432442506 ], [ 34.360721007303127, 38.274309972799564 ], [ 34.360674685362888, 38.274278966918089 ], [ 34.360674433108855, 38.274265451347418 ], [ 34.360691583103467, 38.274265252431086 ], [ 34.360703184605981, 38.274274130199153 ], [ 34.360714617936964, 38.274273997585723 ], [ 34.36072058686505, 38.274287446848973 ], [ 34.360761360341307, 38.274327529401326 ], [ 34.360773382317241, 38.274358933111955 ] ] ] } },
{ "type": "Feature", "properties": { "Bina_ID": "Bina_56", "Net_Yukseklik": 3.56, "Gunes_Paneli_Sayisi": 14, "Yillik_Uretim_kWh": 7350.0 }, "geometry": { "type": "Polygon", "coordinates": [ [ [ 34.367044644653795, 38.274290528712598 ], [ 34.36703329582798, 38.274295167121146 ], [ 34.366947630516904, 38.274300671491375 ], [ 34.366957205419773, 38.274201424343573 ], [ 34.366968638709572, 38.27420129112096 ], [ 34.366969145549952, 38.274228322191682 ], [ 34.366981085689218, 38.274255220038292 ], [ 34.366975622461979, 38.274268802185652 ], [ 34.36698722471165, 38.274277679317784 ], [ 34.367032957917644, 38.274277146408025 ], [ 34.36704447569722, 38.274281518356084 ], [ 34.367044644653795, 38.274290528712598 ] ] ] } },
{ "type": "Feature", "properties": { "Bina_ID": "Bina_57", "Net_Yukseklik": 6.31, "Gunes_Paneli_Sayisi": 93, "Yillik_Uretim_kWh": 48825.0 }, "geometry": { "type": "Polygon", "coordinates": [ [ [ 34.363792709562723, 38.274373439659279 ], [ 34.363750838851509, 38.274274790795076 ], [ 34.363756134134519, 38.274252198417742 ], [ 34.363796235007257, 38.274256238409279 ], [ 34.363778242273433, 38.274211385935011 ], [ 34.363794296629692, 38.274152619167502 ], [ 34.363788074321093, 38.274125654517285 ], [ 34.363805139982965, 38.274120949962018 ], [ 34.363886268702046, 38.274178586927789 ], [ 34.363915947655386, 38.274236822011979 ], [ 34.363876099635085, 38.274246297614027 ], [ 34.363871647212214, 38.274313941838237 ], [ 34.363843316748287, 38.274327789691817 ], [ 34.363815576226372, 38.274373173828621 ], [ 34.363792709562723, 38.274373439659279 ] ] ] } },
{ "type": "Feature", "properties": { "Bina_ID": "Bina_58", "Net_Yukseklik": 3.0, "Gunes_Paneli_Sayisi": 11, "Yillik_Uretim_kWh": 5775.0 }, "geometry": { "type": "Polygon", "coordinates": [ [ [ 34.36670786891618, 38.274321489611069 ], [ 34.366707700001029, 38.274312479253325 ], [ 34.366730566617761, 38.274312212854952 ], [ 34.366753264313459, 38.27430293609455 ], [ 34.366770414273468, 38.27430273628957 ], [ 34.366776299850308, 38.274311680044846 ], [ 34.366787733158262, 38.274311546839535 ], [ 34.366793618737951, 38.274320490593873 ], [ 34.366793872126699, 38.274334006129955 ], [ 34.366782692202058, 38.274347654872059 ], [ 34.366765542231576, 38.274347854679029 ], [ 34.366759741113832, 38.274343416102063 ], [ 34.366748392260924, 38.274348054483504 ], [ 34.366736958947065, 38.274348187685085 ], [ 34.366731157830991, 38.27434374910667 ], [ 34.366730988912835, 38.27433473874904 ], [ 34.36672518779821, 38.274330300170298 ], [ 34.366713754487023, 38.274330433369563 ], [ 34.36670786891618, 38.274321489611069 ] ] ] } },
{ "type": "Feature", "properties": { "Bina_ID": "Bina_59", "Net_Yukseklik": 4.08, "Gunes_Paneli_Sayisi": 15, "Yillik_Uretim_kWh": 7875.0 }, "geometry": { "type": "Polygon", "coordinates": [ [ [ 34.369069607222102, 38.27433450702501 ], [ 34.36904093936856, 38.27433033541778 ], [ 34.369040854766801, 38.274325830243313 ], [ 34.369029252265328, 38.274316953319229 ], [ 34.369023535616293, 38.274317020031241 ], [ 34.369011848518412, 38.274303637930828 ], [ 34.369006131870378, 38.274303704641973 ], [ 34.369005624273491, 38.274276673594585 ], [ 34.369011340919407, 38.274276606883504 ], [ 34.369022605010251, 38.274267463111443 ], [ 34.369051188235822, 38.274267129549187 ], [ 34.369051272838043, 38.274271634723675 ], [ 34.369074477834289, 38.274289388566586 ], [ 34.369080363689214, 38.274298332200971 ], [ 34.369080702105791, 38.274316352898609 ], [ 34.369069607222102, 38.27433450702501 ] ] ] } },
{ "type": "Feature", "properties": { "Bina_ID": "Bina_60", "Net_Yukseklik": 3.0, "Gunes_Paneli_Sayisi": 19, "Yillik_Uretim_kWh": 9975.0 }, "geometry": { "type": "Polygon", "coordinates": [ [ [ 34.36741160883691, 38.274344832063555 ], [ 34.367394627871803, 38.27435404231754 ], [ 34.3673717612483, 38.274354308845567 ], [ 34.367348303143864, 38.27432303912564 ], [ 34.367319719876029, 38.274323372273464 ], [ 34.367313834232348, 38.274314428546752 ], [ 34.367302400926455, 38.274314561803337 ], [ 34.367302062949385, 38.274296541092298 ], [ 34.367273141721682, 38.274278853517373 ], [ 34.367272888244592, 38.27426533798387 ], [ 34.367284321542904, 38.274265204730298 ], [ 34.367295923828671, 38.274274081831209 ], [ 34.367313073778007, 38.274273881947039 ], [ 34.367324253590908, 38.274260233156305 ], [ 34.367364439126973, 38.274268777101838 ], [ 34.367370409271338, 38.27428222600367 ], [ 34.367358975970767, 38.274282359265683 ], [ 34.367347711664152, 38.274291502881944 ], [ 34.367359651952995, 38.274318400686923 ], [ 34.367388573217028, 38.274336088239707 ], [ 34.367411439834662, 38.274335821708505 ], [ 34.36741160883691, 38.274344832063555 ] ] ] } },
{ "type": "Feature", "properties": { "Bina_ID": "Bina_61", "Net_Yukseklik": 12.06, "Gunes_Paneli_Sayisi": 48, "Yillik_Uretim_kWh": 25200.0 }, "geometry": { "type": "Polygon", "coordinates": [ [ [ 34.368412446001003, 38.274355692837183 ], [ 34.368383609049417, 38.27434251071741 ], [ 34.368360065961333, 38.274306736032109 ], [ 34.368359727722968, 38.274288715329014 ], [ 34.368371161019759, 38.274288581969479 ], [ 34.368382340633651, 38.2742749330816 ], [ 34.368370738218694, 38.274266056090639 ], [ 34.368370399978183, 38.274248035387501 ], [ 34.368381748707755, 38.274243396851283 ], [ 34.368381579586234, 38.274234386499728 ], [ 34.368432860254579, 38.274224776012808 ], [ 34.368456318784823, 38.274256045508196 ], [ 34.368450855834489, 38.274269627719086 ], [ 34.368479861902436, 38.274291820173907 ], [ 34.368480538438924, 38.274327861578186 ], [ 34.368469443402375, 38.274346015650643 ], [ 34.368452462575299, 38.274355226055278 ], [ 34.368412446001003, 38.274355692837183 ] ] ] } },
{ "type": "Feature", "properties": { "Bina_ID": "Bina_62", "Net_Yukseklik": 13.72, "Gunes_Paneli_Sayisi": 28, "Yillik_Uretim_kWh": 14700.0 }, "geometry": { "type": "Polygon", "coordinates": [ [ [ 34.369241529793712, 38.274355031345856 ], [ 34.369212946535953, 38.274355364955113 ], [ 34.369207060660152, 38.274346421327856 ], [ 34.369212438861467, 38.274328333910326 ], [ 34.369200751727597, 38.274314951829446 ], [ 34.369206129928401, 38.274296864412108 ], [ 34.369199821001189, 38.274265394913293 ], [ 34.369210662006104, 38.274233725252522 ], [ 34.369181909575182, 38.274225048504817 ], [ 34.369181655744782, 38.274211532981958 ], [ 34.369198636443606, 38.274202322473926 ], [ 34.369198382610321, 38.274188806951102 ], [ 34.369232767054619, 38.274192911799091 ], [ 34.36922730425443, 38.274206494043476 ], [ 34.369244623401997, 38.274215304225663 ], [ 34.369234374708903, 38.27427851010841 ], [ 34.369245977228481, 38.27428738701191 ], [ 34.369252201562958, 38.274314351333636 ], [ 34.369241529793712, 38.274355031345856 ] ] ] } },
{ "type": "Feature", "properties": { "Bina_ID": "Bina_63", "Net_Yukseklik": 7.07, "Gunes_Paneli_Sayisi": 64, "Yillik_Uretim_kWh": 33600.0 }, "geometry": { "type": "Polygon", "coordinates": [ [ [ 34.368189834695826, 38.274376313933672 ], [ 34.368155450214182, 38.274372208780598 ], [ 34.368109125159947, 38.274341205895574 ], [ 34.368119713017748, 38.274296020798225 ], [ 34.36810785699862, 38.274273628251997 ], [ 34.368113150925183, 38.274251035703337 ], [ 34.368101464002642, 38.274237653508727 ], [ 34.368106842472628, 38.274219566136551 ], [ 34.368140804150656, 38.274201145424129 ], [ 34.368169641003433, 38.274214327605769 ], [ 34.368169979193922, 38.274232348310512 ], [ 34.368222866360121, 38.274308336260695 ], [ 34.368251618717153, 38.274317013244882 ], [ 34.368252210588338, 38.274348549476528 ], [ 34.368206646461424, 38.274358093214374 ], [ 34.368189834695826, 38.274376313933672 ] ] ] } },
{ "type": "Feature", "properties": { "Bina_ID": "Bina_64", "Net_Yukseklik": 8.15, "Gunes_Paneli_Sayisi": 20, "Yillik_Uretim_kWh": 10500.0 }, "geometry": { "type": "Polygon", "coordinates": [ [ [ 34.367160836366573, 38.274388310264484 ], [ 34.367126451928073, 38.274384204808804 ], [ 34.367097530706246, 38.274366517190678 ], [ 34.367091898530177, 38.274371088986754 ], [ 34.367040364130041, 38.274367183357846 ], [ 34.366971933184224, 38.274376993078342 ], [ 34.366971764236105, 38.274367982721685 ], [ 34.367034056127324, 38.274335713725449 ], [ 34.367085506023919, 38.274335114179436 ], [ 34.367114342747435, 38.274348296622811 ], [ 34.367126029510082, 38.274361678918616 ], [ 34.367137462824196, 38.274361545679085 ], [ 34.367160582909307, 38.274374794730591 ], [ 34.367160836366573, 38.274388310264484 ] ] ] } },
{ "type": "Feature", "properties": { "Bina_ID": "Bina_65", "Net_Yukseklik": 4.28, "Gunes_Paneli_Sayisi": 54, "Yillik_Uretim_kWh": 28350.0 }, "geometry": { "type": "Polygon", "coordinates": [ [ [ 34.364863159610657, 38.274437595410994 ], [ 34.364873243435085, 38.274365379475761 ], [ 34.364855587387218, 38.274338547909792 ], [ 34.364889634315084, 38.274324633304943 ], [ 34.364946716560446, 38.274319463004069 ], [ 34.36497496245304, 38.27430110970581 ], [ 34.365026412369431, 38.274300511063132 ], [ 34.365049532063694, 38.274313760538462 ], [ 34.365050206905174, 38.274349801994241 ], [ 34.364924946441739, 38.274378296423357 ], [ 34.364903176289197, 38.274437129838709 ], [ 34.364863159610657, 38.274437595410994 ] ] ] } },
{ "type": "Feature", "properties": { "Bina_ID": "Bina_66", "Net_Yukseklik": 7.41, "Gunes_Paneli_Sayisi": 49, "Yillik_Uretim_kWh": 25725.0 }, "geometry": { "type": "Polygon", "coordinates": [ [ [ 34.364005827716618, 38.274456579049307 ], [ 34.363988171961005, 38.274429747347611 ], [ 34.36401036431068, 38.27439344000765 ], [ 34.363958240003782, 38.274357996734139 ], [ 34.363958071428179, 38.274348986366121 ], [ 34.363980769504231, 38.27433971013545 ], [ 34.363935036200779, 38.274340241856294 ], [ 34.363928813822234, 38.274313277215668 ], [ 34.363911410985089, 38.274299961052975 ], [ 34.363911073846239, 38.274281940316413 ], [ 34.363927886678852, 38.274263720190447 ], [ 34.363956554251175, 38.274267893053391 ], [ 34.363979758035718, 38.274285647927506 ], [ 34.363980263769641, 38.274312679031546 ], [ 34.363997750912326, 38.274330500367647 ], [ 34.364031966592265, 38.274325596376556 ], [ 34.364049369457156, 38.274338912520776 ], [ 34.364061730018584, 38.274388336602939 ], [ 34.364028020065156, 38.274420271706184 ], [ 34.364045675832855, 38.274447103401684 ], [ 34.364005827716618, 38.274456579049307 ] ] ] } },
{ "type": "Feature", "properties": { "Bina_ID": "Bina_67", "Net_Yukseklik": 3.0, "Gunes_Paneli_Sayisi": 21, "Yillik_Uretim_kWh": 11025.0 }, "geometry": { "type": "Polygon", "coordinates": [ [ [ 34.366206829451784, 38.274435473564395 ], [ 34.36618362508927, 38.274417719142356 ], [ 34.366183371812873, 38.274404203603012 ], [ 34.366245410808752, 38.274358419479427 ], [ 34.366279457468295, 38.274344504475998 ], [ 34.366296269712613, 38.274326284021583 ], [ 34.366307703025143, 38.274326150863004 ], [ 34.366313504114622, 38.274330589462892 ], [ 34.366314095147871, 38.274362125719982 ], [ 34.36630846292185, 38.274366697479358 ], [ 34.366285511852375, 38.274362458616167 ], [ 34.366246170671708, 38.274398966096626 ], [ 34.366223979446872, 38.274435273838698 ], [ 34.366206829451784, 38.274435473564395 ] ] ] } },
{ "type": "Feature", "properties": { "Bina_ID": "Bina_68", "Net_Yukseklik": 14.26, "Gunes_Paneli_Sayisi": 276, "Yillik_Uretim_kWh": 144900.0 }, "geometry": { "type": "Polygon", "coordinates": [ [ [ 34.370431524462894, 38.274390703923082 ], [ 34.370396293011723, 38.27434154771084 ], [ 34.370304149207804, 38.274306574759123 ], [ 34.370337348215834, 38.274247606871825 ], [ 34.370279927776117, 38.274234759099109 ], [ 34.370353566628857, 38.274197849650449 ], [ 34.370371478690828, 38.274238195868094 ], [ 34.370428560399077, 38.274233022907971 ], [ 34.370535059196605, 38.274119124739755 ], [ 34.370597857427207, 38.27411388491376 ], [ 34.370616362491432, 38.274185767293829 ], [ 34.370662264973397, 38.274194243313701 ], [ 34.370697411823464, 38.274238894273807 ], [ 34.370748776865931, 38.274233787951431 ], [ 34.370743653174486, 38.274265390946326 ], [ 34.370715069969833, 38.274265724920845 ], [ 34.370739969493108, 38.274373581852316 ], [ 34.370717187600938, 38.27437835420367 ], [ 34.370659089381661, 38.274329465249181 ], [ 34.370550642492304, 38.274339744582065 ], [ 34.370527437128963, 38.274321991038413 ], [ 34.370431524462894, 38.274390703923082 ] ] ] } },
{ "type": "Feature", "properties": { "Bina_ID": "Bina_69", "Net_Yukseklik": 3.0, "Gunes_Paneli_Sayisi": 13, "Yillik_Uretim_kWh": 6825.0 }, "geometry": { "type": "Polygon", "coordinates": [ [ [ 34.361176241024566, 38.274498456784464 ], [ 34.361175988675583, 38.274484941217118 ], [ 34.361181537123223, 38.274475864508979 ], [ 34.361198687163707, 38.274475665517613 ], [ 34.361215668966601, 38.274466456145618 ], [ 34.361232819004627, 38.274466257149307 ], [ 34.361238619804055, 38.274470696005665 ], [ 34.361261486522508, 38.274470430672196 ], [ 34.361267371445891, 38.274479374716037 ], [ 34.36126762381177, 38.274492890282893 ], [ 34.361262075373737, 38.274501966994912 ], [ 34.361250726130585, 38.274506604851318 ], [ 34.361187842622641, 38.274507334502452 ], [ 34.361176241024566, 38.274498456784464 ] ] ] } },
{ "type": "Feature", "properties": { "Bina_ID": "Bina_70", "Net_Yukseklik": 10.08, "Gunes_Paneli_Sayisi": 135, "Yillik_Uretim_kWh": 70875.0 }, "geometry": { "type": "Polygon", "coordinates": [ [ [ 34.363017432796383, 38.274499610079175 ], [ 34.362971362465274, 38.274482120683402 ], [ 34.362878632318619, 38.274415605534408 ], [ 34.36288905499886, 38.274361410476786 ], [ 34.362928903220052, 38.274351935206667 ], [ 34.362927808306999, 38.274293367789177 ], [ 34.362949916926198, 38.274252555453927 ], [ 34.362989596624544, 38.274234069792399 ], [ 34.36302414925504, 38.274247186838267 ], [ 34.363076525738769, 38.274296146094656 ], [ 34.363071482940185, 38.274332254002204 ], [ 34.363043405005236, 38.274359617222636 ], [ 34.363009189234191, 38.274364520926881 ], [ 34.363009441921882, 38.27437803648418 ], [ 34.363032392825104, 38.274382275991876 ], [ 34.363033066671214, 38.274418317477526 ], [ 34.363062492354331, 38.274463037229431 ], [ 34.363057281074589, 38.274490134764548 ], [ 34.363017432796383, 38.274499610079175 ] ] ] } },
{ "type": "Feature", "properties": { "Bina_ID": "Bina_71", "Net_Yukseklik": 3.0, "Gunes_Paneli_Sayisi": 17, "Yillik_Uretim_kWh": 8925.0 }, "geometry": { "type": "Polygon", "coordinates": [ [ [ 34.369180169615454, 38.274436858411789 ], [ 34.369168397859482, 38.274418971153992 ], [ 34.369168144029835, 38.274405455631502 ], [ 34.369185040163991, 38.274391739950694 ], [ 34.369184955553138, 38.274387234776533 ], [ 34.369196219638376, 38.274378090988058 ], [ 34.369247669518387, 38.274377490493407 ], [ 34.369253470786674, 38.274381928944422 ], [ 34.369253893862187, 38.274404454814487 ], [ 34.369248261821639, 38.274409026711595 ], [ 34.369248515666172, 38.274422542233609 ], [ 34.369237082352576, 38.274422675679027 ], [ 34.369220186221447, 38.274436391367225 ], [ 34.369180169615454, 38.274436858411789 ] ] ] } },
{ "type": "Feature", "properties": { "Bina_ID": "Bina_72", "Net_Yukseklik": 7.19, "Gunes_Paneli_Sayisi": 60, "Yillik_Uretim_kWh": 31500.0 }, "geometry": { "type": "Polygon", "coordinates": [ [ [ 34.362760350709969, 38.274511609047849 ], [ 34.362673926848068, 38.274476563631254 ], [ 34.3626389531345, 38.274440920551548 ], [ 34.362638532101947, 38.274418394619431 ], [ 34.362626930345989, 38.27440951704785 ], [ 34.362626593523267, 38.274391496301988 ], [ 34.362699731292082, 38.27432756046526 ], [ 34.362722429529015, 38.274318284475193 ], [ 34.362745464611102, 38.274327029226043 ], [ 34.362746390952971, 38.274376586275132 ], [ 34.362712343573257, 38.274390500265881 ], [ 34.362706963745879, 38.2744085874155 ], [ 34.362765393672809, 38.274475501151635 ], [ 34.362760350709969, 38.274511609047849 ] ] ] } },
{ "type": "Feature", "properties": { "Bina_ID": "Bina_73", "Net_Yukseklik": 5.03, "Gunes_Paneli_Sayisi": 35, "Yillik_Uretim_kWh": 18375.0 }, "geometry": { "type": "Polygon", "coordinates": [ [ [ 34.370288946886966, 38.274410394038746 ], [ 34.370260702329603, 38.274428748591951 ], [ 34.37022077042019, 38.274433721163476 ], [ 34.370220262370673, 38.274406690130427 ], [ 34.370190917047246, 38.274366477428217 ], [ 34.370150900495865, 38.274366944803127 ], [ 34.370138535829177, 38.274317521440068 ], [ 34.370189816300758, 38.274307910188398 ], [ 34.370190663028545, 38.274352961911397 ], [ 34.370218907575264, 38.274334607375046 ], [ 34.370241774165365, 38.27433434029227 ], [ 34.370247829518306, 38.274352294209599 ], [ 34.370288692849698, 38.274396878522573 ], [ 34.370288946886966, 38.274410394038746 ] ] ] } },
{ "type": "Feature", "properties": { "Bina_ID": "Bina_74", "Net_Yukseklik": 7.79, "Gunes_Paneli_Sayisi": 28, "Yillik_Uretim_kWh": 14700.0 }, "geometry": { "type": "Polygon", "coordinates": [ [ [ 34.36989483638078, 38.274433021449617 ], [ 34.369860621096841, 38.274437927144398 ], [ 34.3698373312142, 38.274415668289045 ], [ 34.369820181249622, 38.274415868542789 ], [ 34.369814379944913, 38.27441143012053 ], [ 34.369814041345855, 38.274393409428733 ], [ 34.36979638349468, 38.274366578640951 ], [ 34.369796129549108, 38.2743530631219 ], [ 34.369807308901599, 38.274339414103196 ], [ 34.369824458848292, 38.274339213851668 ], [ 34.369836061447849, 38.27434809069517 ], [ 34.36988204860495, 38.274361072192811 ], [ 34.369905931070832, 38.274414867249021 ], [ 34.369906100381804, 38.274423877594565 ], [ 34.36989483638078, 38.274433021449617 ] ] ] } },
{ "type": "Feature", "properties": { "Bina_ID": "Bina_75", "Net_Yukseklik": 3.99, "Gunes_Paneli_Sayisi": 26, "Yillik_Uretim_kWh": 13650.0 }, "geometry": { "type": "Polygon", "coordinates": [ [ [ 34.363194818277776, 38.274506561310979 ], [ 34.363188427674586, 38.27447058625625 ], [ 34.363171024930971, 38.274457269982221 ], [ 34.363170772212612, 38.274443754426009 ], [ 34.363182205558459, 38.274443621571635 ], [ 34.363222643481571, 38.274465682499098 ], [ 34.363228275913059, 38.274461110884204 ], [ 34.363256859283652, 38.274460778732049 ], [ 34.363285105667686, 38.274442425832163 ], [ 34.363302255685305, 38.274442226533488 ], [ 34.363308140853633, 38.27445117047035 ], [ 34.363302676923254, 38.274464752459281 ], [ 34.363308477845521, 38.274469191210919 ], [ 34.363308899085794, 38.274491717136542 ], [ 34.363303266657169, 38.274496288755238 ], [ 34.363268966596358, 38.274496687350862 ], [ 34.363229286830759, 38.274515173107446 ], [ 34.363194818277776, 38.274506561310979 ] ] ] } },
{ "type": "Feature", "properties": { "Bina_ID": "Bina_76", "Net_Yukseklik": 3.0, "Gunes_Paneli_Sayisi": 21, "Yillik_Uretim_kWh": 11025.0 }, "geometry": { "type": "Polygon", "coordinates": [ [ [ 34.370935606346123, 38.274438888204223 ], [ 34.370924173038041, 38.274439021814075 ], [ 34.370918286947798, 38.2744300782769 ], [ 34.370883648163584, 38.274412458414304 ], [ 34.37088313986871, 38.274385427388665 ], [ 34.370865735774743, 38.27437211228218 ], [ 34.370865396916329, 38.274354091598177 ], [ 34.370859595554577, 38.274349653228676 ], [ 34.370870351130385, 38.274313478257277 ], [ 34.370887501063343, 38.274313277850496 ], [ 34.370893810721199, 38.274344747244477 ], [ 34.370916931461224, 38.27435799554285 ], [ 34.370923156417959, 38.274384959763843 ], [ 34.370946361895818, 38.274402713226834 ], [ 34.370935606346123, 38.274438888204223 ] ] ] } },
{ "type": "Feature", "properties": { "Bina_ID": "Bina_77", "Net_Yukseklik": 16.21, "Gunes_Paneli_Sayisi": 22, "Yillik_Uretim_kWh": 11550.0 }, "geometry": { "type": "Polygon", "coordinates": [ [ [ 34.36657413162235, 38.27450780024914 ], [ 34.366567992705015, 38.274485340946853 ], [ 34.36658488935781, 38.274471625631243 ], [ 34.366584720456949, 38.274462615273272 ], [ 34.366595984887283, 38.274453471728258 ], [ 34.366607418218322, 38.274453338540106 ], [ 34.366624145950759, 38.274430612861138 ], [ 34.366652560359931, 38.27442126952419 ], [ 34.366674920276303, 38.274393972062775 ], [ 34.366714852442406, 38.274389000694249 ], [ 34.366726792516729, 38.274415898567291 ], [ 34.366647350422134, 38.274448367193898 ], [ 34.366591197180874, 38.274503095290498 ], [ 34.36657413162235, 38.27450780024914 ] ] ] } },
{ "type": "Feature", "properties": { "Bina_ID": "Bina_78", "Net_Yukseklik": 6.21, "Gunes_Paneli_Sayisi": 53, "Yillik_Uretim_kWh": 27825.0 }, "geometry": { "type": "Polygon", "coordinates": [ [ [ 34.366368838118909, 38.274537228486118 ], [ 34.366339410401032, 38.274492509602858 ], [ 34.366384552687407, 38.274460440687633 ], [ 34.366349830508156, 38.274438314286492 ], [ 34.366343776101466, 38.274420360150273 ], [ 34.366332511643755, 38.274429503671634 ], [ 34.366332933817638, 38.274452029569005 ], [ 34.366309982719862, 38.274447790711214 ], [ 34.366304012755037, 38.274434341752333 ], [ 34.366331836166523, 38.274393462235629 ], [ 34.366377316145524, 38.274379414041675 ], [ 34.36642901940872, 38.274392330321064 ], [ 34.366458531581138, 38.274441554361552 ], [ 34.366413558219378, 38.274482633663112 ], [ 34.3664140648591, 38.274509664738808 ], [ 34.36638598813677, 38.274537028736304 ], [ 34.366368838118909, 38.274537228486118 ] ] ] } },
{ "type": "Feature", "properties": { "Bina_ID": "Bina_79", "Net_Yukseklik": 3.0, "Gunes_Paneli_Sayisi": 53, "Yillik_Uretim_kWh": 27825.0 }, "geometry": { "type": "Polygon", "coordinates": [ [ [ 34.367072073192766, 38.274533541866766 ], [ 34.367037773168342, 38.274533941564428 ], [ 34.36702583295957, 38.274507043726096 ], [ 34.367002881808176, 38.274502805004985 ], [ 34.366996911711766, 38.274489356083983 ], [ 34.366928227229934, 38.274485650246255 ], [ 34.366916287069699, 38.274458752395624 ], [ 34.366893167000455, 38.274445503295809 ], [ 34.366892744653597, 38.274422977403667 ], [ 34.36696680784209, 38.274408595938461 ], [ 34.367023974452522, 38.274407929806543 ], [ 34.36705382494641, 38.274475174401935 ], [ 34.367071228386337, 38.274488490086441 ], [ 34.367072073192766, 38.274533541866766 ] ] ] } },
{ "type": "Feature", "properties": { "Bina_ID": "Bina_80", "Net_Yukseklik": 8.63, "Gunes_Paneli_Sayisi": 124, "Yillik_Uretim_kWh": 65100.0 }, "geometry": { "type": "Polygon", "coordinates": [ [ [ 34.365762955112075, 38.27454878988511 ], [ 34.365734287338718, 38.274544617467875 ], [ 34.36574487670088, 38.274499432558223 ], [ 34.365715786963904, 38.274472734233143 ], [ 34.365641217086946, 38.274460083829617 ], [ 34.365601622356557, 38.274483075557988 ], [ 34.365606663906696, 38.274446967565872 ], [ 34.365537726354006, 38.274429745369019 ], [ 34.365514269000016, 38.274398475268384 ], [ 34.365513678311913, 38.274366939000949 ], [ 34.365541839690046, 38.274344080387614 ], [ 34.365627336407442, 38.274329566679427 ], [ 34.365662227107215, 38.274360703661529 ], [ 34.365714014636197, 38.27437812543949 ], [ 34.365783964987628, 38.274449409699301 ], [ 34.36581818058724, 38.274444505188448 ], [ 34.365824319270907, 38.274466964534533 ], [ 34.365796073535336, 38.27448531803401 ], [ 34.365802212216046, 38.274507777381153 ], [ 34.365768165385894, 38.274521692248825 ], [ 34.365762955112075, 38.27454878988511 ] ] ] } },
{ "type": "Feature", "properties": { "Bina_ID": "Bina_81", "Net_Yukseklik": 3.95, "Gunes_Paneli_Sayisi": 19, "Yillik_Uretim_kWh": 9975.0 }, "geometry": { "type": "Polygon", "coordinates": [ [ [ 34.365374389920284, 38.274562325231798 ], [ 34.36536858886771, 38.274557886584915 ], [ 34.365362450315246, 38.27453542721284 ], [ 34.365344878420402, 38.274513100906688 ], [ 34.365344625298604, 38.27449958536284 ], [ 34.365355974268248, 38.274494947115222 ], [ 34.365430290999399, 38.274494082156892 ], [ 34.365430459757803, 38.274503092519154 ], [ 34.365436260809581, 38.274507531163032 ], [ 34.365436851467173, 38.274539067430716 ], [ 34.365431219171526, 38.27454363914913 ], [ 34.365414069145274, 38.274543838759421 ], [ 34.365385823274224, 38.274562192162364 ], [ 34.365374389920284, 38.274562325231798 ] ] ] } },
{ "type": "Feature", "properties": { "Bina_ID": "Bina_82", "Net_Yukseklik": 5.12, "Gunes_Paneli_Sayisi": 17, "Yillik_Uretim_kWh": 8925.0 }, "geometry": { "type": "Polygon", "coordinates": [ [ [ 34.365523276671027, 38.274574110784904 ], [ 34.365511843315879, 38.274574243867768 ], [ 34.365494524516237, 38.274565433128082 ], [ 34.365476868191827, 38.274538601661732 ], [ 34.365476699427468, 38.274529591299704 ], [ 34.365487879627295, 38.274515942677382 ], [ 34.365482078571759, 38.274511504036127 ], [ 34.365481656659831, 38.274488978130975 ], [ 34.365487204565454, 38.274479901229221 ], [ 34.365504354576146, 38.274479701608513 ], [ 34.365539498456265, 38.274524354168804 ], [ 34.36553966722834, 38.274533364530591 ], [ 34.365528318265014, 38.274538002795857 ], [ 34.365534541254398, 38.274564967339167 ], [ 34.365523276671027, 38.274574110784904 ] ] ] } },
{ "type": "Feature", "properties": { "Bina_ID": "Bina_83", "Net_Yukseklik": 10.64, "Gunes_Paneli_Sayisi": 119, "Yillik_Uretim_kWh": 62475.0 }, "geometry": { "type": "Polygon", "coordinates": [ [ [ 34.367929573582678, 38.274523546167686 ], [ 34.367934275843382, 38.274469417391629 ], [ 34.367979501932048, 38.274441853052316 ], [ 34.368031036422927, 38.274445758266623 ], [ 34.368077530598072, 38.274485771533655 ], [ 34.368190849289057, 38.274430376045785 ], [ 34.368282231290195, 38.274424804090835 ], [ 34.368317038589581, 38.274451435084814 ], [ 34.368300818726674, 38.274501192049733 ], [ 34.368209267529984, 38.274497753669074 ], [ 34.368153030899549, 38.274547977315677 ], [ 34.36811292966938, 38.274543938821409 ], [ 34.368066519979251, 38.274508430746017 ], [ 34.367987078409257, 38.274540900270189 ], [ 34.367947061725282, 38.274541366895285 ], [ 34.367929573582678, 38.274523546167686 ] ] ] } },
{ "type": "Feature", "properties": { "Bina_ID": "Bina_84", "Net_Yukseklik": 7.91, "Gunes_Paneli_Sayisi": 28, "Yillik_Uretim_kWh": 14700.0 }, "geometry": { "type": "Polygon", "coordinates": [ [ [ 34.369925366767689, 38.274536306645338 ], [ 34.369924943482737, 38.274513780782101 ], [ 34.369941924153629, 38.274504570167366 ], [ 34.369947386840309, 38.274490987892449 ], [ 34.369958650843323, 38.274481844032394 ], [ 34.369970084162745, 38.274481710516476 ], [ 34.370003706827148, 38.274445268581722 ], [ 34.370038006767331, 38.274444868017831 ], [ 34.370038430086169, 38.274467393880279 ], [ 34.370015732777233, 38.274476671269227 ], [ 34.370033052081745, 38.274485481331602 ], [ 34.37003322140886, 38.274494491676549 ], [ 34.37004482405851, 38.27450336849823 ], [ 34.37004507805154, 38.274516884015533 ], [ 34.370005400062951, 38.274535372032226 ], [ 34.369965383415789, 38.274535839345603 ], [ 34.369953780770281, 38.27452696251602 ], [ 34.369925366767689, 38.274536306645338 ] ] ] } },
{ "type": "Feature", "properties": { "Bina_ID": "Bina_85", "Net_Yukseklik": 11.05, "Gunes_Paneli_Sayisi": 111, "Yillik_Uretim_kWh": 58275.0 }, "geometry": { "type": "Polygon", "coordinates": [ [ [ 34.368912755579167, 38.274507571548099 ], [ 34.368873077296783, 38.274526059187103 ], [ 34.368838692711819, 38.274521954236477 ], [ 34.368821965659286, 38.274544680218341 ], [ 34.368782033573623, 38.274549652302987 ], [ 34.368752688972805, 38.274509439228062 ], [ 34.368661053176275, 38.274501496025657 ], [ 34.368620444491242, 38.274470426654247 ], [ 34.368642634518835, 38.274434118481224 ], [ 34.368641873322339, 38.274393571904866 ], [ 34.368687521989287, 38.27438853317377 ], [ 34.368751081870684, 38.274423840904873 ], [ 34.368763953131946, 38.274500295479882 ], [ 34.368830945903682, 38.274413896745443 ], [ 34.368882395816819, 38.274413296410508 ], [ 34.368882987962849, 38.274444832633314 ], [ 34.368923427552566, 38.274466891562959 ], [ 34.368912755579167, 38.274507571548099 ] ] ] } },
{ "type": "Feature", "properties": { "Bina_ID": "Bina_86", "Net_Yukseklik": 3.0, "Gunes_Paneli_Sayisi": 15, "Yillik_Uretim_kWh": 7875.0 }, "geometry": { "type": "Polygon", "coordinates": [ [ [ 34.371097197777253, 38.274518110617841 ], [ 34.371068868660707, 38.274531960191815 ], [ 34.371051718677613, 38.274532160626073 ], [ 34.371011108981179, 38.274501092102021 ], [ 34.371005222875169, 38.274492148569593 ], [ 34.371004883980831, 38.274474127887018 ], [ 34.371010515913554, 38.274469555907608 ], [ 34.371027665882217, 38.274469355479638 ], [ 34.371027750607169, 38.274473860650239 ], [ 34.371039353371586, 38.274482737371358 ], [ 34.37106222000029, 38.274482470127836 ], [ 34.371073822770207, 38.274491346845423 ], [ 34.371096689401284, 38.274491079595123 ], [ 34.371097197777253, 38.274518110617841 ] ] ] } },
{ "type": "Feature", "properties": { "Bina_ID": "Bina_87", "Net_Yukseklik": 3.87, "Gunes_Paneli_Sayisi": 35, "Yillik_Uretim_kWh": 18375.0 }, "geometry": { "type": "Polygon", "coordinates": [ [ [ 34.361442489561007, 38.274671107671914 ], [ 34.361396671870892, 38.274667133218728 ], [ 34.361367331239563, 38.274626918221507 ], [ 34.361365901056928, 38.274550330013888 ], [ 34.361330927934738, 38.274514686533301 ], [ 34.36133033905346, 38.274483150211573 ], [ 34.361376240753472, 38.274491629881766 ], [ 34.361387926503653, 38.274505012768252 ], [ 34.361388936058461, 38.274559075032485 ], [ 34.361442068894611, 38.27464858172948 ], [ 34.361442489561007, 38.274671107671914 ] ] ] } },
{ "type": "Feature", "properties": { "Bina_ID": "Bina_88", "Net_Yukseklik": 3.0, "Gunes_Paneli_Sayisi": 67, "Yillik_Uretim_kWh": 35175.0 }, "geometry": { "type": "Polygon", "coordinates": [ [ [ 34.366672244023093, 38.27455622509752 ], [ 34.366671906198832, 38.274538204382495 ], [ 34.366717217280225, 38.274515145699155 ], [ 34.366757233970368, 38.274514679493763 ], [ 34.36678043850074, 38.274532433798846 ], [ 34.366871651833975, 38.274517852581575 ], [ 34.366895363211675, 38.274562637933478 ], [ 34.36688418327256, 38.274576286685047 ], [ 34.366866948780839, 38.274571981329487 ], [ 34.366810119896805, 38.274590668101197 ], [ 34.366782127758825, 38.274622537369403 ], [ 34.366736478791694, 38.274627575364001 ], [ 34.366730339813387, 38.274605116071797 ], [ 34.366690069701143, 38.274592066732893 ], [ 34.366672244023093, 38.27455622509752 ] ] ] } },
{ "type": "Feature", "properties": { "Bina_ID": "Bina_89", "Net_Yukseklik": 3.82, "Gunes_Paneli_Sayisi": 26, "Yillik_Uretim_kWh": 13650.0 }, "geometry": { "type": "Polygon", "coordinates": [ [ [ 34.36152344880955, 38.274719735913528 ], [ 34.361511678861589, 38.274701847853805 ], [ 34.361511258173351, 38.274679321912132 ], [ 34.361573721113977, 38.274656066143748 ], [ 34.361613737967218, 38.274655601691073 ], [ 34.361636436449579, 38.274646325907156 ], [ 34.361665104058723, 38.274650499329518 ], [ 34.361671662226115, 38.274695484855989 ], [ 34.361643078744649, 38.274695816623691 ], [ 34.361625760366117, 38.274687005304742 ], [ 34.361625592076763, 38.274677994928496 ], [ 34.361613990398887, 38.274669117255563 ], [ 34.36159112362148, 38.274669382658892 ], [ 34.361585911780331, 38.274696480138225 ], [ 34.361552032301809, 38.274719404174796 ], [ 34.36152344880955, 38.274719735913528 ] ] ] } },
{ "type": "Feature", "properties": { "Bina_ID": "Bina_90", "Net_Yukseklik": 6.68, "Gunes_Paneli_Sayisi": 41, "Yillik_Uretim_kWh": 21525.0 }, "geometry": { "type": "Polygon", "coordinates": [ [ [ 34.365513868548383, 38.274682368208737 ], [ 34.365513277854447, 38.274650831942836 ], [ 34.365576161372864, 38.274650099971275 ], [ 34.365604491618363, 38.274636251703733 ], [ 34.365615165463851, 38.274595571985429 ], [ 34.365632062325005, 38.274581856803472 ], [ 34.365694608197785, 38.274563104047061 ], [ 34.365723275976478, 38.274567276473881 ], [ 34.365706885515522, 38.274608022751835 ], [ 34.365667290727565, 38.274631014502923 ], [ 34.365673260593091, 38.274644463495669 ], [ 34.365661996015547, 38.274653606954516 ], [ 34.365621894839371, 38.274649567607163 ], [ 34.365610967817894, 38.274676731783828 ], [ 34.365570866631266, 38.274672692419237 ], [ 34.365553969737782, 38.274686407592782 ], [ 34.365513868548383, 38.274682368208737 ] ] ] } },
{ "type": "Feature", "properties": { "Bina_ID": "Bina_91", "Net_Yukseklik": 5.96, "Gunes_Paneli_Sayisi": 33, "Yillik_Uretim_kWh": 17325.0 }, "geometry": { "type": "Polygon", "coordinates": [ [ [ 34.364404915413203, 38.274699777186356 ], [ 34.364410294836212, 38.274681689967231 ], [ 34.36439272319209, 38.274659363514182 ], [ 34.364392554560979, 38.274650353148274 ], [ 34.364403903617166, 38.274645714991308 ], [ 34.364397933983795, 38.274632265929569 ], [ 34.364431896820676, 38.274613846271109 ], [ 34.364442824276146, 38.274586682195917 ], [ 34.364494190083832, 38.274581578599999 ], [ 34.36452302645678, 38.274594761686885 ], [ 34.364529080433606, 38.274612715924697 ], [ 34.364495623553886, 38.274658166707461 ], [ 34.364467124440836, 38.274663004345641 ], [ 34.364444004736285, 38.274649754756389 ], [ 34.364426854678022, 38.274649954222852 ], [ 34.364421222309204, 38.274654525894022 ], [ 34.364427782173351, 38.274699511234495 ], [ 34.364404915413203, 38.274699777186356 ] ] ] } },
{ "type": "Feature", "properties": { "Bina_ID": "Bina_92", "Net_Yukseklik": 4.7, "Gunes_Paneli_Sayisi": 31, "Yillik_Uretim_kWh": 16275.0 }, "geometry": { "type": "Polygon", "coordinates": [ [ [ 34.362770025497269, 38.274723286384322 ], [ 34.362758507890824, 38.274718914013377 ], [ 34.362746821857641, 38.274705531269255 ], [ 34.362735388468664, 38.274705664081978 ], [ 34.362717985748361, 38.274692347740761 ], [ 34.362717564687607, 38.274669821810363 ], [ 34.362728661219961, 38.274651668255188 ], [ 34.362745558649465, 38.274637953478759 ], [ 34.362779858784201, 38.2746375550349 ], [ 34.362796840417523, 38.274628345437272 ], [ 34.362808273794087, 38.274628212618801 ], [ 34.362819875607201, 38.274637090171069 ], [ 34.362820212480663, 38.274655110914736 ], [ 34.362814580008362, 38.274659682510638 ], [ 34.362820380917512, 38.274664121286541 ], [ 34.362820970447046, 38.274695657587749 ], [ 34.362792808063453, 38.274718515565027 ], [ 34.362770025497269, 38.274723286384322 ] ] ] } },
{ "type": "Feature", "properties": { "Bina_ID": "Bina_93", "Net_Yukseklik": 6.27, "Gunes_Paneli_Sayisi": 39, "Yillik_Uretim_kWh": 20475.0 }, "geometry": { "type": "Polygon", "coordinates": [ [ [ 34.366394913493998, 38.274708158962937 ], [ 34.366348588949727, 38.27467715537427 ], [ 34.366347575713426, 38.274623093222829 ], [ 34.366364556877066, 38.274613883117183 ], [ 34.366382213543282, 38.274640714443095 ], [ 34.366450982596071, 38.274648925777349 ], [ 34.366462162628288, 38.274635277065514 ], [ 34.366427778106029, 38.274631171406625 ], [ 34.366421385899777, 38.274595196558934 ], [ 34.366489226019382, 38.274553850901171 ], [ 34.366478721558053, 38.274603541048165 ], [ 34.366467457090053, 38.274612684582415 ], [ 34.366490492693316, 38.274621428587196 ], [ 34.366490661583498, 38.274630438945273 ], [ 34.366456783720345, 38.274653364369264 ], [ 34.366412063551877, 38.274707959208563 ], [ 34.366394913493998, 38.274708158962937 ] ] ] } },
{ "type": "Feature", "properties": { "Bina_ID": "Bina_94", "Net_Yukseklik": 3.0, "Gunes_Paneli_Sayisi": 13, "Yillik_Uretim_kWh": 6825.0 }, "geometry": { "type": "Polygon", "coordinates": [ [ [ 34.367475873845947, 38.274722600605841 ], [ 34.367469988149622, 38.274713656888515 ], [ 34.367469650126296, 38.274695636179977 ], [ 34.367463848938421, 38.274691197639406 ], [ 34.367463510916885, 38.27467317693074 ], [ 34.367469227597574, 38.274673110294223 ], [ 34.367486124119324, 38.274659394851568 ], [ 34.367497472971003, 38.274654756398945 ], [ 34.367520339687538, 38.274654489844671 ], [ 34.36753194206473, 38.27466336691996 ], [ 34.367532364612686, 38.274685892805167 ], [ 34.367521015758541, 38.274690531261179 ], [ 34.367515468093842, 38.274699608254373 ], [ 34.367509751411191, 38.274699674893185 ], [ 34.367504203744424, 38.274708751885861 ], [ 34.367487307214986, 38.274722467331166 ], [ 34.367475873845947, 38.274722600605841 ] ] ] } },
{ "type": "Feature", "properties": { "Bina_ID": "Bina_95", "Net_Yukseklik": 5.23, "Gunes_Paneli_Sayisi": 424, "Yillik_Uretim_kWh": 222600.0 }, "geometry": { "type": "Polygon", "coordinates": [ [ [ 34.364702689280819, 38.274723350558645 ], [ 34.364683683866744, 38.27462443605058 ], [ 34.36471714061274, 38.274578985216401 ], [ 34.364846937378445, 38.274487351942589 ], [ 34.364989516774131, 38.274467668411816 ], [ 34.365079886853366, 38.274408036763511 ], [ 34.365103681462244, 38.274457327681532 ], [ 34.36506383348884, 38.274466803686096 ], [ 34.365064761410999, 38.274516360686135 ], [ 34.365099820685195, 38.274556508200874 ], [ 34.365133783303847, 38.274538088342936 ], [ 34.365187258129573, 38.274645613983878 ], [ 34.365113194316628, 38.27465999433597 ], [ 34.365089821423673, 38.274633229331243 ], [ 34.365039130473136, 38.274674374641812 ], [ 34.364997932725302, 38.274611767717289 ], [ 34.365004999060282, 38.274683784109996 ], [ 34.364942621595738, 38.274711546867366 ], [ 34.364955320233449, 38.274778991567047 ], [ 34.364921357457725, 38.274797411375523 ], [ 34.364702689280819, 38.274723350558645 ] ] ] } },
{ "type": "Feature", "properties": { "Bina_ID": "Bina_96", "Net_Yukseklik": 3.39, "Gunes_Paneli_Sayisi": 20, "Yillik_Uretim_kWh": 10500.0 }, "geometry": { "type": "Polygon", "coordinates": [ [ [ 34.372181716385263, 38.274721726030755 ], [ 34.372152624247825, 38.274695029349132 ], [ 34.372146483602975, 38.274672570372182 ], [ 34.372157577760419, 38.274654415969216 ], [ 34.372169011096375, 38.274654282238544 ], [ 34.372180274838833, 38.274645138170172 ], [ 34.372203141507541, 38.274644870703341 ], [ 34.372220630705662, 38.274662690773162 ], [ 34.372220800304163, 38.274671701109575 ], [ 34.372232488042542, 38.274685082877227 ], [ 34.372232657642648, 38.274694093213569 ], [ 34.372221563498385, 38.27471224762327 ], [ 34.372215846825995, 38.274712314491396 ], [ 34.372204583077973, 38.274721458563199 ], [ 34.372181716385263, 38.274721726030755 ] ] ] } },
{ "type": "Feature", "properties": { "Bina_ID": "Bina_97", "Net_Yukseklik": 3.15, "Gunes_Paneli_Sayisi": 14, "Yillik_Uretim_kWh": 7350.0 }, "geometry": { "type": "Polygon", "coordinates": [ [ [ 34.367237124943962, 38.274797481957364 ], [ 34.367236364519123, 38.274756935359704 ], [ 34.367247544417957, 38.274743286575706 ], [ 34.367264694477996, 38.274743086696553 ], [ 34.367270495658275, 38.274747525247086 ], [ 34.367299079092959, 38.274747192108151 ], [ 34.367299332579272, 38.274760707640397 ], [ 34.36729370038644, 38.274765279446207 ], [ 34.367294207357574, 38.274792310510641 ], [ 34.367288575162029, 38.274796882316238 ], [ 34.367288744151885, 38.274805892671026 ], [ 34.367254444002448, 38.274806292434413 ], [ 34.367237124943962, 38.274797481957364 ] ] ] } },
{ "type": "Feature", "properties": { "Bina_ID": "Bina_98", "Net_Yukseklik": 3.0, "Gunes_Paneli_Sayisi": 36, "Yillik_Uretim_kWh": 18900.0 }, "geometry": { "type": "Polygon", "coordinates": [ [ [ 34.368929518435898, 38.27479126412338 ], [ 34.368918085062958, 38.274791397538785 ], [ 34.368917831276313, 38.274777882015769 ], [ 34.36890042743665, 38.27476456661352 ], [ 34.368871759421651, 38.27476039496824 ], [ 34.368865873552984, 38.274751451324299 ], [ 34.368876799362639, 38.274724286867318 ], [ 34.368876376398767, 38.27470176099493 ], [ 34.368910253501802, 38.27467883488616 ], [ 34.368904113852352, 38.274656375720582 ], [ 34.368926980555948, 38.27465610889216 ], [ 34.3689501010507, 38.274669357582425 ], [ 34.368950777828779, 38.274705398977297 ], [ 34.368980038020283, 38.274741106823562 ], [ 34.368980291818119, 38.274754622346329 ], [ 34.368946076314238, 38.274759527778073 ], [ 34.368929518435898, 38.27479126412338 ] ] ] } },
{ "type": "Feature", "properties": { "Bina_ID": "Bina_99", "Net_Yukseklik": 7.57, "Gunes_Paneli_Sayisi": 15, "Yillik_Uretim_kWh": 7875.0 }, "geometry": { "type": "Polygon", "coordinates": [ [ [ 34.361503863375184, 38.274895703641668 ], [ 34.361469647236483, 38.274900606903032 ], [ 34.361469563100805, 38.274896101714781 ], [ 34.361458045540886, 38.274891729215291 ], [ 34.36145216055958, 38.27488278518269 ], [ 34.361423577002093, 38.274883116898295 ], [ 34.361417776158106, 38.274878678052204 ], [ 34.361422651542455, 38.27483355982622 ], [ 34.361434000824453, 38.274828921952675 ], [ 34.361456867653381, 38.274828656579047 ], [ 34.361462752630693, 38.274837600611576 ], [ 34.361463089171174, 38.2748556213648 ], [ 34.361474690861485, 38.274864499052164 ], [ 34.361491840991292, 38.274864300016255 ], [ 34.361503442686434, 38.27487317770067 ], [ 34.361503863375184, 38.274895703641668 ] ] ] } },
{ "type": "Feature", "properties": { "Bina_ID": "Bina_100", "Net_Yukseklik": 4.3, "Gunes_Paneli_Sayisi": 26, "Yillik_Uretim_kWh": 13650.0 }, "geometry": { "type": "Polygon", "coordinates": [ [ [ 34.371730862065064, 38.274767554123898 ], [ 34.371719683015087, 38.274781203319421 ], [ 34.371668317668934, 38.2747863100725 ], [ 34.371656714780364, 38.274777433416403 ], [ 34.371605264670031, 38.274778034972648 ], [ 34.371593746551127, 38.274773663479444 ], [ 34.371593407507923, 38.274755642802177 ], [ 34.3716103032543, 38.274741926779868 ], [ 34.371610048969089, 38.274728411271944 ], [ 34.371632915669373, 38.274728143915752 ], [ 34.371644179491781, 38.274718999897495 ], [ 34.371672762862985, 38.274718665693314 ], [ 34.371689997652112, 38.274722970336619 ], [ 34.371690336718792, 38.27474099101326 ], [ 34.37168470480924, 38.274745563024723 ], [ 34.371690506252243, 38.274750001351563 ], [ 34.371730522988038, 38.274749533447647 ], [ 34.371730862065064, 38.274767554123898 ] ] ] } },
{ "type": "Feature", "properties": { "Bina_ID": "Bina_101", "Net_Yukseklik": 8.52, "Gunes_Paneli_Sayisi": 169, "Yillik_Uretim_kWh": 88725.0 }, "geometry": { "type": "Polygon", "coordinates": [ [ [ 34.363447712999893, 38.274882140157729 ], [ 34.363377511703284, 38.274797338920493 ], [ 34.36354867564468, 38.274777324932579 ], [ 34.363553886758403, 38.274750227379954 ], [ 34.363496298494674, 38.274728365903371 ], [ 34.363484191028753, 38.27469245731222 ], [ 34.363634004770333, 38.274753802292693 ], [ 34.363690750368548, 38.274730611858452 ], [ 34.363639047312404, 38.27471769436815 ], [ 34.363654427721286, 38.274622886145622 ], [ 34.363596418199769, 38.274578498794099 ], [ 34.363606671830865, 38.274515293314657 ], [ 34.363658206197478, 38.274519200453582 ], [ 34.363699571299122, 38.274590818240789 ], [ 34.363786164324488, 38.274634873257469 ], [ 34.363787175662118, 38.274688935466543 ], [ 34.363729840204805, 38.274680589657244 ], [ 34.363663093875651, 38.274780501145024 ], [ 34.363560783157517, 38.274813233515701 ], [ 34.363589535195025, 38.274821911648658 ], [ 34.363578523120701, 38.274844570465568 ], [ 34.363509669893915, 38.274831852260398 ], [ 34.363447712999893, 38.274882140157729 ] ] ] } },
{ "type": "Feature", "properties": { "Bina_ID": "Bina_102", "Net_Yukseklik": 3.2, "Gunes_Paneli_Sayisi": 36, "Yillik_Uretim_kWh": 18900.0 }, "geometry": { "type": "Polygon", "coordinates": [ [ [ 34.370433599142864, 38.274805246494466 ], [ 34.370404931035402, 38.274801075225909 ], [ 34.370358689457731, 38.274774578426275 ], [ 34.370357757929007, 38.274725021538039 ], [ 34.370391973309282, 38.27472011569656 ], [ 34.370403152602684, 38.274706466622945 ], [ 34.37042030263143, 38.27470626628272 ], [ 34.370449140082073, 38.274719447891314 ], [ 34.370483524836928, 38.274723552366247 ], [ 34.37047276901373, 38.274759727304485 ], [ 34.370461505034818, 38.274768871213084 ], [ 34.370456127115993, 38.274786958681354 ], [ 34.370433599142864, 38.274805246494466 ] ] ] } },
{ "type": "Feature", "properties": { "Bina_ID": "Bina_103", "Net_Yukseklik": 3.55, "Gunes_Paneli_Sayisi": 13, "Yillik_Uretim_kWh": 6825.0 }, "geometry": { "type": "Polygon", "coordinates": [ [ [ 34.37217113100278, 38.274766911445276 ], [ 34.372199459991769, 38.274753061607861 ], [ 34.372210893342988, 38.274752927872811 ], [ 34.372222157094946, 38.274743783800375 ], [ 34.372239307119401, 38.274743583194123 ], [ 34.372239391920047, 38.27474808836223 ], [ 34.372250910071664, 38.274752459791394 ], [ 34.372256881152389, 38.274765908425714 ], [ 34.372274285590429, 38.274779223318369 ], [ 34.372274455196276, 38.274788233654391 ], [ 34.372211571734852, 38.274788969217987 ], [ 34.372199968781317, 38.274780092616894 ], [ 34.372194421699518, 38.274789169820387 ], [ 34.372171554985478, 38.274789437286373 ], [ 34.37217113100278, 38.274766911445276 ] ] ] } },
{ "type": "Feature", "properties": { "Bina_ID": "Bina_104", "Net_Yukseklik": 9.37, "Gunes_Paneli_Sayisi": 71, "Yillik_Uretim_kWh": 37275.0 }, "geometry": { "type": "Polygon", "coordinates": [ [ [ 34.368587193816296, 38.274831307500932 ], [ 34.36852422564931, 38.274827535914042 ], [ 34.368506821867655, 38.274814220452399 ], [ 34.368506314446584, 38.274787189401749 ], [ 34.368488910677968, 38.2747738739371 ], [ 34.3684885724021, 38.274755853236421 ], [ 34.368505637886216, 38.274751148000675 ], [ 34.368487980420049, 38.274724317010097 ], [ 34.368487557576294, 38.274701791134035 ], [ 34.368509916877755, 38.274674493335382 ], [ 34.368555650303534, 38.27467395982751 ], [ 34.368584402843261, 38.274682636726141 ], [ 34.368590796122469, 38.274718611435219 ], [ 34.368636867886352, 38.274736098594985 ], [ 34.368637544511223, 38.274772139994177 ], [ 34.368598035165832, 38.274799637893175 ], [ 34.368587193816296, 38.274831307500932 ] ] ] } },
{ "type": "Feature", "properties": { "Bina_ID": "Bina_105", "Net_Yukseklik": 3.0, "Gunes_Paneli_Sayisi": 18, "Yillik_Uretim_kWh": 9450.0 }, "geometry": { "type": "Polygon", "coordinates": [ [ [ 34.365511949186605, 38.274885167884165 ], [ 34.36550034701326, 38.274876290605448 ], [ 34.365505641789703, 38.27485369816074 ], [ 34.365534140900387, 38.274848860270282 ], [ 34.365545405523775, 38.274839716823152 ], [ 34.365545067974573, 38.274821696100531 ], [ 34.36553346580763, 38.274812818824856 ], [ 34.365533043875267, 38.274790292921352 ], [ 34.365544308489973, 38.2747811494744 ], [ 34.365561458571108, 38.274780949844022 ], [ 34.365573567069902, 38.274816858200758 ], [ 34.365591139109796, 38.274839184468817 ], [ 34.365591645451104, 38.274866215552116 ], [ 34.365574579739359, 38.274870920367867 ], [ 34.365545743073284, 38.274857737545716 ], [ 34.365534478447216, 38.274866880992903 ], [ 34.365529099292438, 38.274884968258064 ], [ 34.365511949186605, 38.274885167884165 ] ] ] } },
{ "type": "Feature", "properties": { "Bina_ID": "Bina_106", "Net_Yukseklik": 3.65, "Gunes_Paneli_Sayisi": 96, "Yillik_Uretim_kWh": 50400.0 }, "geometry": { "type": "Polygon", "coordinates": [ [ [ 34.370240502038577, 38.274875094474439 ], [ 34.37020031585881, 38.274866551527765 ], [ 34.370217042546479, 38.274843825357252 ], [ 34.370078572030557, 38.274777850194006 ], [ 34.370066122668227, 38.274723921654854 ], [ 34.370042917294853, 38.274706168016571 ], [ 34.370041816653846, 38.274647600776532 ], [ 34.370058543343433, 38.274624874627825 ], [ 34.37006553000456, 38.274692385449164 ], [ 34.370083018701493, 38.274710205847214 ], [ 34.370197098221425, 38.274695354994215 ], [ 34.37019845301279, 38.274767437745815 ], [ 34.370231991011934, 38.274726490575077 ], [ 34.37027806315507, 38.274743977082672 ], [ 34.370262606688208, 38.274834280838476 ], [ 34.370228560598129, 38.274848196986952 ], [ 34.370240502038577, 38.274875094474439 ] ] ] } },
{ "type": "Feature", "properties": { "Bina_ID": "Bina_107", "Net_Yukseklik": 5.15, "Gunes_Paneli_Sayisi": 13, "Yillik_Uretim_kWh": 6825.0 }, "geometry": { "type": "Polygon", "coordinates": [ [ [ 34.368725324802753, 38.274879263749185 ], [ 34.368719692692494, 38.274883835621864 ], [ 34.368702542609782, 38.274884035714308 ], [ 34.368691278384915, 38.274893179457244 ], [ 34.368674128299801, 38.274893379545574 ], [ 34.368668327024274, 38.274888941066415 ], [ 34.368662610329537, 38.274889007761679 ], [ 34.368639405235832, 38.27487125384075 ], [ 34.368639151500119, 38.274857738316314 ], [ 34.368644783613583, 38.274853166447443 ], [ 34.36864461445586, 38.274844156097821 ], [ 34.368696064676591, 38.274843555838892 ], [ 34.368701865950072, 38.274847994316772 ], [ 34.368707582641505, 38.27484792761966 ], [ 34.368707667224257, 38.274852432794361 ], [ 34.368725071051045, 38.274865748225267 ], [ 34.368725324802753, 38.274879263749185 ] ] ] } },
{ "type": "Feature", "properties": { "Bina_ID": "Bina_108", "Net_Yukseklik": 11.88, "Gunes_Paneli_Sayisi": 228, "Yillik_Uretim_kWh": 119700.0 }, "geometry": { "type": "Polygon", "coordinates": [ [ [ 34.360801800843632, 38.274962429600102 ], [ 34.36082340628208, 38.27489458650733 ], [ 34.360930425898921, 38.274807727909646 ], [ 34.361027609911915, 38.274806600458547 ], [ 34.361039632086964, 38.274838004135766 ], [ 34.361016933466225, 38.27484727980643 ], [ 34.361034335921204, 38.274860596404807 ], [ 34.361103020561224, 38.27486430569261 ], [ 34.36118835063067, 38.274840784815559 ], [ 34.361217438894109, 38.274867484290127 ], [ 34.361217943614527, 38.274894515422545 ], [ 34.361184316281296, 38.274930954922262 ], [ 34.361031142468754, 38.274995818399674 ], [ 34.36086544164143, 38.275002246852445 ], [ 34.360801800843632, 38.274962429600102 ] ] ] } },
{ "type": "Feature", "properties": { "Bina_ID": "Bina_109", "Net_Yukseklik": 5.09, "Gunes_Paneli_Sayisi": 65, "Yillik_Uretim_kWh": 34125.0 }, "geometry": { "type": "Polygon", "coordinates": [ [ [ 34.371298513058413, 38.274885262742465 ], [ 34.371257818317765, 38.274849689141483 ], [ 34.371257394616428, 38.274827163292017 ], [ 34.371296140263588, 38.27475911798718 ], [ 34.371330525077397, 38.274763222212528 ], [ 34.371335648542072, 38.274731619198768 ], [ 34.371421737680592, 38.274748637469195 ], [ 34.37139971846004, 38.274793956481112 ], [ 34.371365503122, 38.27479886261586 ], [ 34.371353900267351, 38.274789985929182 ], [ 34.371342636396975, 38.27479912992036 ], [ 34.371348522569811, 38.274808073434158 ], [ 34.371377105979469, 38.274807739301352 ], [ 34.371377529717492, 38.274830265149753 ], [ 34.371401159194292, 38.27487054436483 ], [ 34.371298513058413, 38.274885262742465 ] ] ] } },
{ "type": "Feature", "properties": { "Bina_ID": "Bina_110", "Net_Yukseklik": 11.68, "Gunes_Paneli_Sayisi": 69, "Yillik_Uretim_kWh": 36225.0 }, "geometry": { "type": "Polygon", "coordinates": [ [ [ 34.361723118065022, 38.275001306785036 ], [ 34.36171134802111, 38.274983418747951 ], [ 34.361710506513248, 38.274938366870423 ], [ 34.361738501022238, 38.27490649877042 ], [ 34.361737996108616, 38.274879467643913 ], [ 34.361760694643301, 38.274870191835284 ], [ 34.361817861739659, 38.274869528233076 ], [ 34.36185872030282, 38.274914115570262 ], [ 34.361881587154436, 38.274913850113357 ], [ 34.36187629124597, 38.274936442415346 ], [ 34.361853592706296, 38.27494571824635 ], [ 34.361853929344676, 38.274963738996306 ], [ 34.361831230793626, 38.274973014823139 ], [ 34.361797603737251, 38.275009454493159 ], [ 34.361723118065022, 38.275001306785036 ] ] ] } },
{ "type": "Feature", "properties": { "Bina_ID": "Bina_111", "Net_Yukseklik": 7.51, "Gunes_Paneli_Sayisi": 192, "Yillik_Uretim_kWh": 100800.0 }, "geometry": { "type": "Polygon", "coordinates": [ [ [ 34.366828141609368, 38.274941938799223 ], [ 34.366769369774936, 38.274857006455846 ], [ 34.366756416062877, 38.274776046449951 ], [ 34.366859063082991, 38.27476133203254 ], [ 34.366830901970253, 38.274784190955835 ], [ 34.366848727784735, 38.274820032563234 ], [ 34.366934224768528, 38.274805517897988 ], [ 34.366927156515544, 38.274733501658964 ], [ 34.367035266685285, 38.274705204944532 ], [ 34.367107415206505, 38.274893623003017 ], [ 34.367066637981146, 38.274853542731876 ], [ 34.366924903198168, 38.27491828057002 ], [ 34.366919862277214, 38.274954388604336 ], [ 34.366828141609368, 38.274941938799223 ] ] ] } },
{ "type": "Feature", "properties": { "Bina_ID": "Bina_112", "Net_Yukseklik": 6.66, "Gunes_Paneli_Sayisi": 19, "Yillik_Uretim_kWh": 9975.0 }, "geometry": { "type": "Polygon", "coordinates": [ [ [ 34.362649563309866, 38.275008574010741 ], [ 34.362632413154387, 38.275008773216484 ], [ 34.362609377867273, 38.275000028448197 ], [ 34.36259222771352, 38.27500022764805 ], [ 34.362580625868318, 38.274991350074359 ], [ 34.362574909151036, 38.274991416473178 ], [ 34.362585668946458, 38.274955242186458 ], [ 34.362596933964284, 38.274946099015409 ], [ 34.36260836739163, 38.274945966215491 ], [ 34.362613915692229, 38.274936889442969 ], [ 34.362636782543788, 38.274936623838762 ], [ 34.362642583464918, 38.274941062623022 ], [ 34.362654016891256, 38.274940929818683 ], [ 34.362660575698825, 38.274985915275771 ], [ 34.362649394892053, 38.274999563638808 ], [ 34.362649563309866, 38.275008574010741 ] ] ] } },
{ "type": "Feature", "properties": { "Bina_ID": "Bina_113", "Net_Yukseklik": 3.6, "Gunes_Paneli_Sayisi": 17, "Yillik_Uretim_kWh": 8925.0 }, "geometry": { "type": "Polygon", "coordinates": [ [ [ 34.370642110225262, 38.274947007660714 ], [ 34.370619074044583, 38.274938264483062 ], [ 34.370607471255887, 38.274929387721436 ], [ 34.370607301855173, 38.274920377379331 ], [ 34.37061284914639, 38.274911300247169 ], [ 34.370618565838207, 38.274911233456862 ], [ 34.370629829818419, 38.274902089533342 ], [ 34.370629745116759, 38.274897584362314 ], [ 34.370652357770368, 38.274883801683181 ], [ 34.370652188364389, 38.274874791341176 ], [ 34.370669338430936, 38.274874590963812 ], [ 34.370680941218055, 38.274883467719405 ], [ 34.370692713419068, 38.274901354815626 ], [ 34.370692967535824, 38.274914870328352 ], [ 34.370681872971716, 38.274933024599612 ], [ 34.370676156278329, 38.274933091393045 ], [ 34.370659260308869, 38.2749468072845 ], [ 34.370642110225262, 38.274947007660714 ] ] ] } },
{ "type": "Feature", "properties": { "Bina_ID": "Bina_114", "Net_Yukseklik": 6.99, "Gunes_Paneli_Sayisi": 25, "Yillik_Uretim_kWh": 13125.0 }, "geometry": { "type": "Polygon", "coordinates": [ [ [ 34.368355430886922, 38.274973702047724 ], [ 34.368343659240146, 38.274955814706573 ], [ 34.368342898195671, 38.274915268128758 ], [ 34.368337096938035, 38.274910829632866 ], [ 34.368336927817992, 38.274901819282171 ], [ 34.368359794603982, 38.274901552562845 ], [ 34.36836542673867, 38.274896980707013 ], [ 34.368411160306756, 38.274896447252836 ], [ 34.368428479525775, 38.274905257553314 ], [ 34.368428733222878, 38.274918773078809 ], [ 34.368423101090599, 38.274923344937626 ], [ 34.368428902354367, 38.274927783429135 ], [ 34.368429325183428, 38.27495030930487 ], [ 34.368412344212636, 38.274959519705504 ], [ 34.368406881205281, 38.274973101913908 ], [ 34.368355430886922, 38.274973702047724 ] ] ] } },
{ "type": "Feature", "properties": { "Bina_ID": "Bina_115", "Net_Yukseklik": 5.5, "Gunes_Paneli_Sayisi": 23, "Yillik_Uretim_kWh": 12075.0 }, "geometry": { "type": "Polygon", "coordinates": [ [ [ 34.363724895976269, 38.275027621738538 ], [ 34.363724727425456, 38.275018611370676 ], [ 34.363736160858799, 38.27501847846063 ], [ 34.363747425738516, 38.275009335181721 ], [ 34.363747257185025, 38.275000324813924 ], [ 34.363752973900226, 38.275000258357984 ], [ 34.363781051803215, 38.274972894970979 ], [ 34.363809635367851, 38.274972562680432 ], [ 34.363826869787971, 38.274976868486547 ], [ 34.363838471778877, 38.274985745934167 ], [ 34.3638387246259, 38.274999261485384 ], [ 34.363833092193019, 38.275003833129247 ], [ 34.363833766449915, 38.275039874599038 ], [ 34.363799466140975, 38.275040273354506 ], [ 34.363793580863359, 38.275031329445198 ], [ 34.363776430710693, 38.275031528818261 ], [ 34.363759533390635, 38.275045243740394 ], [ 34.363742383234452, 38.275045443108546 ], [ 34.363724895976269, 38.275027621738538 ] ] ] } },
{ "type": "Feature", "properties": { "Bina_ID": "Bina_116", "Net_Yukseklik": 3.02, "Gunes_Paneli_Sayisi": 12, "Yillik_Uretim_kWh": 6300.0 }, "geometry": { "type": "Polygon", "coordinates": [ [ [ 34.368144504733927, 38.275007705257103 ], [ 34.368144251088715, 38.274994189730187 ], [ 34.368155515399017, 38.274985046038339 ], [ 34.368155261751959, 38.274971530511436 ], [ 34.368183422510356, 38.274948671277343 ], [ 34.368188970108932, 38.27493959425415 ], [ 34.368200403508588, 38.274939460909344 ], [ 34.3682065429688, 38.274961920114322 ], [ 34.368183929814656, 38.274975702330913 ], [ 34.368189731068476, 38.274980140834401 ], [ 34.368201164474492, 38.274980007489397 ], [ 34.368212766985579, 38.274988884494348 ], [ 34.368212936090806, 38.274997894845377 ], [ 34.368207303938725, 38.275002466694126 ], [ 34.36819587052922, 38.275002600039784 ], [ 34.368184606221455, 38.27501174373544 ], [ 34.368161739399234, 38.275012010421264 ], [ 34.368155938144483, 38.275007571916419 ], [ 34.368144504733927, 38.275007705257103 ] ] ] } },
{ "type": "Feature", "properties": { "Bina_ID": "Bina_117", "Net_Yukseklik": 3.0, "Gunes_Paneli_Sayisi": 15, "Yillik_Uretim_kWh": 7875.0 }, "geometry": { "type": "Polygon", "coordinates": [ [ [ 34.370991675800433, 38.274987984554883 ], [ 34.370980242406517, 38.274988118171819 ], [ 34.370974440986309, 38.274983679809544 ], [ 34.370911557322081, 38.274984414679579 ], [ 34.370910794848882, 38.27494386814552 ], [ 34.370921889356879, 38.274925713853676 ], [ 34.370933322741294, 38.274925580242602 ], [ 34.370950811704141, 38.274943400505528 ], [ 34.370967961784686, 38.274943200084216 ], [ 34.370979564618445, 38.274952076809278 ], [ 34.370979734065351, 38.27496108714994 ], [ 34.370997138323517, 38.274974402235173 ], [ 34.370997307772733, 38.274983412575722 ], [ 34.370991675800433, 38.274987984554883 ] ] ] } },
{ "type": "Feature", "properties": { "Bina_ID": "Bina_118", "Net_Yukseklik": 3.0, "Gunes_Paneli_Sayisi": 15, "Yillik_Uretim_kWh": 7875.0 }, "geometry": { "type": "Polygon", "coordinates": [ [ [ 34.364434696301238, 38.275068936216563 ], [ 34.36440611270627, 38.275069268660076 ], [ 34.364382992881353, 38.275056019061886 ], [ 34.364382486984667, 38.275028987965833 ], [ 34.364359451491509, 38.275020243545328 ], [ 34.364358861289709, 38.274988707266068 ], [ 34.364364493687717, 38.274984135597578 ], [ 34.364381643825027, 38.27498393613876 ], [ 34.364405100895951, 38.27501520646846 ], [ 34.364434106065865, 38.275037399938554 ], [ 34.364434696301238, 38.275068936216563 ] ] ] } },
{ "type": "Feature", "properties": { "Bina_ID": "Bina_119", "Net_Yukseklik": 5.13, "Gunes_Paneli_Sayisi": 16, "Yillik_Uretim_kWh": 8400.0 }, "geometry": { "type": "Polygon", "coordinates": [ [ [ 34.361736402861808, 38.275100288198104 ], [ 34.361702102494512, 38.27510068634097 ], [ 34.361696301616256, 38.275096247509467 ], [ 34.361684868161014, 38.275096380220965 ], [ 34.361667381384038, 38.275078558535149 ], [ 34.361667213087181, 38.275069548159664 ], [ 34.361661412213536, 38.275065109326313 ], [ 34.36166115976949, 38.275051593763017 ], [ 34.361678141643928, 38.275042384323527 ], [ 34.361689575090743, 38.275042251612852 ], [ 34.361695207664063, 38.275037680069381 ], [ 34.361712357833035, 38.275037481000481 ], [ 34.361735561334939, 38.275055236321947 ], [ 34.361741446365158, 38.275064180339179 ], [ 34.361741867130313, 38.2750867062772 ], [ 34.36173623455629, 38.275091277822895 ], [ 34.361736402861808, 38.275100288198104 ] ] ] } },
{ "type": "Feature", "properties": { "Bina_ID": "Bina_120", "Net_Yukseklik": 3.0, "Gunes_Paneli_Sayisi": 13, "Yillik_Uretim_kWh": 6825.0 }, "geometry": { "type": "Polygon", "coordinates": [ [ [ 34.365881025591818, 38.275052105487667 ], [ 34.365880856774425, 38.275043095127948 ], [ 34.365892121382601, 38.275033951648069 ], [ 34.365891783745361, 38.275015930928646 ], [ 34.365903048348038, 38.275006787447765 ], [ 34.36595449874244, 38.275006188388865 ], [ 34.365960299866316, 38.275010627005109 ], [ 34.365955005221487, 38.275033219467311 ], [ 34.365949288508951, 38.275033286030599 ], [ 34.365938023908214, 38.275042429515828 ], [ 34.36592692812777, 38.275060583359561 ], [ 34.365904061268687, 38.275060849605694 ], [ 34.365881025591818, 38.275052105487667 ] ] ] } },
{ "type": "Feature", "properties": { "Bina_ID": "Bina_121", "Net_Yukseklik": 3.0, "Gunes_Paneli_Sayisi": 36, "Yillik_Uretim_kWh": 18900.0 }, "geometry": { "type": "Polygon", "coordinates": [ [ [ 34.367310795026569, 38.275066993066666 ], [ 34.367292208460668, 38.274990604941273 ], [ 34.367285224326245, 38.274923093910338 ], [ 34.367330873433453, 38.274918055699679 ], [ 34.367342391332436, 38.274922427615749 ], [ 34.367342644828376, 38.274935943147369 ], [ 34.367354331729729, 38.274949325416543 ], [ 34.36735534572432, 38.275003387542249 ], [ 34.367367624142595, 38.2750483060493 ], [ 34.367333661874156, 38.275066726546342 ], [ 34.367310795026569, 38.275066993066666 ] ] ] } },
{ "type": "Feature", "properties": { "Bina_ID": "Bina_122", "Net_Yukseklik": 4.47, "Gunes_Paneli_Sayisi": 13, "Yillik_Uretim_kWh": 6825.0 }, "geometry": { "type": "Polygon", "coordinates": [ [ [ 34.361251490403227, 38.275159989882376 ], [ 34.361250817419837, 38.275123948374592 ], [ 34.361307984727262, 38.275123285017109 ], [ 34.361325387301527, 38.275136601569457 ], [ 34.361331104033169, 38.275136535231312 ], [ 34.36133144054471, 38.275154555984592 ], [ 34.361308825992005, 38.275168336900741 ], [ 34.361263092117966, 38.275168867589812 ], [ 34.361251490403227, 38.275159989882376 ] ] ] } },
{ "type": "Feature", "properties": { "Bina_ID": "Bina_123", "Net_Yukseklik": 3.38, "Gunes_Paneli_Sayisi": 12, "Yillik_Uretim_kWh": 6300.0 }, "geometry": { "type": "Polygon", "coordinates": [ [ [ 34.367019918526751, 38.275106432231752 ], [ 34.367019580609899, 38.275088411521025 ], [ 34.367036477312126, 38.275074696140699 ], [ 34.367047910738478, 38.27507456290779 ], [ 34.367070608626399, 38.275065286083468 ], [ 34.367082042051109, 38.275065152847269 ], [ 34.367116764750428, 38.275087279019573 ], [ 34.367116933720823, 38.275096289374574 ], [ 34.367105500291395, 38.275096422614254 ], [ 34.367082971364844, 38.275114709800498 ], [ 34.367071537932368, 38.275114843036917 ], [ 34.367071200002663, 38.275096822326631 ], [ 34.367065398805778, 38.275092383766783 ], [ 34.367054134339377, 38.275101527356668 ], [ 34.367054218820734, 38.275106032534282 ], [ 34.367042785389486, 38.275106165767873 ], [ 34.367036984193525, 38.275101727206618 ], [ 34.367031351958154, 38.27510629900037 ], [ 34.367019918526751, 38.275106432231752 ] ] ] } },
{ "type": "Feature", "properties": { "Bina_ID": "Bina_124", "Net_Yukseklik": 3.79, "Gunes_Paneli_Sayisi": 16, "Yillik_Uretim_kWh": 8400.0 }, "geometry": { "type": "Polygon", "coordinates": [ [ [ 34.366053962139674, 38.275126696618706 ], [ 34.366042528700405, 38.275126829754896 ], [ 34.366030757588348, 38.275108942171883 ], [ 34.366001836331371, 38.275091254286153 ], [ 34.366001414250107, 38.275068728388106 ], [ 34.366007046548738, 38.275064156642628 ], [ 34.366000907753211, 38.275041697310328 ], [ 34.366012341179328, 38.275041564178444 ], [ 34.366023943440418, 38.275050441404638 ], [ 34.366041093581451, 38.275050241702978 ], [ 34.366058412561685, 38.27505905235784 ], [ 34.366059003500027, 38.275090588614383 ], [ 34.366070605774645, 38.275099465835616 ], [ 34.366082039209495, 38.275099332696769 ], [ 34.366082208052092, 38.275108343055635 ], [ 34.366065142317943, 38.275113047943023 ], [ 34.366053962139674, 38.275126696618706 ] ] ] } },
{ "type": "Feature", "properties": { "Bina_ID": "Bina_125", "Net_Yukseklik": 9.62, "Gunes_Paneli_Sayisi": 108, "Yillik_Uretim_kWh": 56700.0 }, "geometry": { "type": "Polygon", "coordinates": [ [ [ 34.36665345748581, 38.275079158799095 ], [ 34.36656199005207, 38.275080224323702 ], [ 34.366568551280061, 38.27512520951575 ], [ 34.366540052138134, 38.275130047658045 ], [ 34.366522226393592, 38.275094206004162 ], [ 34.366470860394571, 38.275099310491882 ], [ 34.36646404589532, 38.275040809756717 ], [ 34.366440756831324, 38.275018550213311 ], [ 34.366418143315769, 38.275032332095932 ], [ 34.366360891763044, 38.275028492762857 ], [ 34.366349036152933, 38.275006100033671 ], [ 34.366451176926212, 38.274964354892688 ], [ 34.36660561243292, 38.274967062107478 ], [ 34.36660645696616, 38.275012113892892 ], [ 34.36665345748581, 38.275079158799095 ] ] ] } },
{ "type": "Feature", "properties": { "Bina_ID": "Bina_126", "Net_Yukseklik": 3.0, "Gunes_Paneli_Sayisi": 15, "Yillik_Uretim_kWh": 7875.0 }, "geometry": { "type": "Polygon", "coordinates": [ [ [ 34.36488791964122, 38.275149281137153 ], [ 34.364887666598349, 38.275135765592196 ], [ 34.364898931347966, 38.275126622205228 ], [ 34.36490439502456, 38.275113040148071 ], [ 34.364910111745836, 38.275112973635586 ], [ 34.364938273598781, 38.275090115161035 ], [ 34.364955423756925, 38.275089915617876 ], [ 34.364990230195581, 38.27511654761301 ], [ 34.36500166363826, 38.275116414579379 ], [ 34.365001832347453, 38.275125424942303 ], [ 34.364984682181294, 38.275125624492382 ], [ 34.364979049812419, 38.275130196190013 ], [ 34.36496761636748, 38.275130329221476 ], [ 34.364927852359813, 38.275144310367573 ], [ 34.36488791964122, 38.275149281137153 ] ] ] } },
{ "type": "Feature", "properties": { "Bina_ID": "Bina_127", "Net_Yukseklik": 10.25, "Gunes_Paneli_Sayisi": 39, "Yillik_Uretim_kWh": 20475.0 }, "geometry": { "type": "Polygon", "coordinates": [ [ [ 34.370056423247448, 38.27512057708838 ], [ 34.370061039284224, 38.275061943089447 ], [ 34.37004943654167, 38.275053066271909 ], [ 34.37003101645265, 38.27498568897844 ], [ 34.37005354458352, 38.274967401240239 ], [ 34.370082043403123, 38.274962562249705 ], [ 34.370139887746348, 38.274997935967058 ], [ 34.370151659835571, 38.275015823119382 ], [ 34.370134679074951, 38.275025033765445 ], [ 34.370140903808014, 38.275051998029348 ], [ 34.370078104730965, 38.27505723762571 ], [ 34.370079036080718, 38.275106794516944 ], [ 34.370073573376082, 38.275120376797005 ], [ 34.370056423247448, 38.27512057708838 ] ] ] } },
{ "type": "Feature", "properties": { "Bina_ID": "Bina_128", "Net_Yukseklik": 9.56, "Gunes_Paneli_Sayisi": 36, "Yillik_Uretim_kWh": 18900.0 }, "geometry": { "type": "Polygon", "coordinates": [ [ [ 34.371280052890526, 38.275119798860338 ], [ 34.371268365252, 38.275106416996771 ], [ 34.371267772060243, 38.275074880809008 ], [ 34.371273149795613, 38.27505679330779 ], [ 34.371289960928856, 38.275038572160177 ], [ 34.371283396804387, 38.274993587286311 ], [ 34.371306178847234, 38.274988814822535 ], [ 34.371318120706626, 38.275015712191767 ], [ 34.371352420896272, 38.275015311238626 ], [ 34.37136974048633, 38.275024121097374 ], [ 34.371370164225361, 38.275046646945022 ], [ 34.371358985065591, 38.275060296107625 ], [ 34.371365040757688, 38.275078249958788 ], [ 34.371353776845304, 38.275087393951424 ], [ 34.371342343437526, 38.27508752760393 ], [ 34.371331164266429, 38.275101176763997 ], [ 34.371319730856385, 38.275101310414335 ], [ 34.371314268385078, 38.27511489274783 ], [ 34.371280052890526, 38.275119798860338 ] ] ] } },
{ "type": "Feature", "properties": { "Bina_ID": "Bina_129", "Net_Yukseklik": 4.22, "Gunes_Paneli_Sayisi": 103, "Yillik_Uretim_kWh": 54075.0 }, "geometry": { "type": "Polygon", "coordinates": [ [ [ 34.364997043523452, 38.275175048455132 ], [ 34.365024867947497, 38.27513416923442 ], [ 34.365013012725584, 38.275111776363211 ], [ 34.365148526751412, 38.275020076235315 ], [ 34.365229826264049, 38.275086722586728 ], [ 34.365315408290904, 38.275076714271144 ], [ 34.365333402193158, 38.275121566481424 ], [ 34.365282289191825, 38.27514018599318 ], [ 34.365235796089387, 38.275100171601544 ], [ 34.365196200885386, 38.275123163199531 ], [ 34.365161816192249, 38.275119057172823 ], [ 34.365179810011952, 38.275163909407944 ], [ 34.365151479480609, 38.275177757577069 ], [ 34.365070517369247, 38.275129131898204 ], [ 34.365042018115368, 38.275133969678421 ], [ 34.365042439901231, 38.275156495585222 ], [ 34.365100450752365, 38.275200882192188 ], [ 34.365026133290613, 38.275201746955041 ], [ 34.364997043523452, 38.275175048455132 ] ] ] } },
{ "type": "Feature", "properties": { "Bina_ID": "Bina_130", "Net_Yukseklik": 7.2, "Gunes_Paneli_Sayisi": 81, "Yillik_Uretim_kWh": 42525.0 }, "geometry": { "type": "Polygon", "coordinates": [ [ [ 34.368301815310389, 38.275163586198865 ], [ 34.368261037285308, 38.275123506359932 ], [ 34.368248927415443, 38.275087598308296 ], [ 34.368289282624694, 38.275105152275827 ], [ 34.368317781627979, 38.275100313710858 ], [ 34.368328792251823, 38.275077654476917 ], [ 34.368363430762273, 38.275095275097719 ], [ 34.368409164454775, 38.275094741642008 ], [ 34.368430593673423, 38.275017886931558 ], [ 34.368481452036583, 38.274985750539187 ], [ 34.36850482627144, 38.275012514840952 ], [ 34.368506094834245, 38.275080092464798 ], [ 34.368460614857383, 38.275094141483038 ], [ 34.368478187837923, 38.275116467299689 ], [ 34.368450111678598, 38.27514383177833 ], [ 34.36839277539692, 38.275135488265732 ], [ 34.368353434887538, 38.275171996436285 ], [ 34.368301815310389, 38.275163586198865 ] ] ] } },
{ "type": "Feature", "properties": { "Bina_ID": "Bina_131", "Net_Yukseklik": 3.62, "Gunes_Paneli_Sayisi": 17, "Yillik_Uretim_kWh": 8925.0 }, "geometry": { "type": "Polygon", "coordinates": [ [ [ 34.36817647028326, 38.275187578923557 ], [ 34.368153518856289, 38.275183340433358 ], [ 34.368118711257594, 38.275156709399532 ], [ 34.368118373068569, 38.27513868869724 ], [ 34.368124005236631, 38.275134116852556 ], [ 34.368122990667374, 38.275080054745416 ], [ 34.36814014080035, 38.275079854736823 ], [ 34.368151827869589, 38.275093236923048 ], [ 34.368152250615552, 38.275115762800759 ], [ 34.3681580518789, 38.275120201305555 ], [ 34.368158474627194, 38.275142727183095 ], [ 34.368187396412239, 38.275160414526709 ], [ 34.36818773461858, 38.275178435228412 ], [ 34.36817647028326, 38.275187578923557 ] ] ] } },
{ "type": "Feature", "properties": { "Bina_ID": "Bina_132", "Net_Yukseklik": 3.0, "Gunes_Paneli_Sayisi": 11, "Yillik_Uretim_kWh": 5775.0 }, "geometry": { "type": "Polygon", "coordinates": [ [ [ 34.366078433021137, 38.27521202875149 ], [ 34.366072631873848, 38.275207590141669 ], [ 34.366066915147925, 38.27520765671094 ], [ 34.366049511711289, 38.275194340878784 ], [ 34.366049342872209, 38.275185330519925 ], [ 34.366054975176567, 38.275180758772123 ], [ 34.366054890756715, 38.275176253592683 ], [ 34.366088768987836, 38.275153328279821 ], [ 34.366088684565987, 38.27514882310043 ], [ 34.366100118008482, 38.275148689959678 ], [ 34.366100202431035, 38.275153195139033 ], [ 34.366111804720745, 38.275162072355833 ], [ 34.366112480107823, 38.275198113790417 ], [ 34.366101215503178, 38.275207257291164 ], [ 34.366095498777348, 38.275207323861821 ], [ 34.366089866473594, 38.275211895611548 ], [ 34.366078433021137, 38.27521202875149 ] ] ] } },
{ "type": "Feature", "properties": { "Bina_ID": "Bina_133", "Net_Yukseklik": 9.0, "Gunes_Paneli_Sayisi": 72, "Yillik_Uretim_kWh": 37800.0 }, "geometry": { "type": "Polygon", "coordinates": [ [ [ 34.370897118225784, 38.275128780545906 ], [ 34.370896694631639, 38.275106254694109 ], [ 34.370919476737065, 38.275101482304393 ], [ 34.370953183917202, 38.27506954527508 ], [ 34.370970334027405, 38.275069344852859 ], [ 34.370987229964676, 38.275055628917443 ], [ 34.370986636895587, 38.275024092725694 ], [ 34.371015135668429, 38.275019253509257 ], [ 34.371038426102089, 38.275041512118094 ], [ 34.371078443008798, 38.275041044433571 ], [ 34.371079036117948, 38.27507258062402 ], [ 34.37111409892713, 38.275112726269988 ], [ 34.371108890612312, 38.275139824104464 ], [ 34.371131842179828, 38.275144062013418 ], [ 34.371132096380194, 38.275157577523096 ], [ 34.371086277969738, 38.275153606870887 ], [ 34.371039697014339, 38.275109089669968 ], [ 34.37098850083013, 38.275123206470603 ], [ 34.370989009177492, 38.275150237491623 ], [ 34.370972197942798, 38.275168458597669 ], [ 34.370937812954139, 38.275164354270778 ], [ 34.370897118225784, 38.275128780545906 ] ] ] } },
{ "type": "Feature", "properties": { "Bina_ID": "Bina_134", "Net_Yukseklik": 5.12, "Gunes_Paneli_Sayisi": 16, "Yillik_Uretim_kWh": 8400.0 }, "geometry": { "type": "Polygon", "coordinates": [ [ [ 34.364111962377009, 38.27523941743474 ], [ 34.364106077044703, 38.275230473542429 ], [ 34.364105739846508, 38.275212452810202 ], [ 34.364145419755133, 38.275193966756305 ], [ 34.364150967880079, 38.275184889914684 ], [ 34.364173581883961, 38.275171108460576 ], [ 34.364213598976555, 38.275170643115977 ], [ 34.364213851894789, 38.275184158664651 ], [ 34.364202587048574, 38.275193301987507 ], [ 34.364168286672736, 38.275193700852114 ], [ 34.364157190424585, 38.275211854536686 ], [ 34.36416912970688, 38.275238752681581 ], [ 34.36415786484671, 38.27524789600033 ], [ 34.364123564444547, 38.275248294852354 ], [ 34.364123480143832, 38.275243789669346 ], [ 34.364111962377009, 38.27523941743474 ] ] ] } },
{ "type": "Feature", "properties": { "Bina_ID": "Bina_135", "Net_Yukseklik": 11.65, "Gunes_Paneli_Sayisi": 471, "Yillik_Uretim_kWh": 247275.0 }, "geometry": { "type": "Polygon", "coordinates": [ [ [ 34.362538428621242, 38.275181099073585 ], [ 34.362519173392265, 38.275068668611141 ], [ 34.362668229247937, 38.275089468148501 ], [ 34.362807610173483, 38.27489859017934 ], [ 34.362893445037017, 38.274902099185454 ], [ 34.362897898388276, 38.274834454987293 ], [ 34.362973142054379, 38.274883148619516 ], [ 34.363045184967362, 38.27476064515843 ], [ 34.363142537309379, 38.274768526327371 ], [ 34.363163887784872, 38.274687167287425 ], [ 34.363397598109721, 38.274648402070888 ], [ 34.363387849803559, 38.274738638643136 ], [ 34.363217696821344, 38.274812714616367 ], [ 34.363154223424466, 38.274781909030374 ], [ 34.363196177888966, 38.274885063293937 ], [ 34.363098825386473, 38.274877182172688 ], [ 34.363065620189353, 38.27493614812019 ], [ 34.362945316556562, 38.274924027374958 ], [ 34.362885380551603, 38.275082439434172 ], [ 34.362776510147057, 38.275070185691675 ], [ 34.362675040713057, 38.275147969160706 ], [ 34.362700181370059, 38.275269343557497 ], [ 34.362538428621242, 38.275181099073585 ] ] ] } },
{ "type": "Feature", "properties": { "Bina_ID": "Bina_136", "Net_Yukseklik": 8.14, "Gunes_Paneli_Sayisi": 62, "Yillik_Uretim_kWh": 32550.0 }, "geometry": { "type": "Polygon", "coordinates": [ [ [ 34.36226385708008, 38.275175275444091 ], [ 34.362309843504441, 38.275188259924256 ], [ 34.362355408988165, 38.275178718454221 ], [ 34.362350113210439, 38.275201310774236 ], [ 34.362367852758119, 38.275232647913157 ], [ 34.362390719704784, 38.275232382355178 ], [ 34.362407448941482, 38.275209657252546 ], [ 34.362435948418955, 38.275204820108684 ], [ 34.362476554951002, 38.275235891659186 ], [ 34.362533806519508, 38.275239732888856 ], [ 34.362534143329533, 38.275257753632808 ], [ 34.362522878256662, 38.275266896798399 ], [ 34.362477060144869, 38.275262922775738 ], [ 34.362460246720381, 38.275281142701829 ], [ 34.362431663018718, 38.275281474665903 ], [ 34.362409048641759, 38.275295255790724 ], [ 34.362357597967375, 38.275295853298779 ], [ 34.362334394239284, 38.275278098105353 ], [ 34.362333720717757, 38.275242056614523 ], [ 34.36227016311463, 38.27520674536585 ], [ 34.36226385708008, 38.275175275444091 ] ] ] } },
{ "type": "Feature", "properties": { "Bina_ID": "Bina_137", "Net_Yukseklik": 6.27, "Gunes_Paneli_Sayisi": 44, "Yillik_Uretim_kWh": 23100.0 }, "geometry": { "type": "Polygon", "coordinates": [ [ [ 34.369360846267774, 38.275227833958304 ], [ 34.36931494326717, 38.275219357439994 ], [ 34.369292414870728, 38.275237645040527 ], [ 34.369263831267595, 38.275237978668642 ], [ 34.369229023246504, 38.275211347972672 ], [ 34.369228769398411, 38.275197832452363 ], [ 34.369279712141392, 38.275170200892497 ], [ 34.369273572332723, 38.27514774175102 ], [ 34.369261969669743, 38.275138864854156 ], [ 34.369261631198391, 38.275120844160426 ], [ 34.369272810765906, 38.275107195190294 ], [ 34.369284244186673, 38.275107061739398 ], [ 34.369365632117862, 38.275178210323553 ], [ 34.369371941207334, 38.27520967980584 ], [ 34.369360846267774, 38.275227833958304 ] ] ] } },
{ "type": "Feature", "properties": { "Bina_ID": "Bina_138", "Net_Yukseklik": 5.37, "Gunes_Paneli_Sayisi": 293, "Yillik_Uretim_kWh": 153825.0 }, "geometry": { "type": "Polygon", "coordinates": [ [ [ 34.363427133880123, 38.275310464880945 ], [ 34.363282698887232, 38.275231032488314 ], [ 34.36328622515218, 38.275113831254203 ], [ 34.363353393558093, 38.275036445894123 ], [ 34.363369448420301, 38.274977679182989 ], [ 34.363552130475462, 38.274962037491861 ], [ 34.363552973121912, 38.275007089334657 ], [ 34.363496311526582, 38.27503478489038 ], [ 34.363502533815463, 38.275061749552577 ], [ 34.363467643674277, 38.275030611920656 ], [ 34.363456715791081, 38.275057775911037 ], [ 34.363509261683099, 38.275115745319845 ], [ 34.363528181393562, 38.275210154853461 ], [ 34.363608299910979, 38.275213729774052 ], [ 34.363631588191105, 38.275235989894156 ], [ 34.36359241373205, 38.27528150688088 ], [ 34.363511958088459, 38.275259911214327 ], [ 34.363478500280856, 38.275305361719546 ], [ 34.363427133880123, 38.275310464880945 ] ] ] } },
{ "type": "Feature", "properties": { "Bina_ID": "Bina_139", "Net_Yukseklik": 8.2, "Gunes_Paneli_Sayisi": 63, "Yillik_Uretim_kWh": 33075.0 }, "geometry": { "type": "Polygon", "coordinates": [ [ [ 34.369154959736704, 38.275225730871348 ], [ 34.369109649020068, 38.275248790487474 ], [ 34.369075264081715, 38.275244685613352 ], [ 34.369045496006528, 38.275181946755772 ], [ 34.368970755686512, 38.275160288147205 ], [ 34.368941664521103, 38.275133590652267 ], [ 34.368941072335076, 38.275102054433944 ], [ 34.368974949599426, 38.275079128304903 ], [ 34.369020852475721, 38.275087604958863 ], [ 34.36904405773052, 38.27510535880063 ], [ 34.369039440872747, 38.275163992774559 ], [ 34.369119390277504, 38.275158553579189 ], [ 34.369142680189448, 38.275180812574007 ], [ 34.369154959736704, 38.275225730871348 ] ] ] } },
{ "type": "Feature", "properties": { "Bina_ID": "Bina_140", "Net_Yukseklik": 14.19, "Gunes_Paneli_Sayisi": 65, "Yillik_Uretim_kWh": 34125.0 }, "geometry": { "type": "Polygon", "coordinates": [ [ [ 34.366308537462473, 38.275285953782372 ], [ 34.366285670536342, 38.275286220104192 ], [ 34.366245146823502, 38.27525965508265 ], [ 34.366205129715958, 38.275260121121029 ], [ 34.366181925085257, 38.275242366706003 ], [ 34.366141907986147, 38.27524283272264 ], [ 34.366148215695468, 38.275274302404036 ], [ 34.366125348771469, 38.275274568694542 ], [ 34.366118956647959, 38.275238593832462 ], [ 34.366146358330276, 38.275175188461148 ], [ 34.366123069317219, 38.275152928854148 ], [ 34.366116761630792, 38.275121459170364 ], [ 34.36609364148827, 38.275108209915636 ], [ 34.366099104939288, 38.275094627806986 ], [ 34.366127688524017, 38.275094294950854 ], [ 34.366134080637018, 38.275130269813481 ], [ 34.366207722558748, 38.275093362916685 ], [ 34.366215127866752, 38.275183399923989 ], [ 34.366256326985074, 38.275246006389345 ], [ 34.366308537462473, 38.275285953782372 ] ] ] } },
{ "type": "Feature", "properties": { "Bina_ID": "Bina_141", "Net_Yukseklik": 3.0, "Gunes_Paneli_Sayisi": 12, "Yillik_Uretim_kWh": 6300.0 }, "geometry": { "type": "Polygon", "coordinates": [ [ [ 34.35880816954031, 38.275373068432025 ], [ 34.358807917622372, 38.275359552853402 ], [ 34.358813550404513, 38.275354981444721 ], [ 34.358830700668641, 38.275354782795624 ], [ 34.358841882253898, 38.275341134783048 ], [ 34.35884171430461, 38.275332124397373 ], [ 34.358853063835006, 38.275327486769434 ], [ 34.358887364349606, 38.275327089457434 ], [ 34.358888036169652, 38.275363130999366 ], [ 34.358871053857044, 38.275372340042388 ], [ 34.358859620345086, 38.275372472479368 ], [ 34.358854071540115, 38.275381549083008 ], [ 34.358836921269848, 38.275381747735622 ], [ 34.358831120538945, 38.275377308759786 ], [ 34.358813970269516, 38.275377507409033 ], [ 34.35880816954031, 38.275373068432025 ] ] ] } },
{ "type": "Feature", "properties": { "Bina_ID": "Bina_142", "Net_Yukseklik": 4.23, "Gunes_Paneli_Sayisi": 12, "Yillik_Uretim_kWh": 6300.0 }, "geometry": { "type": "Polygon", "coordinates": [ [ [ 34.362718763225331, 38.275345732495843 ], [ 34.362667228310933, 38.275341824954701 ], [ 34.3626556264012, 38.275332947390133 ], [ 34.362655457980679, 38.275323937018733 ], [ 34.362632254172659, 38.275306181885846 ], [ 34.362626200597354, 38.275288227544529 ], [ 34.362695054119122, 38.275300946262142 ], [ 34.362700855073378, 38.275305385042671 ], [ 34.362701107712432, 38.275318900599551 ], [ 34.362718594796931, 38.275336722124706 ], [ 34.362718763225331, 38.275345732495843 ] ] ] } },
{ "type": "Feature", "properties": { "Bina_ID": "Bina_143", "Net_Yukseklik": 3.0, "Gunes_Paneli_Sayisi": 39, "Yillik_Uretim_kWh": 20475.0 }, "geometry": { "type": "Polygon", "coordinates": [ [ [ 34.368544454625734, 38.27529594072081 ], [ 34.368532598305492, 38.275273548226735 ], [ 34.3684862725109, 38.275242545509087 ], [ 34.368468530358179, 38.275211209345024 ], [ 34.368513672118581, 38.275179139623454 ], [ 34.368530737699238, 38.275174434382542 ], [ 34.36854754955619, 38.275156213614942 ], [ 34.368558982988105, 38.275156080234559 ], [ 34.368576725165163, 38.275187416384753 ], [ 34.368566137479149, 38.275232601513771 ], [ 34.368583625949881, 38.275250422138249 ], [ 34.368583879678873, 38.275263937662068 ], [ 34.368572953684421, 38.275291102092893 ], [ 34.368544454625734, 38.27529594072081 ] ] ] } },
{ "type": "Feature", "properties": { "Bina_ID": "Bina_144", "Net_Yukseklik": 3.0, "Gunes_Paneli_Sayisi": 15, "Yillik_Uretim_kWh": 7875.0 }, "geometry": { "type": "Polygon", "coordinates": [ [ [ 34.366629350042025, 38.275318266235196 ], [ 34.366612199842159, 38.275318466024018 ], [ 34.36660639865449, 38.275314027441439 ], [ 34.366572098256249, 38.275314427009818 ], [ 34.366566297071287, 38.275309988425207 ], [ 34.366565959264086, 38.275291967711702 ], [ 34.366571591543327, 38.275287395939628 ], [ 34.366571169283077, 38.2752648700477 ], [ 34.366588319470637, 38.275264670265109 ], [ 34.366593951746381, 38.275260098492019 ], [ 34.366611101932648, 38.275259898706132 ], [ 34.366616903116189, 38.275264337288576 ], [ 34.366639770032293, 38.275264070902324 ], [ 34.366640023401089, 38.275277586437113 ], [ 34.366634391126986, 38.275282158212384 ], [ 34.366634982319177, 38.275313694460138 ], [ 34.366629350042025, 38.275318266235196 ] ] ] } },
{ "type": "Feature", "properties": { "Bina_ID": "Bina_145", "Net_Yukseklik": 4.02, "Gunes_Paneli_Sayisi": 35, "Yillik_Uretim_kWh": 18375.0 }, "geometry": { "type": "Polygon", "coordinates": [ [ [ 34.359345460531536, 38.27536233773337 ], [ 34.359350841260955, 38.275344250723883 ], [ 34.359373372241322, 38.275325964985853 ], [ 34.359401955996759, 38.275325633766485 ], [ 34.359419358280725, 38.275338950606788 ], [ 34.359470893061889, 38.275342859578231 ], [ 34.359488379377005, 38.275360681599565 ], [ 34.359488715435823, 38.275378702365956 ], [ 34.35947753396799, 38.275392350437969 ], [ 34.359431883929922, 38.275397385607533 ], [ 34.359420618437888, 38.275406528482655 ], [ 34.359386317893517, 38.275406925951231 ], [ 34.359363114835354, 38.275389170157467 ], [ 34.359345460531536, 38.27536233773337 ] ] ] } },
{ "type": "Feature", "properties": { "Bina_ID": "Bina_146", "Net_Yukseklik": 11.15, "Gunes_Paneli_Sayisi": 17, "Yillik_Uretim_kWh": 8925.0 }, "geometry": { "type": "Polygon", "coordinates": [ [ [ 34.372757931746129, 38.275260230101047 ], [ 34.372735064889767, 38.275260497679611 ], [ 34.372729263343153, 38.275256059406779 ], [ 34.372683359972946, 38.275247584214448 ], [ 34.372683275143352, 38.275243079047556 ], [ 34.372671756888664, 38.275238707663163 ], [ 34.372665870519107, 38.275229764220121 ], [ 34.372660153807217, 38.275229831110657 ], [ 34.372659984151028, 38.275220820776759 ], [ 34.372688313217338, 38.275206970820733 ], [ 34.372705463347394, 38.275206770144301 ], [ 34.37271109522618, 38.275202198084735 ], [ 34.372756998570551, 38.275210673266734 ], [ 34.372757337906862, 38.275228693933819 ], [ 34.372763139452914, 38.275233132205308 ], [ 34.372757931746129, 38.275260230101047 ] ] ] } },
{ "type": "Feature", "properties": { "Bina_ID": "Bina_147", "Net_Yukseklik": 3.78, "Gunes_Paneli_Sayisi": 22, "Yillik_Uretim_kWh": 11550.0 }, "geometry": { "type": "Polygon", "coordinates": [ [ [ 34.371665784716001, 38.275259486498712 ], [ 34.371665445649086, 38.275241465823484 ], [ 34.371682341491436, 38.275227749790034 ], [ 34.371739593402559, 38.27523158651735 ], [ 34.371750433427856, 38.275199916645001 ], [ 34.371767583562985, 38.275199716105682 ], [ 34.371802392483033, 38.275226346030983 ], [ 34.371802562033281, 38.275235356368114 ], [ 34.371791213378906, 38.275239995233356 ], [ 34.371797184418192, 38.275253443890847 ], [ 34.37177994949684, 38.275249139266144 ], [ 34.371757252179371, 38.275258416991306 ], [ 34.371734724398138, 38.275276705049492 ], [ 34.371723290962507, 38.275276838739664 ], [ 34.371711603217882, 38.27526345692263 ], [ 34.371665784716001, 38.275259486498712 ] ] ] } },
{ "type": "Feature", "properties": { "Bina_ID": "Bina_148", "Net_Yukseklik": 5.16, "Gunes_Paneli_Sayisi": 48, "Yillik_Uretim_kWh": 25200.0 }, "geometry": { "type": "Polygon", "coordinates": [ [ [ 34.361507486034732, 38.275395845855819 ], [ 34.361433168263069, 38.275396708346641 ], [ 34.36139298273519, 38.275388162369261 ], [ 34.361392646205623, 38.275370141617152 ], [ 34.361420809284034, 38.275347283965608 ], [ 34.361413998799918, 38.27528878286401 ], [ 34.361396512040386, 38.27527096113802 ], [ 34.361396259643584, 38.275257445573693 ], [ 34.361419126607267, 38.27525718020491 ], [ 34.361482767994403, 38.275296997109244 ], [ 34.36150067547549, 38.275337344761127 ], [ 34.36151816227644, 38.275355166470611 ], [ 34.361518751257357, 38.275386702785191 ], [ 34.361507486034732, 38.275395845855819 ] ] ] } },
{ "type": "Feature", "properties": { "Bina_ID": "Bina_149", "Net_Yukseklik": 3.0, "Gunes_Paneli_Sayisi": 18, "Yillik_Uretim_kWh": 9450.0 }, "geometry": { "type": "Polygon", "coordinates": [ [ [ 34.364171658820624, 38.275373908167772 ], [ 34.364142822196129, 38.275360725000795 ], [ 34.364142653591664, 38.275351714635036 ], [ 34.364153749863718, 38.2753335609518 ], [ 34.364153496955275, 38.275320045403134 ], [ 34.364159129391432, 38.275315473744051 ], [ 34.364164424613215, 38.275292881353145 ], [ 34.364170057046628, 38.275288309693565 ], [ 34.364192923993578, 38.275288043784045 ], [ 34.364210242816014, 38.275296854714583 ], [ 34.364210411428502, 38.275305865080192 ], [ 34.3641991465635, 38.275315008402899 ], [ 34.364199315174723, 38.275324018768515 ], [ 34.364216718313315, 38.275337334880653 ], [ 34.364216886926847, 38.27534634524617 ], [ 34.364211254492069, 38.275350916907989 ], [ 34.364211423104997, 38.275359927273506 ], [ 34.364194525794417, 38.275373642257428 ], [ 34.364171658820624, 38.275373908167772 ] ] ] } },
{ "type": "Feature", "properties": { "Bina_ID": "Bina_150", "Net_Yukseklik": 7.87, "Gunes_Paneli_Sayisi": 37, "Yillik_Uretim_kWh": 19425.0 }, "geometry": { "type": "Polygon", "coordinates": [ [ [ 34.365125679816217, 38.275326761173055 ], [ 34.365120300528943, 38.275344848420623 ], [ 34.365092307360278, 38.275376717300873 ], [ 34.36505792255204, 38.275372611246027 ], [ 34.365005797035231, 38.275337168466486 ], [ 34.364983183142968, 38.275350950078661 ], [ 34.364937533575691, 38.275355987383428 ], [ 34.364948629648126, 38.275337833628718 ], [ 34.364982845726537, 38.275332929353389 ], [ 34.3650332840852, 38.275278268518669 ], [ 34.365050434286914, 38.275278068960816 ], [ 34.365125679816217, 38.275326761173055 ] ] ] } },
{ "type": "Feature", "properties": { "Bina_ID": "Bina_151", "Net_Yukseklik": 10.35, "Gunes_Paneli_Sayisi": 274, "Yillik_Uretim_kWh": 143850.0 }, "geometry": { "type": "Polygon", "coordinates": [ [ [ 34.369847867876445, 38.275280728172206 ], [ 34.369875350959411, 38.275221827163122 ], [ 34.369777066302881, 38.27516439471141 ], [ 34.369787060674668, 38.275087673279636 ], [ 34.370103003621693, 38.275165094690877 ], [ 34.370222377171459, 38.275127651176767 ], [ 34.370226739043034, 38.27505550165889 ], [ 34.370169826022639, 38.275069684876037 ], [ 34.370197816820756, 38.275037814826348 ], [ 34.370249521180504, 38.275050729398735 ], [ 34.370273573517281, 38.275113534707693 ], [ 34.370295847579598, 38.275081731409138 ], [ 34.370277299468903, 38.27531176225186 ], [ 34.370219878194888, 38.275298914467612 ], [ 34.370242237013976, 38.275271616350203 ], [ 34.370184731102206, 38.275254263376389 ], [ 34.37015496207642, 38.275191524818524 ], [ 34.370115537767298, 38.275223528391983 ], [ 34.370018014907664, 38.275206642692829 ], [ 34.370065357326546, 38.275291706855647 ], [ 34.370043167767655, 38.275328015284245 ], [ 34.369950853541582, 38.275284031737094 ], [ 34.3699495836305, 38.275216454156457 ], [ 34.3699097359249, 38.275225931802055 ], [ 34.369905458392211, 38.275302586484315 ], [ 34.369847867876445, 38.275280728172206 ] ] ] } },
{ "type": "Feature", "properties": { "Bina_ID": "Bina_152", "Net_Yukseklik": 3.0, "Gunes_Paneli_Sayisi": 30, "Yillik_Uretim_kWh": 15750.0 }, "geometry": { "type": "Polygon", "coordinates": [ [ [ 34.36690468241774, 38.275364626228153 ], [ 34.366869790704875, 38.275333489639799 ], [ 34.366857681478038, 38.275297581433584 ], [ 34.366908540746721, 38.275265445708023 ], [ 34.36691997420359, 38.275265312487036 ], [ 34.366987899121504, 38.27522847171673 ], [ 34.366999332572199, 38.275228338488134 ], [ 34.366999586007324, 38.275241854020962 ], [ 34.366948980222276, 38.275287505318069 ], [ 34.3669267890944, 38.275323813186269 ], [ 34.366916115890184, 38.275364493007253 ], [ 34.36690468241774, 38.275364626228153 ] ] ] } },
{ "type": "Feature", "properties": { "Bina_ID": "Bina_153", "Net_Yukseklik": 4.49, "Gunes_Paneli_Sayisi": 81, "Yillik_Uretim_kWh": 42525.0 }, "geometry": { "type": "Polygon", "coordinates": [ [ [ 34.366390091638657, 38.275366114837333 ], [ 34.366387473972978, 38.275226454297233 ], [ 34.366415888721377, 38.275217111012459 ], [ 34.366438755624593, 38.275216844665664 ], [ 34.366461875862846, 38.275230093850318 ], [ 34.366496091775744, 38.275225189136329 ], [ 34.366502315187937, 38.275252153617394 ], [ 34.366536868907453, 38.275265269605349 ], [ 34.366538051207684, 38.275328342103414 ], [ 34.366526871087515, 38.275341990822653 ], [ 34.366498202962724, 38.275337818599347 ], [ 34.36648130609737, 38.27535153390459 ], [ 34.366476011593171, 38.27537412638646 ], [ 34.366418844212149, 38.275374792265538 ], [ 34.366390091638657, 38.275366114837333 ] ] ] } },
{ "type": "Feature", "properties": { "Bina_ID": "Bina_154", "Net_Yukseklik": 3.0, "Gunes_Paneli_Sayisi": 16, "Yillik_Uretim_kWh": 8400.0 }, "geometry": { "type": "Polygon", "coordinates": [ [ [ 34.365487184406511, 38.275394652529499 ], [ 34.365475750922521, 38.275394785611255 ], [ 34.365469865411811, 38.275385841790971 ], [ 34.36545271518775, 38.275386041410606 ], [ 34.365447082829284, 38.275390613130348 ], [ 34.365424215862113, 38.275390879284892 ], [ 34.365418414739118, 38.275386440642365 ], [ 34.365418245976862, 38.275377430281416 ], [ 34.365406559354128, 38.275364047814904 ], [ 34.365406137452645, 38.275341521912331 ], [ 34.365394450838053, 38.275328139444362 ], [ 34.365394282079116, 38.275319129083236 ], [ 34.365405715551624, 38.275318996009659 ], [ 34.365417317785827, 38.275327873295979 ], [ 34.365434467996465, 38.275327673681765 ], [ 34.365469105953679, 38.275345295167476 ], [ 34.365469359106221, 38.275358810708674 ], [ 34.365486846864982, 38.27537663180815 ], [ 34.365487184406511, 38.275394652529499 ] ] ] } },
{ "type": "Feature", "properties": { "Bina_ID": "Bina_155", "Net_Yukseklik": 9.44, "Gunes_Paneli_Sayisi": 68, "Yillik_Uretim_kWh": 35700.0 }, "geometry": { "type": "Polygon", "coordinates": [ [ [ 34.368122515904858, 38.275359442296299 ], [ 34.368031639973559, 38.275392045201578 ], [ 34.368019192000453, 38.275338116424152 ], [ 34.367984637992478, 38.275325000878702 ], [ 34.367960756614188, 38.275271205418356 ], [ 34.367879454450893, 38.275204561012636 ], [ 34.367925526363251, 38.27522204844783 ], [ 34.368028173741777, 38.275207333001049 ], [ 34.368039776269342, 38.275216210022464 ], [ 34.368041551668007, 38.275310818710714 ], [ 34.368058870943983, 38.275319629064114 ], [ 34.368098803506655, 38.275314657217436 ], [ 34.368122008616346, 38.275332411243816 ], [ 34.368122515904858, 38.275359442296299 ] ] ] } },
{ "type": "Feature", "properties": { "Bina_ID": "Bina_156", "Net_Yukseklik": 4.8, "Gunes_Paneli_Sayisi": 38, "Yillik_Uretim_kWh": 19950.0 }, "geometry": { "type": "Polygon", "coordinates": [ [ [ 34.368454762932274, 38.275391616395169 ], [ 34.368437612728229, 38.275391816451105 ], [ 34.368420124257568, 38.275373995805253 ], [ 34.368374390390123, 38.275374529268525 ], [ 34.36836270323402, 38.275361147106715 ], [ 34.368362280419326, 38.275338621231924 ], [ 34.368396411673316, 38.275329210790204 ], [ 34.368413308164918, 38.275315495215906 ], [ 34.368407253173785, 38.275297541199741 ], [ 34.368361265665968, 38.275284559132061 ], [ 34.368366559577581, 38.275261966575869 ], [ 34.3684059846927, 38.275229963575626 ], [ 34.368417418136858, 38.275229830208829 ], [ 34.368434906571217, 38.275247650856173 ], [ 34.368435498541409, 38.275279187080386 ], [ 34.368447354833094, 38.275301579584784 ], [ 34.368448031377994, 38.275337620983358 ], [ 34.368436767052088, 38.275346764703087 ], [ 34.368454255520007, 38.275364585346594 ], [ 34.368454762932274, 38.275391616395169 ] ] ] } },
{ "type": "Feature", "properties": { "Bina_ID": "Bina_157", "Net_Yukseklik": 3.51, "Gunes_Paneli_Sayisi": 17, "Yillik_Uretim_kWh": 8925.0 }, "geometry": { "type": "Polygon", "coordinates": [ [ [ 34.36611073128956, 38.275409923785574 ], [ 34.36609955107609, 38.27542357246562 ], [ 34.366076684104812, 38.275423838747521 ], [ 34.366053563871759, 38.275410589487215 ], [ 34.366042130387967, 38.275410722624194 ], [ 34.366036244807283, 38.275401778833682 ], [ 34.366024811324799, 38.275401911968963 ], [ 34.366013209006361, 38.27539303474444 ], [ 34.366007492265766, 38.275393101311082 ], [ 34.36600169110794, 38.275388662698063 ], [ 34.366001522273592, 38.275379652339332 ], [ 34.366018672492231, 38.275379452639513 ], [ 34.36602430481318, 38.275374880892997 ], [ 34.366087020097801, 38.275365138277479 ], [ 34.366110309169834, 38.275387397889787 ], [ 34.36611073128956, 38.275409923785574 ] ] ] } },
{ "type": "Feature", "properties": { "Bina_ID": "Bina_158", "Net_Yukseklik": 11.01, "Gunes_Paneli_Sayisi": 107, "Yillik_Uretim_kWh": 56175.0 }, "geometry": { "type": "Polygon", "coordinates": [ [ [ 34.371319268349858, 38.275380697746392 ], [ 34.371296570930589, 38.275389975384087 ], [ 34.371273449790799, 38.275376727170283 ], [ 34.3712279701965, 38.275390777254302 ], [ 34.37119256823609, 38.275332610969414 ], [ 34.371170125023951, 38.275355404091691 ], [ 34.371101185390124, 38.27533818520817 ], [ 34.37106057521364, 38.275307116714252 ], [ 34.371059389002255, 38.275244044335224 ], [ 34.371099490751504, 38.275248081811348 ], [ 34.371144546611575, 38.275211505928972 ], [ 34.371219457066744, 38.275242173478361 ], [ 34.371237369878152, 38.275282519542927 ], [ 34.371306902701882, 38.275331274532988 ], [ 34.371307326426169, 38.275353800380046 ], [ 34.371324646092638, 38.275362610243562 ], [ 34.371319268349858, 38.275380697746392 ] ] ] } },
{ "type": "Feature", "properties": { "Bina_ID": "Bina_159", "Net_Yukseklik": 4.56, "Gunes_Paneli_Sayisi": 33, "Yillik_Uretim_kWh": 17325.0 }, "geometry": { "type": "Polygon", "coordinates": [ [ [ 34.368317984096862, 38.275415742647596 ], [ 34.368301003004859, 38.275424953033692 ], [ 34.368272419316447, 38.275425286421658 ], [ 34.368271404626569, 38.275371224320565 ], [ 34.368248114912852, 38.275348965149604 ], [ 34.368202550163957, 38.275358508896019 ], [ 34.368179345026633, 38.27534075488618 ], [ 34.368167488809725, 38.275318362353403 ], [ 34.368178499511608, 38.275295703132905 ], [ 34.368246931132518, 38.275285892696814 ], [ 34.36824155262682, 38.275303980073041 ], [ 34.368253239751546, 38.275317362247627 ], [ 34.368253577976063, 38.275335382948356 ], [ 34.368288216593371, 38.275353003588656 ], [ 34.368317392174596, 38.275384206422558 ], [ 34.368317984096862, 38.275415742647596 ] ] ] } },
{ "type": "Feature", "properties": { "Bina_ID": "Bina_160", "Net_Yukseklik": 5.18, "Gunes_Paneli_Sayisi": 25, "Yillik_Uretim_kWh": 13125.0 }, "geometry": { "type": "Polygon", "coordinates": [ [ [ 34.365677102839577, 38.275460034219115 ], [ 34.365636579243635, 38.275433468985746 ], [ 34.365636326059416, 38.275419953445663 ], [ 34.365670035743364, 38.275388017890045 ], [ 34.365681131635903, 38.275369864069468 ], [ 34.36569828185452, 38.275369664416523 ], [ 34.365744606578964, 38.275400668255394 ], [ 34.365744775381678, 38.27540967861507 ], [ 34.365722161611359, 38.275423460367364 ], [ 34.365722330411451, 38.27543247072709 ], [ 34.365694253079432, 38.275459834566362 ], [ 34.365677102839577, 38.275460034219115 ] ] ] } },
{ "type": "Feature", "properties": { "Bina_ID": "Bina_161", "Net_Yukseklik": 5.24, "Gunes_Paneli_Sayisi": 22, "Yillik_Uretim_kWh": 11550.0 }, "geometry": { "type": "Polygon", "coordinates": [ [ [ 34.36089217929927, 38.275515639458426 ], [ 34.360874776709636, 38.27550232284284 ], [ 34.360869059948229, 38.275502389159286 ], [ 34.360868303045365, 38.275461842458931 ], [ 34.360873935703019, 38.275457270953645 ], [ 34.360873683401401, 38.275443755386817 ], [ 34.3609077316341, 38.275429841916448 ], [ 34.360930598656488, 38.275429576641884 ], [ 34.360930935072581, 38.275447597397267 ], [ 34.360936735933969, 38.275452036266714 ], [ 34.360937072351845, 38.275470057021977 ], [ 34.360942873215429, 38.275474495891061 ], [ 34.360943377845047, 38.275501527023771 ], [ 34.360937829293171, 38.275510603721123 ], [ 34.36089217929927, 38.275515639458426 ] ] ] } },
{ "type": "Feature", "properties": { "Bina_ID": "Bina_162", "Net_Yukseklik": 7.04, "Gunes_Paneli_Sayisi": 45, "Yillik_Uretim_kWh": 23625.0 }, "geometry": { "type": "Polygon", "coordinates": [ [ [ 34.36530585176537, 38.275482380135983 ], [ 34.365265750147913, 38.275478340675612 ], [ 34.365225311056641, 38.275456280478366 ], [ 34.36520244406676, 38.275456546590078 ], [ 34.365202275330766, 38.275447536228427 ], [ 34.365225057948443, 38.275442764936031 ], [ 34.365213286981167, 38.27542487726911 ], [ 34.365246743744706, 38.275379426289206 ], [ 34.365245562559316, 38.275316353757709 ], [ 34.365256996032102, 38.27531622069862 ], [ 34.365280200467083, 38.2753339753002 ], [ 34.365321398881299, 38.275396582105856 ], [ 34.365299291275747, 38.27543739486196 ], [ 34.365310893516586, 38.27544627215854 ], [ 34.36530585176537, 38.275482380135983 ] ] ] } },
{ "type": "Feature", "properties": { "Bina_ID": "Bina_163", "Net_Yukseklik": 10.45, "Gunes_Paneli_Sayisi": 312, "Yillik_Uretim_kWh": 163800.0 }, "geometry": { "type": "Polygon", "coordinates": [ [ [ 34.369484875085483, 38.275438175698945 ], [ 34.369379942813858, 38.275331252749375 ], [ 34.369527054302274, 38.275248424545936 ], [ 34.369461292938624, 38.275095982761812 ], [ 34.369511050658474, 38.275005278681014 ], [ 34.369664809104947, 38.274971940480995 ], [ 34.369655068542052, 38.275062177424182 ], [ 34.36973048612424, 38.275119876975694 ], [ 34.369685260305246, 38.275147441982512 ], [ 34.369593200433343, 38.275116973662477 ], [ 34.369599763530964, 38.27516195864942 ], [ 34.369554199091098, 38.275171502915704 ], [ 34.369606749834553, 38.275229469499109 ], [ 34.369596585979487, 38.275297180572309 ], [ 34.369699063791089, 38.275273453322676 ], [ 34.369722861795474, 38.275322743232508 ], [ 34.369660062448922, 38.275327982609774 ], [ 34.369729255700399, 38.275358717864073 ], [ 34.369751530075028, 38.275326914664305 ], [ 34.369775074182257, 38.275362689045195 ], [ 34.36968394509077, 38.275381777699671 ], [ 34.369643504762863, 38.275359719049462 ], [ 34.369518413788882, 38.275397228723435 ], [ 34.369484875085483, 38.275438175698945 ] ] ] } },
{ "type": "Feature", "properties": { "Bina_ID": "Bina_164", "Net_Yukseklik": 9.09, "Gunes_Paneli_Sayisi": 38, "Yillik_Uretim_kWh": 19950.0 }, "geometry": { "type": "Polygon", "coordinates": [ [ [ 34.370090340958946, 38.275404069089831 ], [ 34.370101266399267, 38.2753769045285 ], [ 34.370151954902646, 38.27533575707961 ], [ 34.370238044508937, 38.275352776208884 ], [ 34.370232581817113, 38.275366358495589 ], [ 34.370215346954289, 38.275362053639817 ], [ 34.370198450799109, 38.275375769467416 ], [ 34.37021627840749, 38.27541161052563 ], [ 34.37020484494343, 38.275411744068251 ], [ 34.370171137275172, 38.275443680889836 ], [ 34.370131035459799, 38.275439643097499 ], [ 34.370119009288942, 38.275408240430757 ], [ 34.370090340958946, 38.275404069089831 ] ] ] } },
{ "type": "Feature", "properties": { "Bina_ID": "Bina_165", "Net_Yukseklik": 6.12, "Gunes_Paneli_Sayisi": 12, "Yillik_Uretim_kWh": 6300.0 }, "geometry": { "type": "Polygon", "coordinates": [ [ [ 34.366855512480512, 38.275486865507325 ], [ 34.366854667779023, 38.275441813730268 ], [ 34.366865932322327, 38.275432670158601 ], [ 34.366865847851606, 38.275428164980895 ], [ 34.366871564592913, 38.27542809837238 ], [ 34.366877196862795, 38.275423526585897 ], [ 34.366900063826343, 38.275423260147996 ], [ 34.366911666255056, 38.275432137282628 ], [ 34.366912088623025, 38.275454663170713 ], [ 34.366900824082336, 38.275463806746728 ], [ 34.366900908555316, 38.275468311924342 ], [ 34.366878379464126, 38.27548659907329 ], [ 34.366855512480512, 38.275486865507325 ] ] ] } },
{ "type": "Feature", "properties": { "Bina_ID": "Bina_166", "Net_Yukseklik": 4.86, "Gunes_Paneli_Sayisi": 50, "Yillik_Uretim_kWh": 26250.0 }, "geometry": { "type": "Polygon", "coordinates": [ [ [ 34.366958498380995, 38.275490171696539 ], [ 34.366952274777788, 38.275463207244293 ], [ 34.367014314159661, 38.275417422714213 ], [ 34.367025409717812, 38.275399268772752 ], [ 34.367053908928675, 38.275394430511362 ], [ 34.367099220408846, 38.275371371676037 ], [ 34.367122171840279, 38.275375610372421 ], [ 34.367145714689414, 38.275411385304793 ], [ 34.367140335900594, 38.275429472635452 ], [ 34.367066609651111, 38.275461874935907 ], [ 34.367038025933489, 38.275462208023441 ], [ 34.367004401306943, 38.275498649138612 ], [ 34.366975817574158, 38.275498982211261 ], [ 34.366958498380995, 38.275490171696539 ] ] ] } },
{ "type": "Feature", "properties": { "Bina_ID": "Bina_167", "Net_Yukseklik": 3.0, "Gunes_Paneli_Sayisi": 54, "Yillik_Uretim_kWh": 28350.0 }, "geometry": { "type": "Polygon", "coordinates": [ [ [ 34.363946276388667, 38.275552269169992 ], [ 34.363882970615684, 38.275530474366377 ], [ 34.363877001000247, 38.275517025279662 ], [ 34.363910374360891, 38.275467069481969 ], [ 34.363921217841721, 38.275435400269942 ], [ 34.363943663386422, 38.275412608492019 ], [ 34.363960813627521, 38.27541240909283 ], [ 34.364012770116176, 38.275438841978719 ], [ 34.364013865945651, 38.27549740935828 ], [ 34.364002685320585, 38.275511057845868 ], [ 34.363985619349577, 38.275515762434658 ], [ 34.363974860178459, 38.275551936834979 ], [ 34.363946276388667, 38.275552269169992 ] ] ] } },
{ "type": "Feature", "properties": { "Bina_ID": "Bina_168", "Net_Yukseklik": 7.46, "Gunes_Paneli_Sayisi": 17, "Yillik_Uretim_kWh": 8925.0 }, "geometry": { "type": "Polygon", "coordinates": [ [ [ 34.361510430929719, 38.275553527426538 ], [ 34.361515811131603, 38.275535440328106 ], [ 34.361527244656507, 38.275535307631813 ], [ 34.361533045560456, 38.275539746470884 ], [ 34.361555912611372, 38.275539481073814 ], [ 34.361589960752056, 38.275525567407215 ], [ 34.36160711103652, 38.27552536835158 ], [ 34.361618628706204, 38.275529740833917 ], [ 34.361619133587332, 38.275556771958769 ], [ 34.361613500969995, 38.275561343499028 ], [ 34.361590718057947, 38.275566114094971 ], [ 34.361573820196234, 38.275579828711017 ], [ 34.361533802835091, 38.2755802931595 ], [ 34.361522201021195, 38.275571415481288 ], [ 34.361522032739302, 38.275562405106001 ], [ 34.361510430929719, 38.275553527426538 ] ] ] } },
{ "type": "Feature", "properties": { "Bina_ID": "Bina_169", "Net_Yukseklik": 14.12, "Gunes_Paneli_Sayisi": 51, "Yillik_Uretim_kWh": 26775.0 }, "geometry": { "type": "Polygon", "coordinates": [ [ [ 34.366210364373224, 38.275539442217386 ], [ 34.36618169618621, 38.275535269917988 ], [ 34.366152183733497, 38.275486045821573 ], [ 34.366151846026504, 38.275468025105518 ], [ 34.366134358085546, 38.275450204108928 ], [ 34.366145116165448, 38.275414029530317 ], [ 34.366173277735605, 38.275391170765467 ], [ 34.366201861435698, 38.275390837889113 ], [ 34.366213548206495, 38.275404220273508 ], [ 34.366242131911228, 38.275403887387242 ], [ 34.366259451000182, 38.275412698009887 ], [ 34.366276516790499, 38.275407993093381 ], [ 34.366231964902319, 38.275471598226083 ], [ 34.366232640356273, 38.275507639656958 ], [ 34.366210364373224, 38.275539442217386 ] ] ] } },
{ "type": "Feature", "properties": { "Bina_ID": "Bina_170", "Net_Yukseklik": 4.23, "Gunes_Paneli_Sayisi": 20, "Yillik_Uretim_kWh": 10500.0 }, "geometry": { "type": "Polygon", "coordinates": [ [ [ 34.371761406050375, 38.27547917024971 ], [ 34.371744255849471, 38.275479370789355 ], [ 34.371715417869446, 38.275466189510901 ], [ 34.371692127093496, 38.275443931044506 ], [ 34.371691703248963, 38.275421405201421 ], [ 34.37168010025416, 38.27541252855054 ], [ 34.371679930717974, 38.275403518213217 ], [ 34.371685562677413, 38.275398946201548 ], [ 34.371725664540328, 38.275402983461213 ], [ 34.37176021922545, 38.275416097891053 ], [ 34.371771907004181, 38.275429479702289 ], [ 34.371772076551892, 38.275438490039214 ], [ 34.371760897410674, 38.275452139238936 ], [ 34.371761406050375, 38.27547917024971 ] ] ] } },
{ "type": "Feature", "properties": { "Bina_ID": "Bina_171", "Net_Yukseklik": 7.34, "Gunes_Paneli_Sayisi": 149, "Yillik_Uretim_kWh": 78225.0 }, "geometry": { "type": "Polygon", "coordinates": [ [ [ 34.37166405204168, 38.275471296270631 ], [ 34.371618487704289, 38.275480841336865 ], [ 34.3715151626972, 38.275459518567253 ], [ 34.371450498803156, 38.275365645183946 ], [ 34.371346496026945, 38.275308280907147 ], [ 34.371351534768429, 38.275272172725565 ], [ 34.371224580607091, 38.275210570470406 ], [ 34.371235336114829, 38.275174395471716 ], [ 34.371286701769726, 38.275169288902859 ], [ 34.371309060144817, 38.275141990589781 ], [ 34.371372282927624, 38.275159276181931 ], [ 34.371402052977828, 38.275222014411668 ], [ 34.371460067659761, 38.275266397798951 ], [ 34.371455707004095, 38.275338547337405 ], [ 34.371536842996818, 38.275396178860497 ], [ 34.371634705486258, 38.275431083959823 ], [ 34.37166405204168, 38.275471296270631 ] ] ] } },
{ "type": "Feature", "properties": { "Bina_ID": "Bina_172", "Net_Yukseklik": 10.45, "Gunes_Paneli_Sayisi": 207, "Yillik_Uretim_kWh": 108675.0 }, "geometry": { "type": "Polygon", "coordinates": [ [ [ 34.362100099278145, 38.275591744009176 ], [ 34.361995514092349, 38.275502835004254 ], [ 34.361995093242562, 38.275480309070197 ], [ 34.362068232640908, 38.275416373607996 ], [ 34.362166006681257, 38.275446781505181 ], [ 34.362205350496474, 38.275410275350737 ], [ 34.362198960287351, 38.275374300239839 ], [ 34.36222132217879, 38.27534700359503 ], [ 34.362203751028744, 38.275324676806989 ], [ 34.362237462203559, 38.275292742210027 ], [ 34.362266045911944, 38.275292410293176 ], [ 34.362301440809624, 38.275350579406556 ], [ 34.36235339667391, 38.275377013039858 ], [ 34.362354406976117, 38.275431075274312 ], [ 34.36228126781981, 38.275495010910383 ], [ 34.362229985370689, 38.275504618737763 ], [ 34.362145749221938, 38.275586707802475 ], [ 34.362100099278145, 38.275591744009176 ] ] ] } },
{ "type": "Feature", "properties": { "Bina_ID": "Bina_173", "Net_Yukseklik": 7.08, "Gunes_Paneli_Sayisi": 35, "Yillik_Uretim_kWh": 18375.0 }, "geometry": { "type": "Polygon", "coordinates": [ [ [ 34.369080425123187, 38.275519501202069 ], [ 34.368977354539922, 38.275511691704899 ], [ 34.368977185337116, 38.27550268135753 ], [ 34.36901148578945, 38.275502281084428 ], [ 34.369034098942642, 38.275488498709386 ], [ 34.369016694908659, 38.275475183329554 ], [ 34.369016187286547, 38.27544815228773 ], [ 34.36898180225824, 38.275444047388014 ], [ 34.368947078836243, 38.275421921782964 ], [ 34.368952034176168, 38.275381308508813 ], [ 34.368991882100481, 38.275371831184849 ], [ 34.369015425854663, 38.275407605724709 ], [ 34.369015848872188, 38.27543013159309 ], [ 34.369033252895015, 38.275443446973334 ], [ 34.369073439270217, 38.275451990315645 ], [ 34.369080425123187, 38.275519501202069 ] ] ] } },
{ "type": "Feature", "properties": { "Bina_ID": "Bina_174", "Net_Yukseklik": 11.14, "Gunes_Paneli_Sayisi": 55, "Yillik_Uretim_kWh": 28875.0 }, "geometry": { "type": "Polygon", "coordinates": [ [ [ 34.370092373041103, 38.275512193208641 ], [ 34.370052440527154, 38.275517165733341 ], [ 34.370040160375119, 38.275472247543448 ], [ 34.370005351962902, 38.275445617086348 ], [ 34.369982654348725, 38.275454894473221 ], [ 34.369856208908814, 38.275420321755128 ], [ 34.369826694051461, 38.275371098628135 ], [ 34.369849222350979, 38.275352810927131 ], [ 34.369923709135826, 38.275360953450601 ], [ 34.369941451945884, 38.27539228938133 ], [ 34.369981553726596, 38.275396327239193 ], [ 34.369947761304353, 38.275423758826498 ], [ 34.369976598960861, 38.27543694054598 ], [ 34.370010730037862, 38.27542752963771 ], [ 34.370033850972078, 38.275440778104333 ], [ 34.370050577838711, 38.275418051956279 ], [ 34.370027710906911, 38.275418319008146 ], [ 34.370021486180157, 38.275391354739682 ], [ 34.370038636372733, 38.27539115445223 ], [ 34.370092373041103, 38.275512193208641 ] ] ] } },
{ "type": "Feature", "properties": { "Bina_ID": "Bina_175", "Net_Yukseklik": 5.18, "Gunes_Paneli_Sayisi": 30, "Yillik_Uretim_kWh": 15750.0 }, "geometry": { "type": "Polygon", "coordinates": [ [ [ 34.371852619448781, 38.275464585157756 ], [ 34.371852195554354, 38.275442059316262 ], [ 34.371869345745708, 38.275441858760999 ], [ 34.371909617205397, 38.275454906293575 ], [ 34.371943748024108, 38.275445494827395 ], [ 34.371971907745404, 38.275422634704469 ], [ 34.371994859447533, 38.275426872441734 ], [ 34.372012264000368, 38.275440187369725 ], [ 34.372012518366624, 38.275453702873726 ], [ 34.371990075379507, 38.2754764961483 ], [ 34.371944511085417, 38.275486041340422 ], [ 34.371916266548439, 38.275504396289016 ], [ 34.37189339960743, 38.275504663704979 ], [ 34.371852619448781, 38.275464585157756 ] ] ] } },
{ "type": "Feature", "properties": { "Bina_ID": "Bina_176", "Net_Yukseklik": 8.22, "Gunes_Paneli_Sayisi": 21, "Yillik_Uretim_kWh": 11025.0 }, "geometry": { "type": "Polygon", "coordinates": [ [ [ 34.365021785775085, 38.275580315213396 ], [ 34.365021279632074, 38.275553284126957 ], [ 34.365044231012554, 38.275557523231043 ], [ 34.365061128201155, 38.275543808127317 ], [ 34.365055158368968, 38.275530359104678 ], [ 34.365060622044226, 38.275516777041155 ], [ 34.365077772301838, 38.275516577478257 ], [ 34.365111819728824, 38.275502662802083 ], [ 34.365128969982756, 38.275502463231767 ], [ 34.365140572213946, 38.275511340545286 ], [ 34.365146626424881, 38.275529294744203 ], [ 34.365095597452289, 38.275552419360523 ], [ 34.365096103622832, 38.275579450446131 ], [ 34.365044652805501, 38.275580049136167 ], [ 34.365039020406215, 38.275584620836938 ], [ 34.365021785775085, 38.275580315213396 ] ] ] } },
{ "type": "Feature", "properties": { "Bina_ID": "Bina_177", "Net_Yukseklik": 4.81, "Gunes_Paneli_Sayisi": 34, "Yillik_Uretim_kWh": 17850.0 }, "geometry": { "type": "Polygon", "coordinates": [ [ [ 34.364770332762326, 38.275587746950386 ], [ 34.364775374785232, 38.275551638991466 ], [ 34.36480950663276, 38.275542229583259 ], [ 34.364809169256937, 38.27552420885727 ], [ 34.364826066483253, 38.275510493786655 ], [ 34.364860282651684, 38.275505589545553 ], [ 34.364905426219977, 38.275473521181013 ], [ 34.36492257646853, 38.27547332164098 ], [ 34.364940064124383, 38.275491142823626 ], [ 34.364997569053784, 38.275508498388014 ], [ 34.364997737764845, 38.27551750875034 ], [ 34.364877938996912, 38.275532421100266 ], [ 34.364770332762326, 38.275587746950386 ] ] ] } },
{ "type": "Feature", "properties": { "Bina_ID": "Bina_178", "Net_Yukseklik": 10.18, "Gunes_Paneli_Sayisi": 71, "Yillik_Uretim_kWh": 37275.0 }, "geometry": { "type": "Polygon", "coordinates": [ [ [ 34.36664004971869, 38.275584005147785 ], [ 34.366622561631885, 38.275566184227117 ], [ 34.366616338145079, 38.275539219755167 ], [ 34.366700653569303, 38.275461632752702 ], [ 34.36670603246997, 38.275443545440204 ], [ 34.366762946504906, 38.275429363886495 ], [ 34.366786235800411, 38.275451623360105 ], [ 34.366816002065434, 38.275514362822712 ], [ 34.36679910522134, 38.275528078172975 ], [ 34.366759256904594, 38.275537554758692 ], [ 34.366696963876279, 38.275569823624124 ], [ 34.36664004971869, 38.275584005147785 ] ] ] } },
{ "type": "Feature", "properties": { "Bina_ID": "Bina_179", "Net_Yukseklik": 3.0, "Gunes_Paneli_Sayisi": 15, "Yillik_Uretim_kWh": 7875.0 }, "geometry": { "type": "Polygon", "coordinates": [ [ [ 34.365290895232739, 38.275599714427422 ], [ 34.365279461715659, 38.275599847490639 ], [ 34.365215649308979, 38.275551022330724 ], [ 34.365209932554087, 38.275551088858741 ], [ 34.3652095950792, 38.275533068135786 ], [ 34.365192107348285, 38.275515246994885 ], [ 34.365191938613215, 38.275506236633291 ], [ 34.365226239121448, 38.275505837466689 ], [ 34.365255666592695, 38.27555055662684 ], [ 34.365290473363423, 38.27557718852465 ], [ 34.365301906876894, 38.275577055460431 ], [ 34.365302160000546, 38.275590571002034 ], [ 34.365296443242762, 38.275590637534329 ], [ 34.365290895232739, 38.275599714427422 ] ] ] } },
{ "type": "Feature", "properties": { "Bina_ID": "Bina_180", "Net_Yukseklik": 5.9, "Gunes_Paneli_Sayisi": 12, "Yillik_Uretim_kWh": 6300.0 }, "geometry": { "type": "Polygon", "coordinates": [ [ [ 34.370201668518128, 38.275546965980979 ], [ 34.370190235032773, 38.275547099522562 ], [ 34.370184433613964, 38.27554266112157 ], [ 34.3701787168716, 38.275542727891661 ], [ 34.370161312620404, 38.275529412685984 ], [ 34.370149879137614, 38.275529546223581 ], [ 34.3701497944637, 38.275525041052127 ], [ 34.370143993049084, 38.275520602649024 ], [ 34.370143823702058, 38.275511592306088 ], [ 34.370149540442078, 38.275511525537745 ], [ 34.370155172507872, 38.275506953597663 ], [ 34.370155087833702, 38.275502448426217 ], [ 34.370160719898465, 38.275497876485872 ], [ 34.370160550549514, 38.27548886614295 ], [ 34.370177700764025, 38.27548866583475 ], [ 34.370195105008186, 38.275501981038225 ], [ 34.370200821747318, 38.275501914267394 ], [ 34.370218225998833, 38.27551522946726 ], [ 34.370223942738953, 38.275515162695285 ], [ 34.370224112095904, 38.27552417303793 ], [ 34.370218480033223, 38.275528744981237 ], [ 34.370218564711394, 38.275533250152563 ], [ 34.370201668518128, 38.275546965980979 ] ] ] } },
{ "type": "Feature", "properties": { "Bina_ID": "Bina_181", "Net_Yukseklik": 18.07, "Gunes_Paneli_Sayisi": 58, "Yillik_Uretim_kWh": 30450.0 }, "geometry": { "type": "Polygon", "coordinates": [ [ [ 34.368366593151414, 38.275568385150507 ], [ 34.368217534905064, 38.27554759290517 ], [ 34.368194076043387, 38.275516323374617 ], [ 34.368159775572721, 38.275516723408892 ], [ 34.36815388972645, 38.27550777972985 ], [ 34.36812522145506, 38.275503607907311 ], [ 34.368125052357598, 38.275494597556722 ], [ 34.368187513772412, 38.275471338295937 ], [ 34.368273349451229, 38.275474843347205 ], [ 34.36830790358043, 38.275487958804973 ], [ 34.368330770550514, 38.275487692087864 ], [ 34.368366170332372, 38.275545859276562 ], [ 34.368366593151414, 38.275568385150507 ] ] ] } },
{ "type": "Feature", "properties": { "Bina_ID": "Bina_182", "Net_Yukseklik": 14.2, "Gunes_Paneli_Sayisi": 142, "Yillik_Uretim_kWh": 74550.0 }, "geometry": { "type": "Polygon", "coordinates": [ [ [ 34.361231655444655, 38.275628861136823 ], [ 34.361247796266369, 38.275574599875583 ], [ 34.361236110364111, 38.275561216980243 ], [ 34.361179279190686, 38.275579901062201 ], [ 34.361184407116795, 38.275548298412616 ], [ 34.361212738572597, 38.27553445118572 ], [ 34.3612114767487, 38.275466873361665 ], [ 34.361233754920221, 38.275435071709808 ], [ 34.361284869213407, 38.27541645393994 ], [ 34.361370620516631, 38.275415458862 ], [ 34.361354059167283, 38.275447194199018 ], [ 34.361388780364393, 38.275469322094729 ], [ 34.361379029487118, 38.275559558536315 ], [ 34.361408370515726, 38.275599773517243 ], [ 34.361322703125808, 38.27560527381479 ], [ 34.361334557310059, 38.275627667076876 ], [ 34.361312110870266, 38.27565045837121 ], [ 34.361231655444655, 38.275628861136823 ] ] ] } },
{ "type": "Feature", "properties": { "Bina_ID": "Bina_183", "Net_Yukseklik": 11.25, "Gunes_Paneli_Sayisi": 151, "Yillik_Uretim_kWh": 79275.0 }, "geometry": { "type": "Polygon", "coordinates": [ [ [ 34.370721976730856, 38.275545393830839 ], [ 34.370577448886777, 38.275461465411766 ], [ 34.370575585488396, 38.275362351655538 ], [ 34.370620556983972, 38.275321270798088 ], [ 34.370672007498833, 38.275320669666456 ], [ 34.370665189609085, 38.275262169241365 ], [ 34.370750262713869, 38.275225125947152 ], [ 34.370750855684996, 38.275256662140933 ], [ 34.370872008101955, 38.275313826547674 ], [ 34.370941794885432, 38.275376097268349 ], [ 34.370896315223689, 38.275390147224975 ], [ 34.370878741444947, 38.275367821786816 ], [ 34.370775755643947, 38.275364519039677 ], [ 34.370746748457421, 38.275342327177782 ], [ 34.370701692314228, 38.275378902911854 ], [ 34.370667053122574, 38.275361282995576 ], [ 34.370640078859253, 38.275447215201339 ], [ 34.370669594292082, 38.275496438112114 ], [ 34.370738957533916, 38.275536183099661 ], [ 34.370721976730856, 38.275545393830839 ] ] ] } },
{ "type": "Feature", "properties": { "Bina_ID": "Bina_184", "Net_Yukseklik": 3.44, "Gunes_Paneli_Sayisi": 25, "Yillik_Uretim_kWh": 13125.0 }, "geometry": { "type": "Polygon", "coordinates": [ [ [ 34.367903959119388, 38.275596311332734 ], [ 34.367903790048715, 38.275587300981464 ], [ 34.367965828920944, 38.275541515958309 ], [ 34.367976755178084, 38.275514351580206 ], [ 34.367993651792354, 38.275500636064486 ], [ 34.368010802025175, 38.275500436072946 ], [ 34.368011055650257, 38.275513951599457 ], [ 34.36803434534724, 38.275536210817251 ], [ 34.368034768063623, 38.275558736694371 ], [ 34.368023334566068, 38.275558870024845 ], [ 34.368012154694256, 38.275572518880558 ], [ 34.367989456775675, 38.275581795887035 ], [ 34.367960873022056, 38.275582129200259 ], [ 34.367938344168643, 38.275600416548102 ], [ 34.367903959119388, 38.275596311332734 ] ] ] } },
{ "type": "Feature", "properties": { "Bina_ID": "Bina_185", "Net_Yukseklik": 3.59, "Gunes_Paneli_Sayisi": 20, "Yillik_Uretim_kWh": 10500.0 }, "geometry": { "type": "Polygon", "coordinates": [ [ [ 34.365943280895493, 38.275628169417281 ], [ 34.365926299444347, 38.275637379465813 ], [ 34.365915287987526, 38.275660038487736 ], [ 34.365869469482988, 38.275656065798593 ], [ 34.365857698323488, 38.275638178200587 ], [ 34.365857191869537, 38.275611147123847 ], [ 34.365839872779539, 38.275602336442084 ], [ 34.365828439264661, 38.275602469558798 ], [ 34.365822469286947, 38.275589020578096 ], [ 34.365839619556098, 38.275588820903515 ], [ 34.365862655399816, 38.275597565025819 ], [ 34.365908389455122, 38.275597032538961 ], [ 34.365925708551813, 38.275605843210492 ], [ 34.365942858824198, 38.275605643520763 ], [ 34.365943280895493, 38.275628169417281 ] ] ] } },
{ "type": "Feature", "properties": { "Bina_ID": "Bina_186", "Net_Yukseklik": 3.0, "Gunes_Paneli_Sayisi": 13, "Yillik_Uretim_kWh": 6825.0 }, "geometry": { "type": "Polygon", "coordinates": [ [ [ 34.366235511049062, 38.275660815735542 ], [ 34.366223908663429, 38.275651938533493 ], [ 34.366223739800034, 38.275642928175998 ], [ 34.366212137418721, 38.27563405097267 ], [ 34.366211968556883, 38.275625040615104 ], [ 34.366206167368027, 38.27562060201295 ], [ 34.366205660785212, 38.275593570940053 ], [ 34.366228105649597, 38.275570778738057 ], [ 34.366239454725168, 38.27556614040369 ], [ 34.366256604985963, 38.27556594066828 ], [ 34.36625677385296, 38.275574951025781 ], [ 34.366251141531841, 38.275579522783318 ], [ 34.366251563697979, 38.27560204867703 ], [ 34.366240299050297, 38.275611192191377 ], [ 34.366240721213565, 38.275633718085075 ], [ 34.366252323598225, 38.275642595285504 ], [ 34.366252576898638, 38.275656110821593 ], [ 34.366246944571138, 38.275660682578987 ], [ 34.366235511049062, 38.275660815735542 ] ] ] } },
{ "type": "Feature", "properties": { "Bina_ID": "Bina_187", "Net_Yukseklik": 3.0, "Gunes_Paneli_Sayisi": 13, "Yillik_Uretim_kWh": 6825.0 }, "geometry": { "type": "Polygon", "coordinates": [ [ [ 34.365343274207767, 38.275648672613833 ], [ 34.365343021075972, 38.275635157072607 ], [ 34.365348737837138, 38.275635090537982 ], [ 34.365359918224605, 38.275621441926738 ], [ 34.365371351744685, 38.275621308855612 ], [ 34.365382616505428, 38.27561216542265 ], [ 34.365382447746235, 38.275603155061923 ], [ 34.365388080124873, 38.275598583345072 ], [ 34.365422465055779, 38.275602689300634 ], [ 34.365428266196616, 38.275607127942465 ], [ 34.365428772491477, 38.275634159024072 ], [ 34.365417338969657, 38.275634292100833 ], [ 34.365417170206044, 38.275625281740254 ], [ 34.365411369064383, 38.275620843097904 ], [ 34.365394640686659, 38.275643568611628 ], [ 34.365395146969711, 38.275670599693449 ], [ 34.365383713442021, 38.275670732767033 ], [ 34.365360508872755, 38.27565297818942 ], [ 34.365343274207767, 38.275648672613833 ] ] ] } },
{ "type": "Feature", "properties": { "Bina_ID": "Bina_188", "Net_Yukseklik": 4.56, "Gunes_Paneli_Sayisi": 91, "Yillik_Uretim_kWh": 47775.0 }, "geometry": { "type": "Polygon", "coordinates": [ [ [ 34.36631579901433, 38.275673399151927 ], [ 34.366286877462194, 38.275655711343632 ], [ 34.366292172043096, 38.275633118869855 ], [ 34.366262997210768, 38.275601915519076 ], [ 34.366369757887902, 38.275501536534854 ], [ 34.366345539875375, 38.275429720011282 ], [ 34.366385472632629, 38.275424748744662 ], [ 34.36636950456716, 38.275488020999063 ], [ 34.366421884169604, 38.275536978692642 ], [ 34.366514365574027, 38.275589975405843 ], [ 34.366497975345943, 38.275630721783443 ], [ 34.366446355631744, 38.275622310732182 ], [ 34.366412392859353, 38.275640730970117 ], [ 34.366337315042053, 38.275601049965225 ], [ 34.36631579901433, 38.275673399151927 ] ] ] } },
{ "type": "Feature", "properties": { "Bina_ID": "Bina_189", "Net_Yukseklik": 9.88, "Gunes_Paneli_Sayisi": 61, "Yillik_Uretim_kWh": 32025.0 }, "geometry": { "type": "Polygon", "coordinates": [ [ [ 34.361913886801958, 38.275724584697542 ], [ 34.361890683039675, 38.275706829418127 ], [ 34.361884545445939, 38.275684369850062 ], [ 34.361867058475653, 38.275666548199318 ], [ 34.361866385175766, 38.275630506703891 ], [ 34.361894548200326, 38.275607648940472 ], [ 34.361991480730353, 38.275593005110814 ], [ 34.362020485418576, 38.27561519918509 ], [ 34.362015610367315, 38.275660317424126 ], [ 34.361970549549916, 38.275696889888131 ], [ 34.361965169450791, 38.275714977005052 ], [ 34.361942470683481, 38.275724252856378 ], [ 34.361913886801958, 38.275724584697542 ] ] ] } },
{ "type": "Feature", "properties": { "Bina_ID": "Bina_190", "Net_Yukseklik": 13.87, "Gunes_Paneli_Sayisi": 15, "Yillik_Uretim_kWh": 7875.0 }, "geometry": { "type": "Polygon", "coordinates": [ [ [ 34.366018696210681, 38.275685871394153 ], [ 34.36601264177213, 38.275667917244981 ], [ 34.366023906457592, 38.2756587737519 ], [ 34.366012304097438, 38.275649896528435 ], [ 34.366012050841611, 38.27563638099096 ], [ 34.366040550219417, 38.275631542972988 ], [ 34.366046182557966, 38.275626971225286 ], [ 34.366074766352014, 38.275626638378178 ], [ 34.366108813630703, 38.27561272341547 ], [ 34.366125963903393, 38.275612523698946 ], [ 34.366126217180117, 38.275626039235817 ], [ 34.366080820802033, 38.275644592524031 ], [ 34.366035846501219, 38.275685671690482 ], [ 34.366018696210681, 38.275685871394153 ] ] ] } },
{ "type": "Feature", "properties": { "Bina_ID": "Bina_191", "Net_Yukseklik": 9.46, "Gunes_Paneli_Sayisi": 71, "Yillik_Uretim_kWh": 37275.0 }, "geometry": { "type": "Polygon", "coordinates": [ [ [ 34.371433310352749, 38.275667758834381 ], [ 34.371410358603661, 38.275663520988218 ], [ 34.371398670851391, 38.275650139140936 ], [ 34.371352513124855, 38.27562814792288 ], [ 34.371328968163304, 38.275592373876393 ], [ 34.37132879866941, 38.275583363538033 ], [ 34.371351411395572, 38.275569580724195 ], [ 34.371362505883084, 38.27555142639283 ], [ 34.371362166887579, 38.275533405716203 ], [ 34.371396128316455, 38.275514984069211 ], [ 34.371447833213558, 38.275527898101963 ], [ 34.371494245174496, 38.275563404790205 ], [ 34.371494923231815, 38.2755994461412 ], [ 34.371483659257542, 38.275608590146724 ], [ 34.371484083040642, 38.275631115991054 ], [ 34.371455753574281, 38.275644965662657 ], [ 34.371456007839242, 38.275658481169337 ], [ 34.371433310352749, 38.275667758834381 ] ] ] } },
{ "type": "Feature", "properties": { "Bina_ID": "Bina_192", "Net_Yukseklik": 5.96, "Gunes_Paneli_Sayisi": 47, "Yillik_Uretim_kWh": 24675.0 }, "geometry": { "type": "Polygon", "coordinates": [ [ [ 34.372107632238226, 38.275646355304524 ], [ 34.372090736383122, 38.27566007139859 ], [ 34.37204517198937, 38.275669616631447 ], [ 34.372022728948231, 38.275692409912509 ], [ 34.372005578699046, 38.275692610491291 ], [ 34.371993806046156, 38.275674723537669 ], [ 34.372016333880858, 38.275656435429838 ], [ 34.372009599663983, 38.275602440274973 ], [ 34.371997996601941, 38.275593563657075 ], [ 34.371935282007577, 38.275603309421562 ], [ 34.371894501769496, 38.275563230891031 ], [ 34.371894247424123, 38.275549715386596 ], [ 34.371951584381996, 38.275558057173342 ], [ 34.371992110284047, 38.275584620179728 ], [ 34.372003204612312, 38.275566465790789 ], [ 34.372054655270396, 38.275565864049632 ], [ 34.372066343127138, 38.275579245829725 ], [ 34.372067021467636, 38.275615287171966 ], [ 34.372095859568425, 38.275628468361347 ], [ 34.372107632238226, 38.275646355304524 ] ] ] } },
{ "type": "Feature", "properties": { "Bina_ID": "Bina_193", "Net_Yukseklik": 3.0, "Gunes_Paneli_Sayisi": 12, "Yillik_Uretim_kWh": 6300.0 }, "geometry": { "type": "Polygon", "coordinates": [ [ [ 34.371908393950442, 38.275693747057055 ], [ 34.37189696045025, 38.275693880765388 ], [ 34.371891158918118, 38.275689442451089 ], [ 34.371890650226469, 38.275662411442767 ], [ 34.371873245641005, 38.275649096497808 ], [ 34.371872482614862, 38.275608549984689 ], [ 34.371889632845232, 38.275608349425731 ], [ 34.371895434370664, 38.275612787740279 ], [ 34.371906867858158, 38.275612654032344 ], [ 34.37191847091249, 38.275621530659372 ], [ 34.371919318748219, 38.275666582339625 ], [ 34.371913686783607, 38.275671154362442 ], [ 34.3719140259171, 38.275689175034472 ], [ 34.371908393950442, 38.275693747057055 ] ] ] } },
{ "type": "Feature", "properties": { "Bina_ID": "Bina_194", "Net_Yukseklik": 15.17, "Gunes_Paneli_Sayisi": 47, "Yillik_Uretim_kWh": 24675.0 }, "geometry": { "type": "Polygon", "coordinates": [ [ [ 34.368546941633262, 38.275733009336292 ], [ 34.368506163147927, 38.275692929594868 ], [ 34.368505824856655, 38.275674908897145 ], [ 34.368482704115507, 38.275661660126005 ], [ 34.36847656450518, 38.275639200940795 ], [ 34.368573664743813, 38.275633562044547 ], [ 34.368584929095384, 38.275624418311565 ], [ 34.368602079353082, 38.275624218233077 ], [ 34.368608219000485, 38.275646677411061 ], [ 34.368631255178386, 38.275655420982929 ], [ 34.368643027013036, 38.27567330828969 ], [ 34.368643365338208, 38.275691328986383 ], [ 34.368626468805907, 38.275705044593792 ], [ 34.368609318529373, 38.275705244676217 ], [ 34.368592506565655, 38.275723465453105 ], [ 34.368546941633262, 38.275733009336292 ] ] ] } },
{ "type": "Feature", "properties": { "Bina_ID": "Bina_195", "Net_Yukseklik": 5.2, "Gunes_Paneli_Sayisi": 35, "Yillik_Uretim_kWh": 18375.0 }, "geometry": { "type": "Polygon", "coordinates": [ [ [ 34.372285784220765, 38.275693839224708 ], [ 34.372296878490836, 38.275675684809379 ], [ 34.372364885783895, 38.275643346138999 ], [ 34.372363868051735, 38.275589284132515 ], [ 34.372403970050229, 38.275593321157473 ], [ 34.372449025448645, 38.275556744784417 ], [ 34.37248929707016, 38.275569792114567 ], [ 34.372478287681844, 38.275592451714218 ], [ 34.372438355311509, 38.2755974250489 ], [ 34.372427091458633, 38.275606569142802 ], [ 34.372438779389377, 38.275619950884263 ], [ 34.372439288283452, 38.275646981886567 ], [ 34.372428109238307, 38.275660631147652 ], [ 34.372388007201586, 38.275656594131718 ], [ 34.372302934468223, 38.275693638604963 ], [ 34.372285784220765, 38.275693839224708 ] ] ] } },
{ "type": "Feature", "properties": { "Bina_ID": "Bina_196", "Net_Yukseklik": 9.84, "Gunes_Paneli_Sayisi": 308, "Yillik_Uretim_kWh": 161700.0 }, "geometry": { "type": "Polygon", "coordinates": [ [ [ 34.367352307133508, 38.275755951969657 ], [ 34.367298067797321, 38.275607880820154 ], [ 34.367344731341397, 38.275656904716932 ], [ 34.367267625113641, 38.275509100074323 ], [ 34.367307473343637, 38.275499623317387 ], [ 34.367348589074616, 38.275557724198102 ], [ 34.367479398255227, 38.275520150174771 ], [ 34.367481903664583, 38.27534888682743 ], [ 34.367515950534155, 38.275334971463124 ], [ 34.367699477616718, 38.275364375076883 ], [ 34.36771730400482, 38.27540021653811 ], [ 34.367631806500235, 38.275414731782909 ], [ 34.367638960053213, 38.275491253133211 ], [ 34.367587847414818, 38.275509873642321 ], [ 34.36764662073999, 38.275594805538589 ], [ 34.367436283975302, 38.27566034374513 ], [ 34.367352307133508, 38.275755951969657 ] ] ] } },
{ "type": "Feature", "properties": { "Bina_ID": "Bina_197", "Net_Yukseklik": 10.44, "Gunes_Paneli_Sayisi": 106, "Yillik_Uretim_kWh": 55650.0 }, "geometry": { "type": "Polygon", "coordinates": [ [ [ 34.371552768754405, 38.27563481913559 ], [ 34.371574788117087, 38.275589500098249 ], [ 34.371568562803958, 38.275562535923726 ], [ 34.371591514529328, 38.275566773739428 ], [ 34.371602608955946, 38.275548619386484 ], [ 34.371636909392194, 38.275548218345477 ], [ 34.371694500631612, 38.275570075764094 ], [ 34.371762847199918, 38.275555758112823 ], [ 34.371808665892672, 38.275559728495033 ], [ 34.371769157358095, 38.275587227444092 ], [ 34.371717960991781, 38.275601344565658 ], [ 34.371741421372334, 38.275632613362006 ], [ 34.371775637071423, 38.275627707111383 ], [ 34.371775976170262, 38.275645727784585 ], [ 34.3717476467559, 38.27565957752573 ], [ 34.371731089916786, 38.27569131424265 ], [ 34.371679978239101, 38.275709936517316 ], [ 34.371616754906746, 38.275692651102986 ], [ 34.371552768754405, 38.27563481913559 ] ] ] } },
{ "type": "Feature", "properties": { "Bina_ID": "Bina_198", "Net_Yukseklik": 12.76, "Gunes_Paneli_Sayisi": 38, "Yillik_Uretim_kWh": 19950.0 }, "geometry": { "type": "Polygon", "coordinates": [ [ [ 34.369204369046315, 38.275725338061832 ], [ 34.369164267119054, 38.275721299941068 ], [ 34.369158719586778, 38.275730377008053 ], [ 34.369136021772299, 38.275739654234336 ], [ 34.369107437970499, 38.275739987828025 ], [ 34.369095835230794, 38.275731110917008 ], [ 34.369038752238346, 38.275736283251113 ], [ 34.369009914624392, 38.275723101300748 ], [ 34.369009322396337, 38.275691565086511 ], [ 34.369020586700735, 38.275682421312659 ], [ 34.369054887236999, 38.27568202102529 ], [ 34.369060350171821, 38.275668438789566 ], [ 34.3691060842105, 38.275667905055499 ], [ 34.369106253430239, 38.27567691540213 ], [ 34.369129458897284, 38.27569466922133 ], [ 34.369180825093196, 38.275689563565464 ], [ 34.369204369046315, 38.275725338061832 ] ] ] } },
{ "type": "Feature", "properties": { "Bina_ID": "Bina_199", "Net_Yukseklik": 3.0, "Gunes_Paneli_Sayisi": 47, "Yillik_Uretim_kWh": 24675.0 }, "geometry": { "type": "Polygon", "coordinates": [ [ [ 34.3684616976347, 38.275761040712609 ], [ 34.368444547343813, 38.275761240771203 ], [ 34.368322888631212, 38.275677042790953 ], [ 34.368316579946402, 38.275645573246905 ], [ 34.368344910032427, 38.275631724322274 ], [ 34.368344656344391, 38.275618208797923 ], [ 34.368379210554536, 38.275631324232855 ], [ 34.368414103045033, 38.275662460355839 ], [ 34.368477748499139, 38.275702273383736 ], [ 34.36847228545259, 38.275715855594321 ], [ 34.36847842506878, 38.275738314779382 ], [ 34.3684616976347, 38.275761040712609 ] ] ] } },
{ "type": "Feature", "properties": { "Bina_ID": "Bina_200", "Net_Yukseklik": 13.78, "Gunes_Paneli_Sayisi": 36, "Yillik_Uretim_kWh": 18900.0 }, "geometry": { "type": "Polygon", "coordinates": [ [ [ 34.365614747020516, 38.275794216119074 ], [ 34.365534037080756, 38.27575910632352 ], [ 34.365522772317306, 38.27576824977087 ], [ 34.365459972218034, 38.275773486911881 ], [ 34.365454086677261, 38.275764543091903 ], [ 34.365397003346736, 38.27576971365901 ], [ 34.365402466974409, 38.275756131580948 ], [ 34.365385147902366, 38.275747320831847 ], [ 34.365384979142043, 38.27573831047134 ], [ 34.365418942227791, 38.275719890525465 ], [ 34.365459128370148, 38.275728435110771 ], [ 34.365475941131834, 38.275710214768289 ], [ 34.365504524965317, 38.275709882059481 ], [ 34.36553907873364, 38.275722998339695 ], [ 34.365545133061261, 38.275740952515228 ], [ 34.365614493837072, 38.275780700579702 ], [ 34.365614747020516, 38.275794216119074 ] ] ] } },
{ "type": "Feature", "properties": { "Bina_ID": "Bina_201", "Net_Yukseklik": 3.0, "Gunes_Paneli_Sayisi": 11, "Yillik_Uretim_kWh": 5775.0 }, "geometry": { "type": "Polygon", "coordinates": [ [ [ 34.372086291546537, 38.275727715776817 ], [ 34.372086206752371, 38.275723210609172 ], [ 34.372080405206617, 38.275718772304515 ], [ 34.372079896444284, 38.275691741298473 ], [ 34.372085528399772, 38.275687169267869 ], [ 34.372108395396175, 38.275686901813387 ], [ 34.37212537605037, 38.2756776908844 ], [ 34.372142526295185, 38.275677490288167 ], [ 34.372159846136967, 38.27568630002451 ], [ 34.372160100532824, 38.275699815527112 ], [ 34.372154468581165, 38.275704387561213 ], [ 34.372148751830835, 38.275704454427526 ], [ 34.372131855970501, 38.275718170527497 ], [ 34.372126139219041, 38.275718237392724 ], [ 34.372120507263809, 38.275722809425261 ], [ 34.372109073760072, 38.275722943154349 ], [ 34.372103441803397, 38.275727515186077 ], [ 34.372086291546537, 38.275727715776817 ] ] ] } },
{ "type": "Feature", "properties": { "Bina_ID": "Bina_202", "Net_Yukseklik": 8.9, "Gunes_Paneli_Sayisi": 33, "Yillik_Uretim_kWh": 17325.0 }, "geometry": { "type": "Polygon", "coordinates": [ [ [ 34.364374712743903, 38.275835681561553 ], [ 34.36437454410791, 38.275826671197365 ], [ 34.364328135358683, 38.275791161631538 ], [ 34.364322081324403, 38.275773207387772 ], [ 34.364361592843039, 38.275745710893389 ], [ 34.364378743159499, 38.275745511431666 ], [ 34.364401357289729, 38.275731729932488 ], [ 34.364430025465573, 38.27573590266735 ], [ 34.364458356352984, 38.275722054667114 ], [ 34.364469536922591, 38.275708406137561 ], [ 34.36449240399844, 38.275708140167218 ], [ 34.364492572648281, 38.275717150531136 ], [ 34.364408085898468, 38.275785725628552 ], [ 34.364396989625035, 38.275803879334575 ], [ 34.364402790721343, 38.275808318027849 ], [ 34.364397579860572, 38.275835415608945 ], [ 34.364374712743903, 38.275835681561553 ] ] ] } },
{ "type": "Feature", "properties": { "Bina_ID": "Bina_203", "Net_Yukseklik": 3.0, "Gunes_Paneli_Sayisi": 55, "Yillik_Uretim_kWh": 28875.0 }, "geometry": { "type": "Polygon", "coordinates": [ [ [ 34.370051719202536, 38.275783037618325 ], [ 34.370051211191118, 38.275756006589596 ], [ 34.370078524935863, 38.275688095194319 ], [ 34.37010710870571, 38.275687761364438 ], [ 34.370124428313069, 38.275696571405916 ], [ 34.370233470044553, 38.275717828628402 ], [ 34.370217166563478, 38.275763080657399 ], [ 34.370177064569766, 38.275759042884367 ], [ 34.370149073495007, 38.275790912930667 ], [ 34.370114688250681, 38.275786808367542 ], [ 34.370074755588597, 38.275791780902431 ], [ 34.370051719202536, 38.275783037618325 ] ] ] } },
{ "type": "Feature", "properties": { "Bina_ID": "Bina_204", "Net_Yukseklik": 3.0, "Gunes_Paneli_Sayisi": 36, "Yillik_Uretim_kWh": 18900.0 }, "geometry": { "type": "Polygon", "coordinates": [ [ [ 34.36801663544508, 38.275811293174087 ], [ 34.368009988708842, 38.275761802910822 ], [ 34.368015620930819, 38.275757231070784 ], [ 34.368020323179394, 38.275703102302074 ], [ 34.368071774019647, 38.275702502305592 ], [ 34.368100780558422, 38.275724694840335 ], [ 34.368106750964884, 38.27573814369665 ], [ 34.368118269039186, 38.275742515532649 ], [ 34.368118522686387, 38.275756031057959 ], [ 34.368101372394214, 38.275756231066367 ], [ 34.36807901261782, 38.275783528791351 ], [ 34.368079519898586, 38.275810559842228 ], [ 34.368073887676694, 38.275815131685299 ], [ 34.36801663544508, 38.275811293174087 ] ] ] } },
{ "type": "Feature", "properties": { "Bina_ID": "Bina_205", "Net_Yukseklik": 5.48, "Gunes_Paneli_Sayisi": 13, "Yillik_Uretim_kWh": 6825.0 }, "geometry": { "type": "Polygon", "coordinates": [ [ [ 34.360830810615127, 38.275903881487245 ], [ 34.360813407941606, 38.275890564864945 ], [ 34.360812735157133, 38.275854523355086 ], [ 34.360840898604174, 38.275831665837714 ], [ 34.360852332178737, 38.275831533206322 ], [ 34.360852416279108, 38.275836038395006 ], [ 34.360858217167454, 38.275840477267572 ], [ 34.360858385368999, 38.275849487644905 ], [ 34.360870071250844, 38.275862870577662 ], [ 34.360870491758831, 38.275885396520785 ], [ 34.360859226377826, 38.275894539531365 ], [ 34.360859310478816, 38.275899044719992 ], [ 34.360853593686265, 38.275899111036267 ], [ 34.360847960993993, 38.275903682540907 ], [ 34.360830810615127, 38.275903881487245 ] ] ] } },
{ "type": "Feature", "properties": { "Bina_ID": "Bina_206", "Net_Yukseklik": 3.07, "Gunes_Paneli_Sayisi": 22, "Yillik_Uretim_kWh": 11550.0 }, "geometry": { "type": "Polygon", "coordinates": [ [ [ 34.372378439575684, 38.275755841563139 ], [ 34.372378015514393, 38.275733315727727 ], [ 34.37242341027023, 38.275714760031718 ], [ 34.372451569939059, 38.275691899795547 ], [ 34.37246872018487, 38.275691699151579 ], [ 34.372468805002576, 38.275696204318521 ], [ 34.372492011274772, 38.275713957456887 ], [ 34.372492265732447, 38.275727472957534 ], [ 34.372481171504106, 38.275745627390421 ], [ 34.37245258774, 38.275745961799082 ], [ 34.372418796111234, 38.275773394082222 ], [ 34.372407362600995, 38.275773527840528 ], [ 34.372378439575684, 38.275755841563139 ] ] ] } },
{ "type": "Feature", "properties": { "Bina_ID": "Bina_207", "Net_Yukseklik": 3.7, "Gunes_Paneli_Sayisi": 17, "Yillik_Uretim_kWh": 8925.0 }, "geometry": { "type": "Polygon", "coordinates": [ [ [ 34.370606922604971, 38.275812601552531 ], [ 34.370600104709361, 38.275754101128314 ], [ 34.370622548222052, 38.275731308110949 ], [ 34.370616662059199, 38.27572236456183 ], [ 34.370615984433009, 38.275686323198329 ], [ 34.370621531778525, 38.27567724606584 ], [ 34.370650115537622, 38.275676912103762 ], [ 34.370656425229271, 38.275708381503108 ], [ 34.370634151143143, 38.275740184867452 ], [ 34.370640630244196, 38.275780664608021 ], [ 34.370623649372263, 38.275789875325913 ], [ 34.370624072892426, 38.27581240117766 ], [ 34.370606922604971, 38.275812601552531 ] ] ] } },
{ "type": "Feature", "properties": { "Bina_ID": "Bina_208", "Net_Yukseklik": 3.0, "Gunes_Paneli_Sayisi": 147, "Yillik_Uretim_kWh": 77175.0 }, "geometry": { "type": "Polygon", "coordinates": [ [ [ 34.367211246830273, 38.275856731585513 ], [ 34.367198968356632, 38.27581181306887 ], [ 34.367210063925327, 38.275793659110875 ], [ 34.367192829125791, 38.275789353809827 ], [ 34.367186689898922, 38.275766894550323 ], [ 34.367157852593877, 38.275753712138624 ], [ 34.367106570670991, 38.275763322089027 ], [ 34.367095475080617, 38.275781476037729 ], [ 34.367078240290233, 38.275777170719657 ], [ 34.367088913456996, 38.27573649088729 ], [ 34.367058555479389, 38.275642215262117 ], [ 34.367240815758244, 38.275604041926314 ], [ 34.367302377217499, 38.275837644830347 ], [ 34.367211246830273, 38.275856731585513 ] ] ] } },
{ "type": "Feature", "properties": { "Bina_ID": "Bina_209", "Net_Yukseklik": 5.68, "Gunes_Paneli_Sayisi": 17, "Yillik_Uretim_kWh": 8925.0 }, "geometry": { "type": "Polygon", "coordinates": [ [ [ 34.360659643171907, 38.275923891568745 ], [ 34.360648377758039, 38.275933034559614 ], [ 34.360614076983481, 38.275933432391703 ], [ 34.360596758426205, 38.2759246209258 ], [ 34.360573891245387, 38.275924886138192 ], [ 34.360562289489437, 38.275916008364383 ], [ 34.3605618690762, 38.275893482418496 ], [ 34.360584399911389, 38.275875196452027 ], [ 34.360601550285267, 38.275874997541827 ], [ 34.360630470588553, 38.275892686775542 ], [ 34.360641904173683, 38.275892554164471 ], [ 34.360659222728479, 38.275901365623803 ], [ 34.360659643171907, 38.275923891568745 ] ] ] } },
{ "type": "Feature", "properties": { "Bina_ID": "Bina_210", "Net_Yukseklik": 8.21, "Gunes_Paneli_Sayisi": 71, "Yillik_Uretim_kWh": 37275.0 }, "geometry": { "type": "Polygon", "coordinates": [ [ [ 34.361820572964035, 38.275932951501986 ], [ 34.361762815935705, 38.275902078812585 ], [ 34.361750540794098, 38.275857159663197 ], [ 34.361779208887256, 38.275861333047793 ], [ 34.361784757358528, 38.275852256312625 ], [ 34.361721451933498, 38.275830460336266 ], [ 34.361720862855542, 38.275798924026752 ], [ 34.361749278457161, 38.275789581857971 ], [ 34.361789800878675, 38.275816148455618 ], [ 34.361817963997787, 38.275793290709501 ], [ 34.36181157393996, 38.275757315576833 ], [ 34.361822839178053, 38.275748172477222 ], [ 34.36188009112491, 38.275752014018764 ], [ 34.361897493954714, 38.275765330480105 ], [ 34.361897914778645, 38.275787856413963 ], [ 34.361835787631961, 38.275829133114271 ], [ 34.361870677483161, 38.27586027123337 ], [ 34.361871014136788, 38.275878291980383 ], [ 34.361848483630894, 38.275896578187954 ], [ 34.361849072766105, 38.275928114495294 ], [ 34.361820572964035, 38.275932951501986 ] ] ] } },
{ "type": "Feature", "properties": { "Bina_ID": "Bina_211", "Net_Yukseklik": 4.44, "Gunes_Paneli_Sayisi": 15, "Yillik_Uretim_kWh": 7875.0 }, "geometry": { "type": "Polygon", "coordinates": [ [ [ 34.368172171927377, 38.275872565566708 ], [ 34.368149304835079, 38.275872832255168 ], [ 34.368126268642634, 38.275864088589138 ], [ 34.368114665999272, 38.275855211579362 ], [ 34.368114496900994, 38.275846201229285 ], [ 34.36812012912263, 38.275841629384288 ], [ 34.368125423144555, 38.275819036838904 ], [ 34.368136603031239, 38.275805387972639 ], [ 34.368159470102512, 38.275805121287057 ], [ 34.368176789511473, 38.275813931619858 ], [ 34.368188223048293, 38.275813798273681 ], [ 34.368188561262755, 38.275831818973366 ], [ 34.368182929046256, 38.27583639082156 ], [ 34.368183182706296, 38.275849906346309 ], [ 34.368172002821886, 38.275863555216873 ], [ 34.368172171927377, 38.275872565566708 ] ] ] } },
{ "type": "Feature", "properties": { "Bina_ID": "Bina_212", "Net_Yukseklik": 8.24, "Gunes_Paneli_Sayisi": 167, "Yillik_Uretim_kWh": 87675.0 }, "geometry": { "type": "Polygon", "coordinates": [ [ [ 34.367394690619697, 38.27588163047475 ], [ 34.367364078675166, 38.275773839410057 ], [ 34.367455462440205, 38.275768268067637 ], [ 34.367454448343587, 38.275714205951267 ], [ 34.367556673948826, 38.275676965022072 ], [ 34.367620572516223, 38.275730294051876 ], [ 34.367648733732146, 38.275707434940365 ], [ 34.367700184583441, 38.27570683510676 ], [ 34.367718349158125, 38.275760697267742 ], [ 34.367673037642767, 38.275783756341639 ], [ 34.367656901589385, 38.275838018396222 ], [ 34.367485905495833, 38.275867048753661 ], [ 34.367502717773021, 38.275848828129995 ], [ 34.367467487535862, 38.275799671026057 ], [ 34.367405110106716, 38.275827435088139 ], [ 34.367463122907658, 38.275871820484582 ], [ 34.367394690619697, 38.27588163047475 ] ] ] } },
{ "type": "Feature", "properties": { "Bina_ID": "Bina_213", "Net_Yukseklik": 18.96, "Gunes_Paneli_Sayisi": 18, "Yillik_Uretim_kWh": 9450.0 }, "geometry": { "type": "Polygon", "coordinates": [ [ [ 34.369469963553009, 38.27586192886956 ], [ 34.369441295076122, 38.275857757372968 ], [ 34.369371678327205, 38.275804496094466 ], [ 34.369365961562366, 38.27580456282535 ], [ 34.369354020279275, 38.27577766524977 ], [ 34.369422706060924, 38.275781369640995 ], [ 34.36944011024206, 38.27579468495712 ], [ 34.369446504056356, 38.275830659603123 ], [ 34.36946962502148, 38.27584390817961 ], [ 34.369469963553009, 38.27586192886956 ] ] ] } },
{ "type": "Feature", "properties": { "Bina_ID": "Bina_214", "Net_Yukseklik": 3.66, "Gunes_Paneli_Sayisi": 98, "Yillik_Uretim_kWh": 51450.0 }, "geometry": { "type": "Polygon", "coordinates": [ [ [ 34.364707888340845, 38.27591742325982 ], [ 34.364705695537154, 38.275800288542364 ], [ 34.364854331697472, 38.275798559352829 ], [ 34.364866440034284, 38.275834467779845 ], [ 34.364900909402643, 38.275843079067712 ], [ 34.364929408942764, 38.275838241316976 ], [ 34.364942192149336, 38.275910191182994 ], [ 34.364707888340845, 38.27591742325982 ] ] ] } },
{ "type": "Feature", "properties": { "Bina_ID": "Bina_215", "Net_Yukseklik": 5.41, "Gunes_Paneli_Sayisi": 31, "Yillik_Uretim_kWh": 16275.0 }, "geometry": { "type": "Polygon", "coordinates": [ [ [ 34.371448218795244, 38.275852337093262 ], [ 34.371447964529949, 38.275838821586973 ], [ 34.371465114817539, 38.275838621089051 ], [ 34.371476378828866, 38.275829477084955 ], [ 34.371475446505279, 38.275779920228828 ], [ 34.371481078506214, 38.275775348226468 ], [ 34.371532529322941, 38.275774746711505 ], [ 34.371538076559396, 38.275765669537833 ], [ 34.371555311590612, 38.275769974195676 ], [ 34.371572377098687, 38.27576526851378 ], [ 34.371584064901427, 38.275778650342538 ], [ 34.371584573481528, 38.275805681353802 ], [ 34.371561791204861, 38.275810453875465 ], [ 34.371544895207549, 38.275824169893191 ], [ 34.371545319012846, 38.275846695736114 ], [ 34.371533970247334, 38.275851334578114 ], [ 34.371448218795244, 38.275852337093262 ] ] ] } },
{ "type": "Feature", "properties": { "Bina_ID": "Bina_216", "Net_Yukseklik": 7.69, "Gunes_Paneli_Sayisi": 25, "Yillik_Uretim_kWh": 13125.0 }, "geometry": { "type": "Polygon", "coordinates": [ [ [ 34.370922276462558, 38.275858484482391 ], [ 34.370882343824789, 38.275863457291848 ], [ 34.370876542339104, 38.275859018926589 ], [ 34.370819289966803, 38.275855181786845 ], [ 34.370806585704713, 38.275787737839714 ], [ 34.370835169504907, 38.275787403831735 ], [ 34.370881411903802, 38.275813900423685 ], [ 34.37088704394543, 38.275809328449121 ], [ 34.3709041942301, 38.275809128033309 ], [ 34.37090444839432, 38.275822643542739 ], [ 34.370915966641611, 38.275827015100525 ], [ 34.370927654336064, 38.275840396996657 ], [ 34.370922276462558, 38.275858484482391 ] ] ] } },
{ "type": "Feature", "properties": { "Bina_ID": "Bina_217", "Net_Yukseklik": 6.85, "Gunes_Paneli_Sayisi": 92, "Yillik_Uretim_kWh": 48300.0 }, "geometry": { "type": "Polygon", "coordinates": [ [ [ 34.368401603936491, 38.275910445007412 ], [ 34.368287014743636, 38.275898263105759 ], [ 34.36828650738434, 38.275871232057639 ], [ 34.368246236303293, 38.275858183274146 ], [ 34.36824522161708, 38.275804121176463 ], [ 34.368204866025899, 38.275786567202886 ], [ 34.368209906353691, 38.275750459129235 ], [ 34.368232773407037, 38.275750192429697 ], [ 34.368261780013043, 38.275772384923158 ], [ 34.368313230896995, 38.275771784819881 ], [ 34.368342152972659, 38.275789472118085 ], [ 34.368422103128488, 38.275784033384689 ], [ 34.368433705796775, 38.275792910363663 ], [ 34.368401603936491, 38.275910445007412 ] ] ] } },
{ "type": "Feature", "properties": { "Bina_ID": "Bina_218", "Net_Yukseklik": 8.83, "Gunes_Paneli_Sayisi": 165, "Yillik_Uretim_kWh": 86625.0 }, "geometry": { "type": "Polygon", "coordinates": [ [ [ 34.366823773190653, 38.275928839159583 ], [ 34.366786938489739, 38.275794083471098 ], [ 34.366809383228848, 38.275771291160886 ], [ 34.366737656851534, 38.275605398837513 ], [ 34.366845937322971, 38.275586112631416 ], [ 34.366857877654709, 38.275613010481187 ], [ 34.36688637696107, 38.275608172258892 ], [ 34.366864185708849, 38.27564448011573 ], [ 34.366954667797344, 38.275895770883459 ], [ 34.366915072728446, 38.275918763056588 ], [ 34.366823773190653, 38.275928839159583 ] ] ] } },
{ "type": "Feature", "properties": { "Bina_ID": "Bina_219", "Net_Yukseklik": 3.1, "Gunes_Paneli_Sayisi": 15, "Yillik_Uretim_kWh": 7875.0 }, "geometry": { "type": "Polygon", "coordinates": [ [ [ 34.371329014233197, 38.275898792198831 ], [ 34.371328675241756, 38.275880771523028 ], [ 34.371334307259708, 38.27587619952746 ], [ 34.371334137763434, 38.275867189189562 ], [ 34.371414257225389, 38.275870758757009 ], [ 34.37143729379482, 38.275879501769801 ], [ 34.37143746330392, 38.275888512107294 ], [ 34.37142636878653, 38.275906666445351 ], [ 34.37136348433819, 38.275907401572475 ], [ 34.371357682820353, 38.275902963231665 ], [ 34.371340532516861, 38.275903163714169 ], [ 34.371329014233197, 38.275898792198831 ] ] ] } },
{ "type": "Feature", "properties": { "Bina_ID": "Bina_220", "Net_Yukseklik": 10.24, "Gunes_Paneli_Sayisi": 194, "Yillik_Uretim_kWh": 101850.0 }, "geometry": { "type": "Polygon", "coordinates": [ [ [ 34.371322111001852, 38.275835786659499 ], [ 34.371299328697106, 38.275840559130657 ], [ 34.371220734611391, 38.275918082528918 ], [ 34.371197104876046, 38.275877803289035 ], [ 34.371151286008889, 38.275873832671287 ], [ 34.371123125854218, 38.275896692603631 ], [ 34.371014507261251, 38.275897962066495 ], [ 34.370945482420211, 38.275876237932351 ], [ 34.37098253436703, 38.275718089332429 ], [ 34.371194732172277, 38.275751658549801 ], [ 34.371253170877026, 38.275818567875923 ], [ 34.371310084251014, 38.275804384127838 ], [ 34.371322111001852, 38.275835786659499 ] ] ] } },
{ "type": "Feature", "properties": { "Bina_ID": "Bina_221", "Net_Yukseklik": 3.9, "Gunes_Paneli_Sayisi": 70, "Yillik_Uretim_kWh": 36750.0 }, "geometry": { "type": "Polygon", "coordinates": [ [ [ 34.365017691348129, 38.275972398990987 ], [ 34.365011299697898, 38.275936424063616 ], [ 34.365027943902646, 38.27590919342137 ], [ 34.365021636611964, 38.275877723674995 ], [ 34.365055852937161, 38.275872819374165 ], [ 34.365067117776306, 38.275863675970406 ], [ 34.365066864693745, 38.275850160428121 ], [ 34.365112598922671, 38.275849628248494 ], [ 34.365124369937284, 38.27586751592343 ], [ 34.365158754983, 38.27587162195401 ], [ 34.365166327839965, 38.275970669399697 ], [ 34.365137743900213, 38.275971002028022 ], [ 34.365115214204863, 38.275989288847995 ], [ 34.365075196678013, 38.275989754508466 ], [ 34.365063510015659, 38.275976372009787 ], [ 34.365017691348129, 38.275972398990987 ] ] ] } },
{ "type": "Feature", "properties": { "Bina_ID": "Bina_222", "Net_Yukseklik": 3.1, "Gunes_Paneli_Sayisi": 63, "Yillik_Uretim_kWh": 33075.0 }, "geometry": { "type": "Polygon", "coordinates": [ [ [ 34.369116031498947, 38.27589309699804 ], [ 34.369064749762636, 38.27590270780135 ], [ 34.369042474916036, 38.275934510876603 ], [ 34.369019861628658, 38.275948293254835 ], [ 34.368916282848986, 38.275913452675461 ], [ 34.368937542544828, 38.275827587541322 ], [ 34.368977559918136, 38.275827120565232 ], [ 34.369063649860138, 38.275844140549324 ], [ 34.369064242114931, 38.275875676762027 ], [ 34.36907584487443, 38.27588455367561 ], [ 34.369092741360795, 38.275870838004693 ], [ 34.369121409825482, 38.275875009586734 ], [ 34.369116031498947, 38.27589309699804 ] ] ] } },
{ "type": "Feature", "properties": { "Bina_ID": "Bina_223", "Net_Yukseklik": 5.16, "Gunes_Paneli_Sayisi": 73, "Yillik_Uretim_kWh": 38325.0 }, "geometry": { "type": "Polygon", "coordinates": [ [ [ 34.365926829292917, 38.275970829289108 ], [ 34.365920352781814, 38.275930349240582 ], [ 34.365897316825141, 38.275921605132211 ], [ 34.365897063588172, 38.275908089594729 ], [ 34.365914129518501, 38.275903384728714 ], [ 34.365913623038814, 38.275876353653835 ], [ 34.365993404684716, 38.275861906212626 ], [ 34.366015934116234, 38.275843619228453 ], [ 34.366044517995576, 38.275843286387129 ], [ 34.366068313748713, 38.275892577076689 ], [ 34.3660632723495, 38.275928685077567 ], [ 34.3660750436079, 38.275946572652245 ], [ 34.366041333853993, 38.275978508322808 ], [ 34.366012834341269, 38.275983346343253 ], [ 34.365926829292917, 38.275970829289108 ] ] ] } },
{ "type": "Feature", "properties": { "Bina_ID": "Bina_224", "Net_Yukseklik": 4.99, "Gunes_Paneli_Sayisi": 46, "Yillik_Uretim_kWh": 24150.0 }, "geometry": { "type": "Polygon", "coordinates": [ [ [ 34.363102987379548, 38.276017193194782 ], [ 34.363091553786589, 38.276017326046023 ], [ 34.363062380141699, 38.27598612187834 ], [ 34.36306094810891, 38.275909533742521 ], [ 34.363049177587357, 38.275891645851274 ], [ 34.36299192548617, 38.275887804883659 ], [ 34.362939716340911, 38.275847855992332 ], [ 34.362933494183466, 38.275820891301166 ], [ 34.362956024388048, 38.27580260489048 ], [ 34.362996041847524, 38.275802139954678 ], [ 34.363037070129813, 38.275855737220404 ], [ 34.363100291709657, 38.275873027294402 ], [ 34.363072634398513, 38.275922916447961 ], [ 34.363102397700118, 38.275985656904382 ], [ 34.363102987379548, 38.276017193194782 ] ] ] } },
{ "type": "Feature", "properties": { "Bina_ID": "Bina_225", "Net_Yukseklik": 10.65, "Gunes_Paneli_Sayisi": 49, "Yillik_Uretim_kWh": 25725.0 }, "geometry": { "type": "Polygon", "coordinates": [ [ [ 34.365744229740287, 38.275990979893422 ], [ 34.365743723321991, 38.275963948817015 ], [ 34.365777939632551, 38.27595904430575 ], [ 34.365806101525934, 38.275936185625014 ], [ 34.365787938307754, 38.275882323143783 ], [ 34.3657931486526, 38.275855225510774 ], [ 34.365804413394464, 38.27584608203798 ], [ 34.365878562666929, 38.275836206411455 ], [ 34.365890165041534, 38.275845083647631 ], [ 34.365890587100175, 38.275867609543731 ], [ 34.365873605587268, 38.275876819585449 ], [ 34.365879660010698, 38.275894773741484 ], [ 34.36585166697558, 38.275926642797778 ], [ 34.365852173433211, 38.27595367387314 ], [ 34.365818547984212, 38.275990114660758 ], [ 34.365744229740287, 38.275990979893422 ] ] ] } },
{ "type": "Feature", "properties": { "Bina_ID": "Bina_226", "Net_Yukseklik": 3.24, "Gunes_Paneli_Sayisi": 89, "Yillik_Uretim_kWh": 46725.0 }, "geometry": { "type": "Polygon", "coordinates": [ [ [ 34.366115989780198, 38.275995663616996 ], [ 34.366103289826341, 38.275928219080726 ], [ 34.366149530652343, 38.275954717568226 ], [ 34.366189125989727, 38.275931725648746 ], [ 34.366206276336868, 38.275931525919084 ], [ 34.366223933279386, 38.275958357258055 ], [ 34.366246547114805, 38.275944575408914 ], [ 34.366205263160545, 38.27587746377602 ], [ 34.366210473349383, 38.275850366127372 ], [ 34.366306983039017, 38.275813192849505 ], [ 34.366336326855645, 38.275853406543078 ], [ 34.366365079617118, 38.275862083980279 ], [ 34.366377019821165, 38.275888981880236 ], [ 34.36633187666564, 38.275921050801628 ], [ 34.366297660415, 38.27592595547349 ], [ 34.366247307021574, 38.275985122015094 ], [ 34.366115989780198, 38.275995663616996 ] ] ] } },
{ "type": "Feature", "properties": { "Bina_ID": "Bina_227", "Net_Yukseklik": 12.74, "Gunes_Paneli_Sayisi": 141, "Yillik_Uretim_kWh": 74025.0 }, "geometry": { "type": "Polygon", "coordinates": [ [ [ 34.361307323458796, 38.27600650088673 ], [ 34.361329096964447, 38.275947668091035 ], [ 34.361404172514483, 38.27598735234367 ], [ 34.361488578243709, 38.275914274167576 ], [ 34.361529016501109, 38.275936335667879 ], [ 34.361642931627244, 38.275912482694622 ], [ 34.361746422966441, 38.275942824575147 ], [ 34.361735578465783, 38.27597449360254 ], [ 34.36166756596635, 38.276006826202348 ], [ 34.361638813671824, 38.275998147604426 ], [ 34.361536247869147, 38.276017362690027 ], [ 34.361501189798787, 38.275977214096272 ], [ 34.361490176905633, 38.275999872728192 ], [ 34.361507916292211, 38.27603120999629 ], [ 34.361479668844154, 38.276049562483259 ], [ 34.361439651223641, 38.276050026904414 ], [ 34.361404929729602, 38.276027899031362 ], [ 34.361371133719409, 38.276055328210767 ], [ 34.361307323458796, 38.27600650088673 ] ] ] } },
{ "type": "Feature", "properties": { "Bina_ID": "Bina_228", "Net_Yukseklik": 9.01, "Gunes_Paneli_Sayisi": 113, "Yillik_Uretim_kWh": 59325.0 }, "geometry": { "type": "Polygon", "coordinates": [ [ [ 34.36567495309118, 38.275955737091678 ], [ 34.365617785235045, 38.275956402588974 ], [ 34.365611899659697, 38.275947458777836 ], [ 34.365601141242948, 38.275983633310787 ], [ 34.365584159665616, 38.275992843311606 ], [ 34.365590214028686, 38.276010797483401 ], [ 34.365458643467306, 38.276007822812517 ], [ 34.365423920809533, 38.275985696151523 ], [ 34.365421895615832, 38.275877571830584 ], [ 34.365495876204569, 38.275858686084433 ], [ 34.365581796662852, 38.275866698278897 ], [ 34.365599875331448, 38.275916055615411 ], [ 34.365617194469202, 38.275924866331309 ], [ 34.365657127553874, 38.275919895307048 ], [ 34.36567495309118, 38.275955737091678 ] ] ] } },
{ "type": "Feature", "properties": { "Bina_ID": "Bina_229", "Net_Yukseklik": 4.67, "Gunes_Paneli_Sayisi": 45, "Yillik_Uretim_kWh": 23625.0 }, "geometry": { "type": "Polygon", "coordinates": [ [ [ 34.369597763850585, 38.275968584745456 ], [ 34.369580528878956, 38.275964279798821 ], [ 34.369584976051705, 38.275896635474162 ], [ 34.369550506146091, 38.275888025573785 ], [ 34.369544450824783, 38.27587007162419 ], [ 34.36950401026224, 38.275848012931974 ], [ 34.369531832371699, 38.275807132689408 ], [ 34.369543265900973, 38.275806999211213 ], [ 34.369578074325098, 38.275833629803792 ], [ 34.369623639172843, 38.275824085521556 ], [ 34.369647014098369, 38.275850849579051 ], [ 34.369647268029929, 38.275864365095494 ], [ 34.369607843137743, 38.275896368505784 ], [ 34.369642651628546, 38.275922999077551 ], [ 34.369642820916134, 38.275932009421751 ], [ 34.369597763850585, 38.275968584745456 ] ] ] } },
{ "type": "Feature", "properties": { "Bina_ID": "Bina_230", "Net_Yukseklik": 21.34, "Gunes_Paneli_Sayisi": 30, "Yillik_Uretim_kWh": 15750.0 }, "geometry": { "type": "Polygon", "coordinates": [ [ [ 34.369432061935974, 38.275975025326602 ], [ 34.369431808043288, 38.275961509809193 ], [ 34.36944307233415, 38.275952365995401 ], [ 34.369442903071118, 38.275943355650469 ], [ 34.369408094641557, 38.275916725018327 ], [ 34.369413303637735, 38.275889627249931 ], [ 34.369487452396299, 38.275879749350409 ], [ 34.369510742655542, 38.27590200826301 ], [ 34.369510996562312, 38.2759155237801 ], [ 34.369488383372044, 38.275929306246915 ], [ 34.36949426941564, 38.275938249854647 ], [ 34.369511504376362, 38.2759425548142 ], [ 34.369506295413636, 38.275969652586099 ], [ 34.369466447237031, 38.275979130088757 ], [ 34.369432061935974, 38.275975025326602 ] ] ] } },
{ "type": "Feature", "properties": { "Bina_ID": "Bina_231", "Net_Yukseklik": 4.17, "Gunes_Paneli_Sayisi": 15, "Yillik_Uretim_kWh": 7875.0 }, "geometry": { "type": "Polygon", "coordinates": [ [ [ 34.364824417033482, 38.276033227834624 ], [ 34.364807266652534, 38.276033427362755 ], [ 34.364801465513864, 38.276028988690442 ], [ 34.364784315133747, 38.276029188215198 ], [ 34.364761194932584, 38.276015938700667 ], [ 34.364760941905352, 38.276002423157003 ], [ 34.364766490011263, 38.275993346287763 ], [ 34.364783387351892, 38.275979631222192 ], [ 34.364783303008203, 38.275975126040976 ], [ 34.364811886953795, 38.275974793498953 ], [ 34.364823404878059, 38.275979165661333 ], [ 34.364823573570433, 38.275988176023588 ], [ 34.364840892635208, 38.275996986855453 ], [ 34.364841398719385, 38.276024017941864 ], [ 34.364824417033482, 38.276033227834624 ] ] ] } },
{ "type": "Feature", "properties": { "Bina_ID": "Bina_232", "Net_Yukseklik": 7.71, "Gunes_Paneli_Sayisi": 36, "Yillik_Uretim_kWh": 18900.0 }, "geometry": { "type": "Polygon", "coordinates": [ [ [ 34.3652418272899, 38.276032877058043 ], [ 34.365235013665021, 38.275974376243681 ], [ 34.365269314392854, 38.275973977060389 ], [ 34.365280579219856, 38.2759648336365 ], [ 34.365360614238433, 38.275963902162339 ], [ 34.365367596722542, 38.276031413327793 ], [ 34.365333295969087, 38.27603181254031 ], [ 34.365327663554268, 38.276036384254908 ], [ 34.365247628455037, 38.276037315708066 ], [ 34.3652418272899, 38.276032877058043 ] ] ] } },
{ "type": "Feature", "properties": { "Bina_ID": "Bina_233", "Net_Yukseklik": 3.0, "Gunes_Paneli_Sayisi": 11, "Yillik_Uretim_kWh": 5775.0 }, "geometry": { "type": "Polygon", "coordinates": [ [ [ 34.369003726550829, 38.276002555475053 ], [ 34.368998094373772, 38.276007127361552 ], [ 34.368969510465462, 38.276007460923594 ], [ 34.368963709081676, 38.27600302246185 ], [ 34.368952275518886, 38.27600315588414 ], [ 34.368952021714883, 38.275989640364095 ], [ 34.368946220333576, 38.275985201901428 ], [ 34.368940588154146, 38.275989773785213 ], [ 34.368940841956025, 38.276003289305322 ], [ 34.368923691611592, 38.276003489434999 ], [ 34.368912004251953, 38.275990107333129 ], [ 34.368911665856771, 38.275972086639385 ], [ 34.368923099414879, 38.275971953221138 ], [ 34.368928900793733, 38.275976391685006 ], [ 34.368951767911057, 38.275976124844007 ], [ 34.368968749044278, 38.275966914363671 ], [ 34.368974296617587, 38.275957837305256 ], [ 34.368985730173165, 38.275957703880948 ], [ 34.368985983983123, 38.275971219400873 ], [ 34.369003472737297, 38.275989039955292 ], [ 34.369003726550829, 38.276002555475053 ] ] ] } },
{ "type": "Feature", "properties": { "Bina_ID": "Bina_234", "Net_Yukseklik": 3.0, "Gunes_Paneli_Sayisi": 14, "Yillik_Uretim_kWh": 7350.0 }, "geometry": { "type": "Polygon", "coordinates": [ [ [ 34.363755460577153, 38.276050165480868 ], [ 34.363761008813178, 38.276041088656854 ], [ 34.36380674318675, 38.276040556984 ], [ 34.363812375699482, 38.276035985340648 ], [ 34.363823809291944, 38.276035852419113 ], [ 34.363835411454936, 38.276044729862335 ], [ 34.363852561845498, 38.276044530476206 ], [ 34.363864079726206, 38.276048902733621 ], [ 34.363869965098296, 38.276057846636178 ], [ 34.363870302248436, 38.276075867367574 ], [ 34.36385886864992, 38.276076000293756 ], [ 34.363841465394664, 38.276062684132235 ], [ 34.363830031798081, 38.276062817055575 ], [ 34.363824483569189, 38.276071893882687 ], [ 34.363813134255103, 38.27607653198735 ], [ 34.363784550257741, 38.276076864286793 ], [ 34.363755629137998, 38.276059175847031 ], [ 34.363755460577153, 38.276050165480868 ] ] ] } },
{ "type": "Feature", "properties": { "Bina_ID": "Bina_235", "Net_Yukseklik": 3.31, "Gunes_Paneli_Sayisi": 26, "Yillik_Uretim_kWh": 13650.0 }, "geometry": { "type": "Polygon", "coordinates": [ [ [ 34.370810567343874, 38.275999480826378 ], [ 34.370690091485898, 38.275978357744052 ], [ 34.370684035877488, 38.275960403859003 ], [ 34.370638132274763, 38.275951927871134 ], [ 34.370648549349866, 38.275897732242228 ], [ 34.370700084979937, 38.275901636260848 ], [ 34.370716727027371, 38.275874404851336 ], [ 34.370728160561526, 38.275874271257486 ], [ 34.370706902973012, 38.275960136676048 ], [ 34.370718590651798, 38.275973518593027 ], [ 34.37078736137812, 38.275981727350185 ], [ 34.370810397911562, 38.275990470486683 ], [ 34.370810567343874, 38.275999480826378 ] ] ] } },
{ "type": "Feature", "properties": { "Bina_ID": "Bina_236", "Net_Yukseklik": 7.48, "Gunes_Paneli_Sayisi": 60, "Yillik_Uretim_kWh": 31500.0 }, "geometry": { "type": "Polygon", "coordinates": [ [ [ 34.370170288237219, 38.276006960837165 ], [ 34.370147421121878, 38.276007227915819 ], [ 34.370112781756042, 38.275989607840792 ], [ 34.370105794890485, 38.27592209703996 ], [ 34.370094192002526, 38.275913220230798 ], [ 34.370048796504314, 38.275931775038231 ], [ 34.37005400526234, 38.275904677245904 ], [ 34.370041217027719, 38.275832728031851 ], [ 34.370109733539344, 38.275827421676425 ], [ 34.370121590434536, 38.2758498139982 ], [ 34.370162200530004, 38.275880882816253 ], [ 34.370174480833334, 38.275925800987615 ], [ 34.370170288237219, 38.276006960837165 ] ] ] } },
{ "type": "Feature", "properties": { "Bina_ID": "Bina_237", "Net_Yukseklik": 5.18, "Gunes_Paneli_Sayisi": 43, "Yillik_Uretim_kWh": 22575.0 }, "geometry": { "type": "Polygon", "coordinates": [ [ [ 34.367614801707667, 38.276032274131886 ], [ 34.367563435140525, 38.276037379108274 ], [ 34.36755183253581, 38.276028502042301 ], [ 34.367546200263618, 38.276033073860802 ], [ 34.367460448454736, 38.27603407346556 ], [ 34.367454309122941, 38.276011614222917 ], [ 34.367459265326701, 38.275971000999405 ], [ 34.367607901664229, 38.275969268315229 ], [ 34.367619757822851, 38.275991660903387 ], [ 34.367614801707667, 38.276032274131886 ] ] ] } },
{ "type": "Feature", "properties": { "Bina_ID": "Bina_238", "Net_Yukseklik": 4.24, "Gunes_Paneli_Sayisi": 24, "Yillik_Uretim_kWh": 12600.0 }, "geometry": { "type": "Polygon", "coordinates": [ [ [ 34.370833519168023, 38.276003718788338 ], [ 34.370833349732862, 38.275994708448728 ], [ 34.370861933613874, 38.275994374432727 ], [ 34.370867565670345, 38.275989802458938 ], [ 34.370861764175253, 38.275985364093216 ], [ 34.370861510017463, 38.275971848583922 ], [ 34.370872519966738, 38.275949189126898 ], [ 34.370872096367741, 38.275926663278021 ], [ 34.370912113763026, 38.275926195641141 ], [ 34.370935150292944, 38.275934938753259 ], [ 34.370935828082935, 38.275970980110415 ], [ 34.370924818150435, 38.275993639572995 ], [ 34.370930619649947, 38.275998077935512 ], [ 34.370930873820789, 38.276011593444359 ], [ 34.370885139601462, 38.276012127893694 ], [ 34.370879338103506, 38.276007689528917 ], [ 34.370833519168023, 38.276003718788338 ] ] ] } },
{ "type": "Feature", "properties": { "Bina_ID": "Bina_239", "Net_Yukseklik": 3.33, "Gunes_Paneli_Sayisi": 17, "Yillik_Uretim_kWh": 8925.0 }, "geometry": { "type": "Polygon", "coordinates": [ [ [ 34.364568088938164, 38.276085777490451 ], [ 34.364556655341424, 38.27608591048466 ], [ 34.36455085421337, 38.276081471799792 ], [ 34.364550685554121, 38.276072461436655 ], [ 34.364521764255933, 38.276054773189237 ], [ 34.36452108963443, 38.276018731736009 ], [ 34.36450351762219, 38.275996405311211 ], [ 34.364503264642899, 38.275982889766048 ], [ 34.364508897106582, 38.275978318090118 ], [ 34.364537481056693, 38.275977985614929 ], [ 34.364560938526303, 38.276009255901045 ], [ 34.36456127584664, 38.276027276627403 ], [ 34.364573046757627, 38.276045164359147 ], [ 34.364573215419469, 38.27605417472224 ], [ 34.364567582954194, 38.276058746401233 ], [ 34.364568088938164, 38.276085777490451 ] ] ] } },
{ "type": "Feature", "properties": { "Bina_ID": "Bina_240", "Net_Yukseklik": 6.19, "Gunes_Paneli_Sayisi": 72, "Yillik_Uretim_kWh": 37800.0 }, "geometry": { "type": "Polygon", "coordinates": [ [ [ 34.370044942443663, 38.276030955570953 ], [ 34.369993406748321, 38.276027051265629 ], [ 34.369970031639212, 38.276000287281413 ], [ 34.369873269689094, 38.276023948026875 ], [ 34.369867129618591, 38.276001488924443 ], [ 34.369907062411443, 38.275996516458001 ], [ 34.369889488779378, 38.275974190870919 ], [ 34.369912017244602, 38.275955903156472 ], [ 34.369894443621213, 38.275933577569845 ], [ 34.369899567777345, 38.275901974611664 ], [ 34.369859550378386, 38.275902441902964 ], [ 34.369881740196007, 38.27586613350757 ], [ 34.369916294787906, 38.275879248481715 ], [ 34.369956312173187, 38.275878781171308 ], [ 34.369978925256859, 38.275864998616122 ], [ 34.370002215658381, 38.275887257428465 ], [ 34.370008779091506, 38.275932242380733 ], [ 34.369974563115534, 38.275937148120633 ], [ 34.369946402559378, 38.275960007777613 ], [ 34.369981126537056, 38.275982133074308 ], [ 34.369992221429477, 38.275963978866187 ], [ 34.370032238859984, 38.275963511529007 ], [ 34.370055613979353, 38.275990275500781 ], [ 34.370044942443663, 38.276030955570953 ] ] ] } },
{ "type": "Feature", "properties": { "Bina_ID": "Bina_241", "Net_Yukseklik": 6.74, "Gunes_Paneli_Sayisi": 48, "Yillik_Uretim_kWh": 25200.0 }, "geometry": { "type": "Polygon", "coordinates": [ [ [ 34.365671599467241, 38.27608194866886 ], [ 34.365694213447952, 38.276068166923814 ], [ 34.365694044647491, 38.276059156564948 ], [ 34.365711279429433, 38.276063462086498 ], [ 34.365745242578889, 38.276045042045844 ], [ 34.365762392955865, 38.276044842380557 ], [ 34.365774501781793, 38.276080750703201 ], [ 34.365802832536026, 38.276066902381309 ], [ 34.365865801678964, 38.276070675410899 ], [ 34.365894807712458, 38.276092868499674 ], [ 34.365895229776271, 38.276115394394772 ], [ 34.365872446997486, 38.276120165819933 ], [ 34.365837977390946, 38.276111554822599 ], [ 34.365781231445418, 38.276134746297686 ], [ 34.365758364248066, 38.276135012521699 ], [ 34.365711954640339, 38.27609950352155 ], [ 34.365677822658462, 38.276108913194186 ], [ 34.365671599467241, 38.27608194866886 ] ] ] } },
{ "type": "Feature", "properties": { "Bina_ID": "Bina_242", "Net_Yukseklik": 3.67, "Gunes_Paneli_Sayisi": 17, "Yillik_Uretim_kWh": 8925.0 }, "geometry": { "type": "Polygon", "coordinates": [ [ [ 34.366461699324432, 38.276135834451352 ], [ 34.366427398537517, 38.276136233984637 ], [ 34.366415204937041, 38.276095820557877 ], [ 34.366397801221368, 38.276082504784547 ], [ 34.366363331575371, 38.276073893942375 ], [ 34.366363078250629, 38.27606037840787 ], [ 34.366437396546104, 38.276059512781941 ], [ 34.366460432608442, 38.276068256781997 ], [ 34.366460939294328, 38.276095287849834 ], [ 34.366455306947095, 38.27609985961729 ], [ 34.366461699324432, 38.276135834451352 ] ] ] } },
{ "type": "Feature", "properties": { "Bina_ID": "Bina_243", "Net_Yukseklik": 6.41, "Gunes_Paneli_Sayisi": 85, "Yillik_Uretim_kWh": 44625.0 }, "geometry": { "type": "Polygon", "coordinates": [ [ [ 34.358818827743512, 38.276251647190058 ], [ 34.358790243618131, 38.276251978274104 ], [ 34.35873828836538, 38.276225543053862 ], [ 34.358685829344459, 38.276172076654959 ], [ 34.358702475990547, 38.276144846866202 ], [ 34.358741905912495, 38.276112847030745 ], [ 34.358776038852319, 38.276103439359666 ], [ 34.358804706894297, 38.276107613472469 ], [ 34.358897435619141, 38.27617413185277 ], [ 34.358897855522386, 38.276196657813159 ], [ 34.358818827743512, 38.276251647190058 ] ] ] } },
{ "type": "Feature", "properties": { "Bina_ID": "Bina_244", "Net_Yukseklik": 19.19, "Gunes_Paneli_Sayisi": 18, "Yillik_Uretim_kWh": 9450.0 }, "geometry": { "type": "Polygon", "coordinates": [ [ [ 34.369492191932999, 38.276132039000828 ], [ 34.369491768757669, 38.276109513139644 ], [ 34.369502694520548, 38.27608234863105 ], [ 34.369496808463758, 38.276073405024199 ], [ 34.369501848165378, 38.276037296908413 ], [ 34.369513112458669, 38.276028153087935 ], [ 34.369501509623845, 38.276019276219252 ], [ 34.369501001812097, 38.275992245185414 ], [ 34.369518152149752, 38.275992044971389 ], [ 34.369530008893314, 38.276014437355272 ], [ 34.369547413150521, 38.276027752653548 ], [ 34.369547582426975, 38.276036762997947 ], [ 34.369536402774393, 38.276050411993872 ], [ 34.369526069488096, 38.27610911271077 ], [ 34.36950362551341, 38.276131905525538 ], [ 34.369492191932999, 38.276132039000828 ] ] ] } },
{ "type": "Feature", "properties": { "Bina_ID": "Bina_245", "Net_Yukseklik": 7.94, "Gunes_Paneli_Sayisi": 128, "Yillik_Uretim_kWh": 67200.0 }, "geometry": { "type": "Polygon", "coordinates": [ [ [ 34.367822888381369, 38.276151514440549 ], [ 34.36782162040307, 38.276083936809783 ], [ 34.367848429155522, 38.275988994843502 ], [ 34.367905681520625, 38.275992833434259 ], [ 34.367928802267194, 38.276006082318403 ], [ 34.368123342015551, 38.276012826033032 ], [ 34.368113599440314, 38.276103062871123 ], [ 34.367907456794704, 38.276087442115241 ], [ 34.367880225409003, 38.276159858216516 ], [ 34.367822888381369, 38.276151514440549 ] ] ] } },
{ "type": "Feature", "properties": { "Bina_ID": "Bina_246", "Net_Yukseklik": 7.61, "Gunes_Paneli_Sayisi": 56, "Yillik_Uretim_kWh": 29400.0 }, "geometry": { "type": "Polygon", "coordinates": [ [ [ 34.363924703628633, 38.276232950579924 ], [ 34.363913270005746, 38.276233083511862 ], [ 34.363907131742756, 38.276210624064113 ], [ 34.36386669263559, 38.27618856340105 ], [ 34.363832728929189, 38.27620698290746 ], [ 34.363815578500279, 38.276207182291408 ], [ 34.363803976313186, 38.276198304846893 ], [ 34.363809018849189, 38.276162196923408 ], [ 34.363854753297808, 38.276161665230426 ], [ 34.363866018334654, 38.276152521938812 ], [ 34.363865765472127, 38.276139006390423 ], [ 34.363905193071837, 38.276107004861714 ], [ 34.363962529673607, 38.276115350561923 ], [ 34.363991956636461, 38.276160070044526 ], [ 34.363986914191436, 38.276196177974192 ], [ 34.3639415168931, 38.276214730449539 ], [ 34.363924703628633, 38.276232950579924 ] ] ] } },
{ "type": "Feature", "properties": { "Bina_ID": "Bina_247", "Net_Yukseklik": 3.0, "Gunes_Paneli_Sayisi": 30, "Yillik_Uretim_kWh": 15750.0 }, "geometry": { "type": "Polygon", "coordinates": [ [ [ 34.363347642601802, 38.276257682985708 ], [ 34.363267607193613, 38.2762586130928 ], [ 34.363215987362452, 38.276250200622094 ], [ 34.363215734619523, 38.276236685070273 ], [ 34.363232716562351, 38.276227475406039 ], [ 34.363238180628102, 38.276213893421627 ], [ 34.363237759383679, 38.276191367501958 ], [ 34.363271723238469, 38.27617294816509 ], [ 34.36330039153227, 38.276177121173717 ], [ 34.363295011733115, 38.276195208344681 ], [ 34.363300981301386, 38.276208657460472 ], [ 34.363318384495969, 38.276221973703052 ], [ 34.363352938135861, 38.27623509062898 ], [ 34.363353275160357, 38.276253111363729 ], [ 34.363347642601802, 38.276257682985708 ] ] ] } },
{ "type": "Feature", "properties": { "Bina_ID": "Bina_248", "Net_Yukseklik": 3.97, "Gunes_Paneli_Sayisi": 51, "Yillik_Uretim_kWh": 26775.0 }, "geometry": { "type": "Polygon", "coordinates": [ [ [ 34.370956621592754, 38.276164501976091 ], [ 34.370962084203953, 38.276150919658882 ], [ 34.371052790228546, 38.276109304155547 ], [ 34.371080950485911, 38.276086444238956 ], [ 34.371080526820442, 38.27606391839258 ], [ 34.371160731229786, 38.276071993298444 ], [ 34.371189993056127, 38.276107700554576 ], [ 34.371190332016056, 38.276125721230741 ], [ 34.371144512992927, 38.276121750613441 ], [ 34.371105088637599, 38.27615375451586 ], [ 34.371048259681338, 38.276172443338815 ], [ 34.371019675732747, 38.276172777401513 ], [ 34.370979319295493, 38.276155224400014 ], [ 34.370973771960472, 38.276164301548555 ], [ 34.370956621592754, 38.276164501976091 ] ] ] } },
{ "type": "Feature", "properties": { "Bina_ID": "Bina_249", "Net_Yukseklik": 4.87, "Gunes_Paneli_Sayisi": 37, "Yillik_Uretim_kWh": 19425.0 }, "geometry": { "type": "Polygon", "coordinates": [ [ [ 34.36660639285747, 38.27622877835153 ], [ 34.366571247480067, 38.276184126151243 ], [ 34.366565023952496, 38.27615716167999 ], [ 34.366599071378047, 38.276143246573312 ], [ 34.366616221772006, 38.276143046782792 ], [ 34.366644552384031, 38.276129198260278 ], [ 34.366673136367829, 38.276128865263715 ], [ 34.366685076731294, 38.276155763128187 ], [ 34.366708281779054, 38.276173517433207 ], [ 34.366708535168819, 38.27618703296551 ], [ 34.366634723504262, 38.276214929830935 ], [ 34.366617826466843, 38.276228645157161 ], [ 34.36660639285747, 38.27622877835153 ] ] ] } },
{ "type": "Feature", "properties": { "Bina_ID": "Bina_250", "Net_Yukseklik": 3.0, "Gunes_Paneli_Sayisi": 16, "Yillik_Uretim_kWh": 8400.0 }, "geometry": { "type": "Polygon", "coordinates": [ [ [ 34.365211407577114, 38.276240514526812 ], [ 34.365204847063268, 38.276195529253343 ], [ 34.365216196303017, 38.276190891015432 ], [ 34.365244780328034, 38.27619055836638 ], [ 34.365256551432275, 38.2762084460254 ], [ 34.365267900670567, 38.276203807782515 ], [ 34.36532498435119, 38.276198637272067 ], [ 34.365325406240565, 38.276221163172124 ], [ 34.365268322542391, 38.276226333683077 ], [ 34.365251425239329, 38.276240048817328 ], [ 34.365239991621642, 38.27624018187857 ], [ 34.365234359185138, 38.276244753588934 ], [ 34.365217208757358, 38.276244953177908 ], [ 34.365211407577114, 38.276240514526812 ] ] ] } },
{ "type": "Feature", "properties": { "Bina_ID": "Bina_251", "Net_Yukseklik": 4.61, "Gunes_Paneli_Sayisi": 41, "Yillik_Uretim_kWh": 21525.0 }, "geometry": { "type": "Polygon", "coordinates": [ [ [ 34.364496553330504, 38.276235312925863 ], [ 34.36450748098656, 38.276208148847871 ], [ 34.364541781834781, 38.276207749875205 ], [ 34.364575745356149, 38.276189330166837 ], [ 34.364610383529183, 38.27620695189983 ], [ 34.36464409402511, 38.276175016627981 ], [ 34.364712695685782, 38.276174218593347 ], [ 34.364730267805662, 38.27619654498416 ], [ 34.364730520828971, 38.276210060527553 ], [ 34.364707990957008, 38.276228347271875 ], [ 34.364616269005062, 38.276215895762746 ], [ 34.364588022292075, 38.276234248984387 ], [ 34.36458835962182, 38.27625226970985 ], [ 34.364519757884153, 38.27625306767316 ], [ 34.364496553330504, 38.276235312925863 ] ] ] } },
{ "type": "Feature", "properties": { "Bina_ID": "Bina_252", "Net_Yukseklik": 8.64, "Gunes_Paneli_Sayisi": 273, "Yillik_Uretim_kWh": 143325.0 }, "geometry": { "type": "Polygon", "coordinates": [ [ [ 34.366023531942773, 38.276249085323101 ], [ 34.366015620200912, 38.27613201724467 ], [ 34.365975349357356, 38.276118967677128 ], [ 34.365963324843115, 38.276087564556327 ], [ 34.365985263422964, 38.276037741324949 ], [ 34.366031335436027, 38.276055229500393 ], [ 34.366088334510685, 38.276045553442785 ], [ 34.366095148827334, 38.276104054193915 ], [ 34.366192672083763, 38.276120943146708 ], [ 34.366231085427493, 38.276034878714064 ], [ 34.366339620001625, 38.276029108497248 ], [ 34.366351475784768, 38.276051501220522 ], [ 34.366328861937234, 38.276065283089892 ], [ 34.366387465395221, 38.276141205272189 ], [ 34.366360570237717, 38.276231641760894 ], [ 34.366023531942773, 38.276249085323101 ] ] ] } },
{ "type": "Feature", "properties": { "Bina_ID": "Bina_253", "Net_Yukseklik": 8.69, "Gunes_Paneli_Sayisi": 57, "Yillik_Uretim_kWh": 29925.0 }, "geometry": { "type": "Polygon", "coordinates": [ [ [ 34.360506887836479, 38.27631769950117 ], [ 34.360506467434313, 38.276295173556314 ], [ 34.360523113419191, 38.276267943521908 ], [ 34.360522524850317, 38.276236407199029 ], [ 34.360539423062903, 38.276222692729391 ], [ 34.360556573518842, 38.27622249382425 ], [ 34.360562038086677, 38.276208911955173 ], [ 34.360590622174144, 38.276208580439814 ], [ 34.360607940799206, 38.27621739190495 ], [ 34.360630723983611, 38.276212621495418 ], [ 34.360648042614315, 38.276221432954529 ], [ 34.360660064878708, 38.276252836661968 ], [ 34.36063787030286, 38.276289143398643 ], [ 34.360615171182296, 38.276298418998721 ], [ 34.360598609311765, 38.276330154234316 ], [ 34.360535724214074, 38.276330883565159 ], [ 34.360506887836479, 38.27631769950117 ] ] ] } },
{ "type": "Feature", "properties": { "Bina_ID": "Bina_254", "Net_Yukseklik": 8.19, "Gunes_Paneli_Sayisi": 11, "Yillik_Uretim_kWh": 5775.0 }, "geometry": { "type": "Polygon", "coordinates": [ [ [ 34.36569818028039, 38.276279910352756 ], [ 34.365697842676013, 38.276261889635705 ], [ 34.36570339068269, 38.276252812724366 ], [ 34.365685902655265, 38.276234991664715 ], [ 34.365679679448895, 38.27620802714064 ], [ 34.365708263475099, 38.276207694378549 ], [ 34.365708432278211, 38.276216704737131 ], [ 34.365714233486045, 38.276221143363117 ], [ 34.365719865889979, 38.276216571630307 ], [ 34.36571969708546, 38.276207561271775 ], [ 34.365725329488015, 38.27620298953871 ], [ 34.365736763097551, 38.276202856430281 ], [ 34.365737269517588, 38.27622988750565 ], [ 34.365720287901624, 38.276239097526577 ], [ 34.365720456706413, 38.276248107885053 ], [ 34.365732227935673, 38.276265995493802 ], [ 34.365732481145336, 38.276279511031376 ], [ 34.36569818028039, 38.276279910352756 ] ] ] } },
{ "type": "Feature", "properties": { "Bina_ID": "Bina_255", "Net_Yukseklik": 6.09, "Gunes_Paneli_Sayisi": 26, "Yillik_Uretim_kWh": 13650.0 }, "geometry": { "type": "Polygon", "coordinates": [ [ [ 34.371163951288487, 38.276243189722656 ], [ 34.371163781811035, 38.27623417938468 ], [ 34.371191857339468, 38.27620681427269 ], [ 34.371197235168779, 38.276188726776418 ], [ 34.371219932846927, 38.276179449154256 ], [ 34.371242800006016, 38.276179181865587 ], [ 34.371242969492897, 38.276188192203357 ], [ 34.37127231615267, 38.276228404605455 ], [ 34.37126156052372, 38.276264579603783 ], [ 34.371215826152046, 38.276265114185001 ], [ 34.371186903208262, 38.276247427613477 ], [ 34.371163951288487, 38.276243189722656 ] ] ] } },
{ "type": "Feature", "properties": { "Bina_ID": "Bina_256", "Net_Yukseklik": 3.0, "Gunes_Paneli_Sayisi": 13, "Yillik_Uretim_kWh": 6825.0 }, "geometry": { "type": "Polygon", "coordinates": [ [ [ 34.368363226891773, 38.276302928640838 ], [ 34.368351793279089, 38.276303062005496 ], [ 34.368334135475607, 38.276276231004672 ], [ 34.368305128642959, 38.276254038535136 ], [ 34.368299242716787, 38.276245094865935 ], [ 34.368298989031643, 38.276231579342756 ], [ 34.368361873840215, 38.276230845852801 ], [ 34.368367675206812, 38.276235284344494 ], [ 34.368373899405931, 38.276262248707113 ], [ 34.368362634931124, 38.276271392421187 ], [ 34.368363226891773, 38.276302928640838 ] ] ] } },
{ "type": "Feature", "properties": { "Bina_ID": "Bina_257", "Net_Yukseklik": 5.4, "Gunes_Paneli_Sayisi": 15, "Yillik_Uretim_kWh": 7875.0 }, "geometry": { "type": "Polygon", "coordinates": [ [ [ 34.370947136693964, 38.276268254489743 ], [ 34.370941250446421, 38.276259310959261 ], [ 34.370941080996396, 38.276250300620461 ], [ 34.370957977206324, 38.276236584686686 ], [ 34.370963694001226, 38.276236517877621 ], [ 34.370980590203679, 38.27622280194069 ], [ 34.371020607759689, 38.276222334263771 ], [ 34.371021539788913, 38.276271891125582 ], [ 34.370998672598638, 38.27627215837169 ], [ 34.370993040529299, 38.276276730351796 ], [ 34.370958739741084, 38.276277131210982 ], [ 34.370947136693964, 38.276268254489743 ] ] ] } },
{ "type": "Feature", "properties": { "Bina_ID": "Bina_258", "Net_Yukseklik": 15.62, "Gunes_Paneli_Sayisi": 16, "Yillik_Uretim_kWh": 8400.0 }, "geometry": { "type": "Polygon", "coordinates": [ [ [ 34.370415982607511, 38.27630149749379 ], [ 34.370421275943741, 38.276278904859254 ], [ 34.37043245546181, 38.276265255781965 ], [ 34.37043220138105, 38.276251740270887 ], [ 34.370448843605686, 38.276224508897585 ], [ 34.370488861171545, 38.276224041401996 ], [ 34.370495001453463, 38.276246500467096 ], [ 34.370483737253295, 38.276255644379845 ], [ 34.37048390664684, 38.276264654720357 ], [ 34.370478274545029, 38.276269226676369 ], [ 34.370478613331009, 38.276287247357381 ], [ 34.370450114025374, 38.276292086452457 ], [ 34.370438849812572, 38.276301230361071 ], [ 34.370415982607511, 38.27630149749379 ] ] ] } },
{ "type": "Feature", "properties": { "Bina_ID": "Bina_259", "Net_Yukseklik": 20.9, "Gunes_Paneli_Sayisi": 87, "Yillik_Uretim_kWh": 45675.0 }, "geometry": { "type": "Polygon", "coordinates": [ [ [ 34.37081018770126, 38.27628337332127 ], [ 34.370696190558654, 38.276302729980934 ], [ 34.37070131438719, 38.276271126995724 ], [ 34.370689711371639, 38.276262250248386 ], [ 34.370592271699792, 38.276249870228277 ], [ 34.370551915317762, 38.276232317078822 ], [ 34.370517699242889, 38.276237222978878 ], [ 34.370522738446304, 38.276201114829519 ], [ 34.37055089890837, 38.276178255036726 ], [ 34.37057948286472, 38.276177921088191 ], [ 34.370625894836564, 38.276213428116357 ], [ 34.370693395138133, 38.276154059374704 ], [ 34.370727695872276, 38.276153658594168 ], [ 34.370779909405222, 38.27619360393247 ], [ 34.370763436740283, 38.276229845689969 ], [ 34.370729644242203, 38.276257277500477 ], [ 34.370758482368636, 38.276270459017013 ], [ 34.370809933550312, 38.276269857812373 ], [ 34.37081018770126, 38.27628337332127 ] ] ] } },
{ "type": "Feature", "properties": { "Bina_ID": "Bina_260", "Net_Yukseklik": 8.41, "Gunes_Paneli_Sayisi": 79, "Yillik_Uretim_kWh": 41475.0 }, "geometry": { "type": "Polygon", "coordinates": [ [ [ 34.367820468335282, 38.276327282933025 ], [ 34.367786505599085, 38.276345703566335 ], [ 34.367735054298826, 38.276346303446203 ], [ 34.36771765028675, 38.276332987874916 ], [ 34.367689235284061, 38.276342331478354 ], [ 34.367626350361661, 38.276343064609598 ], [ 34.367607763100722, 38.27626667656272 ], [ 34.367641894889729, 38.276257266332017 ], [ 34.367658622692161, 38.276234540510607 ], [ 34.36769847126105, 38.276225063615477 ], [ 34.367727308848913, 38.276238245887896 ], [ 34.367773043270482, 38.276237712666749 ], [ 34.36777926725081, 38.276264677065036 ], [ 34.367820214738138, 38.276313767407331 ], [ 34.367820468335282, 38.276327282933025 ] ] ] } },
{ "type": "Feature", "properties": { "Bina_ID": "Bina_261", "Net_Yukseklik": 3.0, "Gunes_Paneli_Sayisi": 12, "Yillik_Uretim_kWh": 6300.0 }, "geometry": { "type": "Polygon", "coordinates": [ [ [ 34.372451417127259, 38.276291220736304 ], [ 34.37242283314891, 38.276291555141704 ], [ 34.372417201169519, 38.276296127188537 ], [ 34.372405767577298, 38.276296260948214 ], [ 34.37239996596589, 38.276291822661022 ], [ 34.372359948394873, 38.276292290809096 ], [ 34.372348090742783, 38.276269898729566 ], [ 34.372336487531804, 38.276261022148915 ], [ 34.372336317909344, 38.27625201181538 ], [ 34.372370618665954, 38.2762516105537 ], [ 34.372382137065379, 38.276255981964269 ], [ 34.372405513130474, 38.276282745448391 ], [ 34.37241694672057, 38.276282611688778 ], [ 34.372422578698959, 38.276278039641973 ], [ 34.372416522639369, 38.276260085855775 ], [ 34.372433673019081, 38.276259885214415 ], [ 34.37245124749041, 38.276282210403252 ], [ 34.372451417127259, 38.276291220736304 ] ] ] } },
{ "type": "Feature", "properties": { "Bina_ID": "Bina_262", "Net_Yukseklik": 5.8, "Gunes_Paneli_Sayisi": 30, "Yillik_Uretim_kWh": 15750.0 }, "geometry": { "type": "Polygon", "coordinates": [ [ [ 34.371348583721549, 38.276331154744994 ], [ 34.371353961519986, 38.276313067242477 ], [ 34.371347820968523, 38.276290608227683 ], [ 34.371414981722218, 38.27621321840693 ], [ 34.371432132098107, 38.276213017912191 ], [ 34.371461139842715, 38.276235209590929 ], [ 34.371461478871211, 38.276253230264622 ], [ 34.371405243211186, 38.276303455439177 ], [ 34.371399950179757, 38.276326048112317 ], [ 34.371348583721549, 38.276331154744994 ] ] ] } },
{ "type": "Feature", "properties": { "Bina_ID": "Bina_263", "Net_Yukseklik": 12.68, "Gunes_Paneli_Sayisi": 17, "Yillik_Uretim_kWh": 8925.0 }, "geometry": { "type": "Polygon", "coordinates": [ [ [ 34.371131599465954, 38.276347209518796 ], [ 34.371120165859566, 38.276347343153347 ], [ 34.371108478046231, 38.276333961279732 ], [ 34.3710566031639, 38.276312036770477 ], [ 34.371010699299575, 38.276303560933911 ], [ 34.371010529840689, 38.276294550595431 ], [ 34.371033142845462, 38.276280767839282 ], [ 34.371044576441825, 38.276280634213414 ], [ 34.371050462703693, 38.276289577738396 ], [ 34.371084763496441, 38.276289176852281 ], [ 34.371101744422504, 38.276279966067328 ], [ 34.371113178018412, 38.276279832434753 ], [ 34.371130582622555, 38.276293147490897 ], [ 34.37113092157005, 38.276311168166906 ], [ 34.37111965744176, 38.276320312139333 ], [ 34.371131599465954, 38.276347209518796 ] ] ] } },
{ "type": "Feature", "properties": { "Bina_ID": "Bina_264", "Net_Yukseklik": 18.93, "Gunes_Paneli_Sayisi": 13, "Yillik_Uretim_kWh": 6825.0 }, "geometry": { "type": "Polygon", "coordinates": [ [ [ 34.370291229194919, 38.276357028690896 ], [ 34.370290721084253, 38.276329997667546 ], [ 34.370318881669341, 38.276307137928633 ], [ 34.370318796982623, 38.276302632758103 ], [ 34.370347380990516, 38.27630229886519 ], [ 34.370353182480869, 38.276306737256235 ], [ 34.370364616084558, 38.276306603696554 ], [ 34.370364700774111, 38.276311108866992 ], [ 34.370376219068717, 38.27631548047659 ], [ 34.370376557830042, 38.276333501158234 ], [ 34.370370841026123, 38.276333567938842 ], [ 34.370359576796893, 38.276342711840087 ], [ 34.370336709578062, 38.276342978957594 ], [ 34.370331077460897, 38.276347550906756 ], [ 34.370313927045459, 38.276347751241154 ], [ 34.370302662806786, 38.276356895137091 ], [ 34.370291229194919, 38.276357028690896 ] ] ] } },
{ "type": "Feature", "properties": { "Bina_ID": "Bina_265", "Net_Yukseklik": 6.83, "Gunes_Paneli_Sayisi": 29, "Yillik_Uretim_kWh": 15225.0 }, "geometry": { "type": "Polygon", "coordinates": [ [ [ 34.360470149109283, 38.276493865962991 ], [ 34.360458547273012, 38.276484988181217 ], [ 34.360458295039095, 38.276471472614425 ], [ 34.360475277396169, 38.276462263342246 ], [ 34.360462834783171, 38.276408333671284 ], [ 34.36047998528332, 38.276408134776524 ], [ 34.360496799462844, 38.276389915123595 ], [ 34.360525299540214, 38.276385078433925 ], [ 34.360560105032498, 38.276411711756666 ], [ 34.360555060869238, 38.276447819569398 ], [ 34.36053219352393, 38.27644808477671 ], [ 34.360515295258985, 38.276461799245794 ], [ 34.360515631584867, 38.276479820001093 ], [ 34.360493016469533, 38.276493600767495 ], [ 34.360470149109283, 38.276493865962991 ] ] ] } },
{ "type": "Feature", "properties": { "Bina_ID": "Bina_266", "Net_Yukseklik": 3.0, "Gunes_Paneli_Sayisi": 35, "Yillik_Uretim_kWh": 18375.0 }, "geometry": { "type": "Polygon", "coordinates": [ [ [ 34.371052326809512, 38.276388691459211 ], [ 34.37101230916273, 38.27638915914865 ], [ 34.370989272478809, 38.276380416055233 ], [ 34.370926302885884, 38.276376645786399 ], [ 34.370926048712569, 38.276363130278384 ], [ 34.370897210519907, 38.276349948804501 ], [ 34.370896702184716, 38.276322917787972 ], [ 34.37095378547609, 38.276317744543981 ], [ 34.370999774072324, 38.276330725572002 ], [ 34.371057026825753, 38.276334562616128 ], [ 34.371052326809512, 38.276388691459211 ] ] ] } },
{ "type": "Feature", "properties": { "Bina_ID": "Bina_267", "Net_Yukseklik": 4.97, "Gunes_Paneli_Sayisi": 53, "Yillik_Uretim_kWh": 27825.0 }, "geometry": { "type": "Polygon", "coordinates": [ [ [ 34.364094959165818, 38.276469797599006 ], [ 34.364088736522802, 38.276442832980912 ], [ 34.364111182314893, 38.276420041169921 ], [ 34.364116309014044, 38.276388438419254 ], [ 34.364104791064683, 38.276384066188157 ], [ 34.36410445385286, 38.276366045459469 ], [ 34.364121351405231, 38.276352330486155 ], [ 34.364195838684822, 38.276360476638587 ], [ 34.364219211827887, 38.276387241809537 ], [ 34.3642478802536, 38.276391414583834 ], [ 34.364254018637965, 38.276413874010821 ], [ 34.364242753611499, 38.276423017339148 ], [ 34.364237711276786, 38.276459125276027 ], [ 34.364214843962984, 38.276459391201115 ], [ 34.36416297097184, 38.276437463606243 ], [ 34.364134639752173, 38.276451311539752 ], [ 34.364112193958213, 38.276474103355163 ], [ 34.364094959165818, 38.276469797599006 ] ] ] } },
{ "type": "Feature", "properties": { "Bina_ID": "Bina_268", "Net_Yukseklik": 4.83, "Gunes_Paneli_Sayisi": 95, "Yillik_Uretim_kWh": 49875.0 }, "geometry": { "type": "Polygon", "coordinates": [ [ [ 34.364598208764328, 38.276472957092885 ], [ 34.364528088891099, 38.276392661801822 ], [ 34.364556167018122, 38.276365298230999 ], [ 34.364590552272524, 38.276369404424003 ], [ 34.364613082217168, 38.276351117701289 ], [ 34.364595510093956, 38.276328791293537 ], [ 34.364629473656763, 38.276310371569153 ], [ 34.364634600124219, 38.276278768799642 ], [ 34.364702442826719, 38.276237424138458 ], [ 34.364736743685917, 38.276237025108564 ], [ 34.364777520451504, 38.276277106190008 ], [ 34.364823086259662, 38.27626756375637 ], [ 34.364778616928191, 38.276335673542533 ], [ 34.364675629873005, 38.276332365460355 ], [ 34.364676051563784, 38.27635489136599 ], [ 34.364591395603107, 38.276414456236481 ], [ 34.364643943392835, 38.276472425088656 ], [ 34.364598208764328, 38.276472957092885 ] ] ] } },
{ "type": "Feature", "properties": { "Bina_ID": "Bina_269", "Net_Yukseklik": 3.0, "Gunes_Paneli_Sayisi": 13, "Yillik_Uretim_kWh": 6825.0 }, "geometry": { "type": "Polygon", "coordinates": [ [ [ 34.366261973973479, 38.27646260432995 ], [ 34.366261636227541, 38.27644458361771 ], [ 34.366278533382371, 38.276430868341066 ], [ 34.366284250203698, 38.276430801759709 ], [ 34.366295514969302, 38.276421658240118 ], [ 34.366318213371706, 38.276412381553762 ], [ 34.366329647011241, 38.276412248386954 ], [ 34.366347304120417, 38.276439079702186 ], [ 34.366347557445671, 38.276452595235909 ], [ 34.366330406976971, 38.276452794988508 ], [ 34.36632477459441, 38.276457366750087 ], [ 34.366313340947769, 38.276457499916553 ], [ 34.36630770856376, 38.276462071677336 ], [ 34.366290558092544, 38.276462271424151 ], [ 34.366284925706722, 38.276466843183883 ], [ 34.366273492058397, 38.276466976346498 ], [ 34.366261973973479, 38.27646260432995 ] ] ] } },
{ "type": "Feature", "properties": { "Bina_ID": "Bina_270", "Net_Yukseklik": 6.67, "Gunes_Paneli_Sayisi": 255, "Yillik_Uretim_kWh": 133875.0 }, "geometry": { "type": "Polygon", "coordinates": [ [ [ 34.365673478616607, 38.276487481357194 ], [ 34.36557074451148, 38.276497689603623 ], [ 34.365530135973536, 38.276466619168758 ], [ 34.365490455747157, 38.276485105693588 ], [ 34.36548347309332, 38.276417594543496 ], [ 34.365420588048103, 38.276418326493783 ], [ 34.365408732485051, 38.276395933673534 ], [ 34.365470351701141, 38.276327624035687 ], [ 34.365429658917293, 38.276292048382849 ], [ 34.36548724898185, 38.276313908870499 ], [ 34.365555513179487, 38.276295089622451 ], [ 34.365548952447902, 38.276250104372714 ], [ 34.365473536898179, 38.276192402103177 ], [ 34.365518005488958, 38.276124292065759 ], [ 34.36560947427229, 38.276123227330594 ], [ 34.365638733442239, 38.276158936022028 ], [ 34.365672865452737, 38.276149526360292 ], [ 34.365690353455896, 38.276167347422593 ], [ 34.365679257450267, 38.27618550124388 ], [ 34.365633438624634, 38.276181528468847 ], [ 34.365663963813788, 38.276284814843414 ], [ 34.365643966098276, 38.276438257141493 ], [ 34.365673478616607, 38.276487481357194 ] ] ] } },
{ "type": "Feature", "properties": { "Bina_ID": "Bina_271", "Net_Yukseklik": 6.95, "Gunes_Paneli_Sayisi": 29, "Yillik_Uretim_kWh": 15225.0 }, "geometry": { "type": "Polygon", "coordinates": [ [ [ 34.369783703198308, 38.276430548279805 ], [ 34.369783195274465, 38.27640351725104 ], [ 34.369800261051857, 38.276398811822538 ], [ 34.36981715751503, 38.276385096048749 ], [ 34.369839940094678, 38.27638032386087 ], [ 34.369856836546028, 38.276366608081545 ], [ 34.369873986969175, 38.276366407813867 ], [ 34.369880127075938, 38.276388866913962 ], [ 34.369903332958771, 38.27640662057015 ], [ 34.369903756265757, 38.276429146426317 ], [ 34.36986979402765, 38.276447567653534 ], [ 34.369824144171133, 38.276452606865767 ], [ 34.369783703198308, 38.276430548279805 ] ] ] } },
{ "type": "Feature", "properties": { "Bina_ID": "Bina_272", "Net_Yukseklik": 11.08, "Gunes_Paneli_Sayisi": 23, "Yillik_Uretim_kWh": 12075.0 }, "geometry": { "type": "Polygon", "coordinates": [ [ [ 34.371179028692268, 38.276436778346422 ], [ 34.371173057662524, 38.276423329659778 ], [ 34.371184321799483, 38.276414185682221 ], [ 34.3712014722243, 38.276413985220309 ], [ 34.371213075325365, 38.276422861915158 ], [ 34.371230141008631, 38.276418156280286 ], [ 34.371183898097101, 38.276391659838083 ], [ 34.371183728616273, 38.276382649500405 ], [ 34.371206341614112, 38.276368866711174 ], [ 34.371223492028108, 38.276368666246228 ], [ 34.371240388210417, 38.27635495027252 ], [ 34.371268887482223, 38.276350110986023 ], [ 34.371303612038922, 38.276372235878689 ], [ 34.371298149476516, 38.276385818210422 ], [ 34.371269395955892, 38.276377141998204 ], [ 34.371240896673612, 38.27638198128502 ], [ 34.371258301325469, 38.276395296321077 ], [ 34.371247206689631, 38.276413450642949 ], [ 34.371247715156414, 38.276440481655087 ], [ 34.371179028692268, 38.276436778346422 ] ] ] } },
{ "type": "Feature", "properties": { "Bina_ID": "Bina_273", "Net_Yukseklik": 6.48, "Gunes_Paneli_Sayisi": 113, "Yillik_Uretim_kWh": 59325.0 }, "geometry": { "type": "Polygon", "coordinates": [ [ [ 34.372470518367606, 38.276394638918021 ], [ 34.372453452775353, 38.276399344731793 ], [ 34.372441764712633, 38.276385962995917 ], [ 34.37239124644988, 38.27643612174964 ], [ 34.372299014248519, 38.27639664527851 ], [ 34.372149698930777, 38.276362342585379 ], [ 34.372143642930347, 38.276344388784196 ], [ 34.372193482885216, 38.276258188798202 ], [ 34.372238962818216, 38.276244138335123 ], [ 34.3722849515812, 38.276257118855973 ], [ 34.372285630046242, 38.276293160190761 ], [ 34.372314383646838, 38.276301836152321 ], [ 34.372332551771279, 38.276355697526348 ], [ 34.372424275035172, 38.276368142972977 ], [ 34.372481273410393, 38.276358463820557 ], [ 34.372470518367606, 38.276394638918021 ] ] ] } },
{ "type": "Feature", "properties": { "Bina_ID": "Bina_274", "Net_Yukseklik": 5.32, "Gunes_Paneli_Sayisi": 46, "Yillik_Uretim_kWh": 24150.0 }, "geometry": { "type": "Polygon", "coordinates": [ [ [ 34.3708878102426, 38.276458206481543 ], [ 34.370847961994684, 38.276467684454424 ], [ 34.370830387960716, 38.276445359017629 ], [ 34.370813237525851, 38.27644555942544 ], [ 34.370796425957508, 38.276463780508834 ], [ 34.370762040363886, 38.276459676142615 ], [ 34.370761447362362, 38.276428139955449 ], [ 34.370783806309078, 38.276400841737235 ], [ 34.370743534511426, 38.276387793826231 ], [ 34.37074336508504, 38.276378783486877 ], [ 34.370777581208898, 38.27637387752015 ], [ 34.370800617866593, 38.276382620655681 ], [ 34.370817175262751, 38.276350884063149 ], [ 34.370851560807473, 38.276354988414198 ], [ 34.370880398994245, 38.276368169899399 ], [ 34.370875529402284, 38.2764132883988 ], [ 34.3708878102426, 38.276458206481543 ] ] ] } },
{ "type": "Feature", "properties": { "Bina_ID": "Bina_275", "Net_Yukseklik": 8.39, "Gunes_Paneli_Sayisi": 91, "Yillik_Uretim_kWh": 47775.0 }, "geometry": { "type": "Polygon", "coordinates": [ [ [ 34.368452615562219, 38.2764956508517 ], [ 34.36838981509576, 38.276500889568581 ], [ 34.368383506300091, 38.276469420034331 ], [ 34.368366186708911, 38.276460609736397 ], [ 34.36834340399917, 38.27646538164025 ], [ 34.368337348921045, 38.276447427625371 ], [ 34.368296823823471, 38.276420863343979 ], [ 34.368295470831839, 38.276348780555409 ], [ 34.368306397077113, 38.27632161615027 ], [ 34.36834641473213, 38.276321149384401 ], [ 34.36837542160437, 38.276343341842718 ], [ 34.368461342888317, 38.276351351910499 ], [ 34.368452615562219, 38.2764956508517 ] ] ] } },
{ "type": "Feature", "properties": { "Bina_ID": "Bina_276", "Net_Yukseklik": 6.02, "Gunes_Paneli_Sayisi": 180, "Yillik_Uretim_kWh": 94500.0 }, "geometry": { "type": "Polygon", "coordinates": [ [ [ 34.368235545459356, 38.27650719511459 ], [ 34.368115576730851, 38.276513100438116 ], [ 34.368103382130272, 38.276472687208184 ], [ 34.368068912112008, 38.276464076875044 ], [ 34.368085386177633, 38.276427835471196 ], [ 34.368050493448308, 38.276396699258619 ], [ 34.367901856266919, 38.276398432519713 ], [ 34.367872004155885, 38.276331188191087 ], [ 34.367974653101861, 38.276316472764293 ], [ 34.367991127183608, 38.276280231372539 ], [ 34.368145058161929, 38.276255905457738 ], [ 34.368152381467958, 38.276341437103561 ], [ 34.36810681608889, 38.276350980823125 ], [ 34.36811329385511, 38.276391460724561 ], [ 34.368216450172824, 38.276403776132668 ], [ 34.368235545459356, 38.27650719511459 ] ] ] } },
{ "type": "Feature", "properties": { "Bina_ID": "Bina_277", "Net_Yukseklik": 6.94, "Gunes_Paneli_Sayisi": 147, "Yillik_Uretim_kWh": 77175.0 }, "geometry": { "type": "Polygon", "coordinates": [ [ [ 34.364782749830439, 38.276556427404159 ], [ 34.36478215941306, 38.276524891138756 ], [ 34.364718599526405, 38.276489581267541 ], [ 34.364711280223297, 38.276404049334118 ], [ 34.364779713408055, 38.276394240894419 ], [ 34.364790725325157, 38.276371581973173 ], [ 34.364802158965581, 38.276371448955331 ], [ 34.364791147052088, 38.276394107877572 ], [ 34.364808550557555, 38.276407423892721 ], [ 34.364910862898633, 38.276374690410869 ], [ 34.365010579610804, 38.276508715036783 ], [ 34.364930797045794, 38.276523161824855 ], [ 34.364908435837087, 38.276550458968636 ], [ 34.364862448113769, 38.276537475535008 ], [ 34.364799647295271, 38.276542712335129 ], [ 34.364782749830439, 38.276556427404159 ] ] ] } },
{ "type": "Feature", "properties": { "Bina_ID": "Bina_278", "Net_Yukseklik": 6.78, "Gunes_Paneli_Sayisi": 142, "Yillik_Uretim_kWh": 74550.0 }, "geometry": { "type": "Polygon", "coordinates": [ [ [ 34.365331650258369, 38.276554546482174 ], [ 34.365291463671234, 38.276546001862599 ], [ 34.365302222317126, 38.276509827356996 ], [ 34.365254800190712, 38.276420256019392 ], [ 34.365232523508496, 38.276452058402541 ], [ 34.36520385500971, 38.276447885870454 ], [ 34.365220077392742, 38.276398129302088 ], [ 34.365202420703781, 38.276371297809021 ], [ 34.365236468500214, 38.276357383091607 ], [ 34.365213094999618, 38.276330618130068 ], [ 34.365298087848984, 38.276289073541413 ], [ 34.36534979230013, 38.276301990270611 ], [ 34.365379473327401, 38.276360224925796 ], [ 34.365380654672812, 38.276423297442506 ], [ 34.365432696774306, 38.276454234851471 ], [ 34.36543303431548, 38.276472255569914 ], [ 34.36536519182561, 38.276513600648371 ], [ 34.365365698113543, 38.276540631726512 ], [ 34.365331650258369, 38.276554546482174 ] ] ] } },
{ "type": "Feature", "properties": { "Bina_ID": "Bina_279", "Net_Yukseklik": 4.33, "Gunes_Paneli_Sayisi": 13, "Yillik_Uretim_kWh": 6825.0 }, "geometry": { "type": "Polygon", "coordinates": [ [ [ 34.36982524470848, 38.276511174093073 ], [ 34.369785142319557, 38.276507136193885 ], [ 34.369784973010894, 38.276498125851106 ], [ 34.369779171538703, 38.276493687431724 ], [ 34.36972200335881, 38.276494354936546 ], [ 34.3697219187084, 38.276489849765035 ], [ 34.369710400423223, 38.276485478091104 ], [ 34.369710146474304, 38.276471962576458 ], [ 34.369721410806385, 38.276462818735865 ], [ 34.369732844437578, 38.276462685237277 ], [ 34.369738476601803, 38.276458113316053 ], [ 34.369767060677596, 38.276457779563373 ], [ 34.369773031453086, 38.276471228326322 ], [ 34.369784634393788, 38.276480105165497 ], [ 34.369807501660908, 38.276479838154792 ], [ 34.369813472445735, 38.276493286915461 ], [ 34.369825075394836, 38.276502163750457 ], [ 34.36982524470848, 38.276511174093073 ] ] ] } },
{ "type": "Feature", "properties": { "Bina_ID": "Bina_280", "Net_Yukseklik": 3.0, "Gunes_Paneli_Sayisi": 12, "Yillik_Uretim_kWh": 6300.0 }, "geometry": { "type": "Polygon", "coordinates": [ [ [ 34.364697250327566, 38.2765709405435 ], [ 34.364680099819225, 38.276571140055388 ], [ 34.364668497470134, 38.276562262700004 ], [ 34.364645545791149, 38.276558023528629 ], [ 34.364633943448304, 38.276549146169685 ], [ 34.364644112066024, 38.276481435450805 ], [ 34.364655545724375, 38.276481302446932 ], [ 34.364655883073794, 38.276499323171123 ], [ 34.364667485411132, 38.276508200528092 ], [ 34.364685141940278, 38.276535032104135 ], [ 34.36468547929767, 38.276553052827943 ], [ 34.364697081647272, 38.276561930181686 ], [ 34.364697250327566, 38.2765709405435 ] ] ] } },
{ "type": "Feature", "properties": { "Bina_ID": "Bina_281", "Net_Yukseklik": 12.17, "Gunes_Paneli_Sayisi": 25, "Yillik_Uretim_kWh": 13125.0 }, "geometry": { "type": "Polygon", "coordinates": [ [ [ 34.371333975806664, 38.276466510284585 ], [ 34.371333806306843, 38.276457499947576 ], [ 34.371345239929482, 38.276457366291879 ], [ 34.371362559866647, 38.276466176143153 ], [ 34.371379710302406, 38.276465975654958 ], [ 34.371402069025166, 38.276438677323178 ], [ 34.371453435554457, 38.276433570665823 ], [ 34.371459491394035, 38.276451524505433 ], [ 34.371471009773487, 38.27645589600575 ], [ 34.371471433565553, 38.276478421846932 ], [ 34.371460254213567, 38.276492071019717 ], [ 34.371460423729225, 38.276501081356194 ], [ 34.371409057153073, 38.27650618801745 ], [ 34.371391567693692, 38.276488367836663 ], [ 34.371357182060208, 38.276484263645784 ], [ 34.371333975806664, 38.276466510284585 ] ] ] } },
{ "type": "Feature", "properties": { "Bina_ID": "Bina_282", "Net_Yukseklik": 3.57, "Gunes_Paneli_Sayisi": 47, "Yillik_Uretim_kWh": 24675.0 }, "geometry": { "type": "Polygon", "coordinates": [ [ [ 34.364354493085543, 38.276588445849931 ], [ 34.364296228601816, 38.276530543351377 ], [ 34.364295975656105, 38.276517027806293 ], [ 34.364340782820797, 38.276466938921303 ], [ 34.364369198325321, 38.276457596120288 ], [ 34.364397360858632, 38.276434737767772 ], [ 34.364442926818938, 38.276425195479305 ], [ 34.364460330269942, 38.276438511547099 ], [ 34.364460667570597, 38.276456532272896 ], [ 34.364432505049386, 38.276479390640297 ], [ 34.364392487242156, 38.276479856072932 ], [ 34.364375674033212, 38.276498076266201 ], [ 34.364388288188245, 38.276561015829749 ], [ 34.364371643600286, 38.276588246385558 ], [ 34.364354493085543, 38.276588445849931 ] ] ] } },
{ "type": "Feature", "properties": { "Bina_ID": "Bina_283", "Net_Yukseklik": 4.6, "Gunes_Paneli_Sayisi": 147, "Yillik_Uretim_kWh": 77175.0 }, "geometry": { "type": "Polygon", "coordinates": [ [ [ 34.367001471669511, 38.276562137372608 ], [ 34.366972211674359, 38.27652642903908 ], [ 34.366983222922372, 38.276503769924936 ], [ 34.367232988792743, 38.276406229865302 ], [ 34.367174806708093, 38.27635283401149 ], [ 34.367191112211657, 38.276307582371835 ], [ 34.367219527268439, 38.276298238888081 ], [ 34.367289311965166, 38.276360511812655 ], [ 34.367294099279214, 38.276310888243849 ], [ 34.367356984182585, 38.276310155291185 ], [ 34.367374979659118, 38.276355007149775 ], [ 34.367318572044205, 38.276396220066395 ], [ 34.36736439107711, 38.276400192178734 ], [ 34.367376331741035, 38.276427089965992 ], [ 34.367234087246878, 38.276464797156507 ], [ 34.367155234626047, 38.276528802387709 ], [ 34.367114878879519, 38.276511248043839 ], [ 34.367086717189345, 38.2765341070331 ], [ 34.367051740339967, 38.276498465340374 ], [ 34.367012060497984, 38.276516952372951 ], [ 34.367001471669511, 38.276562137372608 ] ] ] } },
{ "type": "Feature", "properties": { "Bina_ID": "Bina_284", "Net_Yukseklik": 3.61, "Gunes_Paneli_Sayisi": 17, "Yillik_Uretim_kWh": 8925.0 }, "geometry": { "type": "Polygon", "coordinates": [ [ [ 34.372415894830546, 38.276530462726477 ], [ 34.372415725196639, 38.276521452393652 ], [ 34.372421357193112, 38.276516880346747 ], [ 34.372420678655537, 38.276480839015385 ], [ 34.372426310648628, 38.276476266968253 ], [ 34.372477846760226, 38.276480170195882 ], [ 34.372495166834725, 38.2764889798772 ], [ 34.372495930231217, 38.276529526373622 ], [ 34.372490298238581, 38.276534098424044 ], [ 34.372421696462339, 38.276534901012326 ], [ 34.372415894830546, 38.276530462726477 ] ] ] } },
{ "type": "Feature", "properties": { "Bina_ID": "Bina_285", "Net_Yukseklik": 5.36, "Gunes_Paneli_Sayisi": 96, "Yillik_Uretim_kWh": 50400.0 }, "geometry": { "type": "Polygon", "coordinates": [ [ [ 34.371832864437458, 38.276541788246064 ], [ 34.371707094464355, 38.276543258922842 ], [ 34.371763075762466, 38.276479518102988 ], [ 34.371637475430568, 38.276489999038759 ], [ 34.371579459646739, 38.276445615768651 ], [ 34.371555660008617, 38.276396326275254 ], [ 34.371480917734999, 38.276374669308062 ], [ 34.371480409182958, 38.276347638298262 ], [ 34.371543039720493, 38.276333387596772 ], [ 34.371561037759697, 38.276378238764316 ], [ 34.371641496865351, 38.276399828837576 ], [ 34.371659410212359, 38.276440174820181 ], [ 34.371693371979056, 38.276421753083333 ], [ 34.371750624830391, 38.276425589786825 ], [ 34.371774424609313, 38.276474879237739 ], [ 34.37183747909841, 38.276483154216287 ], [ 34.371832864437458, 38.276541788246064 ] ] ] } },
{ "type": "Feature", "properties": { "Bina_ID": "Bina_286", "Net_Yukseklik": 5.93, "Gunes_Paneli_Sayisi": 99, "Yillik_Uretim_kWh": 51975.0 }, "geometry": { "type": "Polygon", "coordinates": [ [ [ 34.366561951354541, 38.276603307447495 ], [ 34.366503347331353, 38.276527385368595 ], [ 34.366479551066462, 38.276478094781886 ], [ 34.366587241706831, 38.27642727254905 ], [ 34.366615825808175, 38.276426939564274 ], [ 34.366692171583693, 38.276534198024876 ], [ 34.366692509437122, 38.276552218733613 ], [ 34.366601884735374, 38.276598336096377 ], [ 34.366561951354541, 38.276603307447495 ] ] ] } },
{ "type": "Feature", "properties": { "Bina_ID": "Bina_287", "Net_Yukseklik": 9.14, "Gunes_Paneli_Sayisi": 15, "Yillik_Uretim_kWh": 7875.0 }, "geometry": { "type": "Polygon", "coordinates": [ [ [ 34.371478421762511, 38.276545932535342 ], [ 34.371478252244351, 38.276536922199014 ], [ 34.371501119513077, 38.276536654857892 ], [ 34.37151238362501, 38.276527510849455 ], [ 34.37151195981955, 38.276504985008842 ], [ 34.371517591872788, 38.276500413004264 ], [ 34.371529025501275, 38.276500279330541 ], [ 34.371534657553063, 38.276495707325161 ], [ 34.371574760014461, 38.276499744624481 ], [ 34.371581409247547, 38.276549234632824 ], [ 34.371569975611642, 38.276549368311798 ], [ 34.371564174029253, 38.276544929982862 ], [ 34.371535589940812, 38.276545264173983 ], [ 34.371529957885343, 38.276549836179441 ], [ 34.371478421762511, 38.276545932535342 ] ] ] } },
{ "type": "Feature", "properties": { "Bina_ID": "Bina_288", "Net_Yukseklik": 22.89, "Gunes_Paneli_Sayisi": 133, "Yillik_Uretim_kWh": 69825.0 }, "geometry": { "type": "Polygon", "coordinates": [ [ [ 34.370295886907698, 38.276604813065546 ], [ 34.370267133411758, 38.276596136607331 ], [ 34.370283691088176, 38.276564400085945 ], [ 34.370156142769801, 38.276471260518676 ], [ 34.370113669504462, 38.276341077948899 ], [ 34.370055146724773, 38.276269662877965 ], [ 34.370089447522446, 38.276269262282995 ], [ 34.370118962937319, 38.276318485326343 ], [ 34.370285851128351, 38.276375116149595 ], [ 34.370230037957718, 38.27644786662951 ], [ 34.370247696493969, 38.276474697330237 ], [ 34.370305034018649, 38.276483039910403 ], [ 34.370423139193562, 38.276378018606358 ], [ 34.370410858653138, 38.27633310046874 ], [ 34.370462225190856, 38.276327994245463 ], [ 34.370458202297193, 38.276418164434673 ], [ 34.370389854646021, 38.27643248134374 ], [ 34.370288476369019, 38.276514776434723 ], [ 34.370295886907698, 38.276604813065546 ] ] ] } },
{ "type": "Feature", "properties": { "Bina_ID": "Bina_289", "Net_Yukseklik": 5.5, "Gunes_Paneli_Sayisi": 86, "Yillik_Uretim_kWh": 45150.0 }, "geometry": { "type": "Polygon", "coordinates": [ [ [ 34.36612259935093, 38.276653486240782 ], [ 34.366105364405954, 38.276649180783181 ], [ 34.366051042442407, 38.276496603865546 ], [ 34.366164703534615, 38.276459230979363 ], [ 34.366175799457551, 38.276441077114463 ], [ 34.366198666746918, 38.276440810807308 ], [ 34.366233812027964, 38.276485463119279 ], [ 34.366251891301189, 38.276534820339045 ], [ 34.366234487507377, 38.276521504543872 ], [ 34.366212042361234, 38.276544296748952 ], [ 34.366189259471817, 38.276549068237436 ], [ 34.366149832664867, 38.276581070517238 ], [ 34.366150592535192, 38.276621617120654 ], [ 34.366122008351979, 38.276621949993519 ], [ 34.36613386417087, 38.276644342736027 ], [ 34.36612259935093, 38.276653486240782 ] ] ] } },
{ "type": "Feature", "properties": { "Bina_ID": "Bina_290", "Net_Yukseklik": 3.98, "Gunes_Paneli_Sayisi": 58, "Yillik_Uretim_kWh": 30450.0 }, "geometry": { "type": "Polygon", "coordinates": [ [ [ 34.366425760694341, 38.276658967785515 ], [ 34.36637422469974, 38.276655061895113 ], [ 34.366291993546156, 38.27653885944963 ], [ 34.366303089448543, 38.276520705573304 ], [ 34.366376817108751, 38.276488303731988 ], [ 34.366388250759925, 38.27648817055924 ], [ 34.366423480625826, 38.276537327989139 ], [ 34.366423818412891, 38.276555348699887 ], [ 34.366395572039224, 38.276573702349715 ], [ 34.366395825374646, 38.276587217882856 ], [ 34.36643694102829, 38.27664531907476 ], [ 34.366425760694341, 38.276658967785515 ] ] ] } },
{ "type": "Feature", "properties": { "Bina_ID": "Bina_291", "Net_Yukseklik": 3.0, "Gunes_Paneli_Sayisi": 28, "Yillik_Uretim_kWh": 14700.0 }, "geometry": { "type": "Polygon", "coordinates": [ [ [ 34.371136598985593, 38.276613014481732 ], [ 34.371101789625214, 38.276586384372862 ], [ 34.371090101775536, 38.276573002498587 ], [ 34.37108993230521, 38.276563992160838 ], [ 34.371112545376548, 38.276550209388716 ], [ 34.371134734750235, 38.276513900768208 ], [ 34.371151800460048, 38.2765091951443 ], [ 34.371197958694424, 38.276531186428741 ], [ 34.371198297661465, 38.276549207103528 ], [ 34.371187202988239, 38.276567361419986 ], [ 34.371170306747658, 38.276581077386659 ], [ 34.371159296802311, 38.276603736869319 ], [ 34.371153579979087, 38.276603803688459 ], [ 34.37114803263357, 38.276612880844809 ], [ 34.371136598985593, 38.276613014481732 ] ] ] } },
{ "type": "Feature", "properties": { "Bina_ID": "Bina_292", "Net_Yukseklik": 8.99, "Gunes_Paneli_Sayisi": 36, "Yillik_Uretim_kWh": 18900.0 }, "geometry": { "type": "Polygon", "coordinates": [ [ [ 34.369060967576196, 38.2766147252756 ], [ 34.369078202674416, 38.276619030295805 ], [ 34.369083411835973, 38.276591932541962 ], [ 34.369094845490459, 38.276591799105162 ], [ 34.369106448370232, 38.27660067601245 ], [ 34.369112842103135, 38.276636650673602 ], [ 34.369123345012632, 38.276586960335727 ], [ 34.369151929146284, 38.276586626731955 ], [ 34.369180936365858, 38.276608818983512 ], [ 34.369226586371937, 38.276603780019059 ], [ 34.369226840232422, 38.276617295536141 ], [ 34.3692443292042, 38.276635116048709 ], [ 34.36925576286469, 38.2766349825961 ], [ 34.369256016730866, 38.276648498112941 ], [ 34.369130415666696, 38.276658976376062 ], [ 34.369113095942836, 38.276650166191246 ], [ 34.369084511783811, 38.276650499786022 ], [ 34.369084173337981, 38.276632479095611 ], [ 34.369061221406071, 38.276628240793592 ], [ 34.369060967576196, 38.2766147252756 ] ] ] } },
{ "type": "Feature", "properties": { "Bina_ID": "Bina_293", "Net_Yukseklik": 12.22, "Gunes_Paneli_Sayisi": 36, "Yillik_Uretim_kWh": 18900.0 }, "geometry": { "type": "Polygon", "coordinates": [ [ [ 34.36959246331557, 38.276599509041574 ], [ 34.36959204010217, 38.276576983183119 ], [ 34.369700575122032, 38.276571209846665 ], [ 34.369723611720033, 38.276579953194705 ], [ 34.369723865672434, 38.276593468709024 ], [ 34.369746986932491, 38.27660671722365 ], [ 34.369747156237118, 38.276615727566409 ], [ 34.369701760214383, 38.276634282247258 ], [ 34.369673599307959, 38.276657141842776 ], [ 34.369650816630461, 38.276661913999966 ], [ 34.369621386026644, 38.276617196009894 ], [ 34.369609783083014, 38.276608319154796 ], [ 34.369598349428394, 38.276608452641824 ], [ 34.36959246331557, 38.276599509041574 ] ] ] } },
{ "type": "Feature", "properties": { "Bina_ID": "Bina_294", "Net_Yukseklik": 3.0, "Gunes_Paneli_Sayisi": 22, "Yillik_Uretim_kWh": 11550.0 }, "geometry": { "type": "Polygon", "coordinates": [ [ [ 34.365836926191086, 38.276665824947678 ], [ 34.365836588547751, 38.276647804232866 ], [ 34.365888040101552, 38.276647205181526 ], [ 34.365905528279434, 38.27666502620702 ], [ 34.365991112045272, 38.276655017368007 ], [ 34.36599128088605, 38.276664027724834 ], [ 34.365974130365068, 38.276664227426288 ], [ 34.365962949940318, 38.27667787609456 ], [ 34.365906288016184, 38.276705572813995 ], [ 34.365854836421583, 38.276706171874096 ], [ 34.365848613107495, 38.276679207363024 ], [ 34.365836926191086, 38.276665824947678 ] ] ] } },
{ "type": "Feature", "properties": { "Bina_ID": "Bina_295", "Net_Yukseklik": 4.19, "Gunes_Paneli_Sayisi": 140, "Yillik_Uretim_kWh": 73500.0 }, "geometry": { "type": "Polygon", "coordinates": [ [ [ 34.370427373886258, 38.276603277115981 ], [ 34.370449648316146, 38.276571473788771 ], [ 34.370448716665621, 38.276521916917623 ], [ 34.370494535911305, 38.276525887802443 ], [ 34.370511262871076, 38.276503161590803 ], [ 34.370562798924681, 38.276507065661427 ], [ 34.370568854552921, 38.276525019550824 ], [ 34.370632247795491, 38.276551315858207 ], [ 34.370654776244024, 38.276533028003001 ], [ 34.370677982357876, 38.276550781501108 ], [ 34.370723293356889, 38.276527721278221 ], [ 34.370769620909634, 38.276558723072434 ], [ 34.370786093640845, 38.276522481314721 ], [ 34.370809130347027, 38.276531224447446 ], [ 34.370810401114603, 38.276598801988605 ], [ 34.370748278480725, 38.276640083322121 ], [ 34.370656555119652, 38.276627636566467 ], [ 34.370655623326613, 38.276578079700087 ], [ 34.370620983566987, 38.27656045978425 ], [ 34.37055424515912, 38.276660375016945 ], [ 34.370427373886258, 38.276603277115981 ] ] ] } },
{ "type": "Feature", "properties": { "Bina_ID": "Bina_296", "Net_Yukseklik": 4.14, "Gunes_Paneli_Sayisi": 120, "Yillik_Uretim_kWh": 63000.0 }, "geometry": { "type": "Polygon", "coordinates": [ [ [ 34.36769481393209, 38.276639673050894 ], [ 34.3676818588185, 38.276558713196422 ], [ 34.367881694176553, 38.276542864758639 ], [ 34.367880510662545, 38.276479792309054 ], [ 34.367994847085654, 38.276478459066432 ], [ 34.368001324803345, 38.276518938974149 ], [ 34.367938608817425, 38.276528682625212 ], [ 34.367899520959178, 38.276578706178071 ], [ 34.367797463351103, 38.276624957771091 ], [ 34.367866149880975, 38.276628663059768 ], [ 34.367861616550869, 38.276691802167015 ], [ 34.367781749879114, 38.27670174571206 ], [ 34.367746180911482, 38.276634568009683 ], [ 34.36769481393209, 38.276639673050894 ] ] ] } },
{ "type": "Feature", "properties": { "Bina_ID": "Bina_297", "Net_Yukseklik": 5.58, "Gunes_Paneli_Sayisi": 103, "Yillik_Uretim_kWh": 54075.0 }, "geometry": { "type": "Polygon", "coordinates": [ [ [ 34.365786149885217, 38.276702465407062 ], [ 34.365695271197815, 38.276735066545953 ], [ 34.365632217087487, 38.276726788256795 ], [ 34.36561447576819, 38.276695451652479 ], [ 34.365613378605943, 38.276636884323985 ], [ 34.365641540807623, 38.276614025679457 ], [ 34.36560639581969, 38.276569373185332 ], [ 34.365577558466846, 38.276556190387431 ], [ 34.3656458228646, 38.276537371083762 ], [ 34.365629263154723, 38.27656910698839 ], [ 34.36567012499345, 38.276613692923696 ], [ 34.365727377767648, 38.27661753257027 ], [ 34.365772183991837, 38.276567443156615 ], [ 34.365812286233179, 38.276571482431336 ], [ 34.365813299143319, 38.276625544576852 ], [ 34.365790516200228, 38.276630315988797 ], [ 34.365802456328424, 38.276657213945434 ], [ 34.365786149885217, 38.276702465407062 ] ] ] } },
{ "type": "Feature", "properties": { "Bina_ID": "Bina_298", "Net_Yukseklik": 4.57, "Gunes_Paneli_Sayisi": 49, "Yillik_Uretim_kWh": 25725.0 }, "geometry": { "type": "Polygon", "coordinates": [ [ [ 34.372526974196759, 38.276659841766971 ], [ 34.372508805846927, 38.276605980429913 ], [ 34.372514098550823, 38.276583387713892 ], [ 34.372525447363643, 38.27657874877665 ], [ 34.372558900012095, 38.276533295795659 ], [ 34.372576050455045, 38.276533095132301 ], [ 34.372604295211815, 38.276514740023586 ], [ 34.372621445650083, 38.276514539353677 ], [ 34.372621700139042, 38.276528054851738 ], [ 34.372604804183574, 38.276541771019879 ], [ 34.372599681167436, 38.276573374071624 ], [ 34.372628689405524, 38.276595565450876 ], [ 34.372629028726962, 38.276613586114664 ], [ 34.372606500761009, 38.276631874339948 ], [ 34.372618019234672, 38.276636245725669 ], [ 34.372618358553972, 38.2766542663894 ], [ 34.372526974196759, 38.276659841766971 ] ] ] } },
{ "type": "Feature", "properties": { "Bina_ID": "Bina_299", "Net_Yukseklik": 20.42, "Gunes_Paneli_Sayisi": 91, "Yillik_Uretim_kWh": 47775.0 }, "geometry": { "type": "Polygon", "coordinates": [ [ [ 34.369817197330683, 38.276691514451073 ], [ 34.369816858703267, 38.276673493766303 ], [ 34.369867463590644, 38.276627841258055 ], [ 34.369832146730204, 38.276574179736585 ], [ 34.369882836201192, 38.276533032393658 ], [ 34.369974559328931, 38.276545479759299 ], [ 34.370009283599202, 38.276567605040093 ], [ 34.369998357959304, 38.276594769591476 ], [ 34.369952623356319, 38.276595303684189 ], [ 34.369935726871709, 38.276609019477455 ], [ 34.369987093642884, 38.276603913458203 ], [ 34.370084872395182, 38.27663431465627 ], [ 34.370085549781848, 38.276670356021945 ], [ 34.369959864160606, 38.276676330000853 ], [ 34.369982308152451, 38.276653537100366 ], [ 34.369913282878301, 38.276631812369217 ], [ 34.369834432488503, 38.27669581935892 ], [ 34.369817197330683, 38.276691514451073 ] ] ] } },
{ "type": "Feature", "properties": { "Bina_ID": "Bina_300", "Net_Yukseklik": 9.92, "Gunes_Paneli_Sayisi": 97, "Yillik_Uretim_kWh": 50925.0 }, "geometry": { "type": "Polygon", "coordinates": [ [ [ 34.371714337208857, 38.276624285095238 ], [ 34.371736441525577, 38.276583471198919 ], [ 34.371787977685393, 38.276587374728862 ], [ 34.371827656304831, 38.276568886102908 ], [ 34.371873645206122, 38.276581866781839 ], [ 34.371918362327833, 38.2765272699326 ], [ 34.371969983244583, 38.276535678550466 ], [ 34.371980568975935, 38.276490493160139 ], [ 34.372083895577397, 38.276511815485989 ], [ 34.372056244250345, 38.276561706641367 ], [ 34.372010340123516, 38.276553231201525 ], [ 34.371988066388951, 38.276585034812264 ], [ 34.371914171661153, 38.276608429800469 ], [ 34.371903077159729, 38.276626584181265 ], [ 34.371868606653109, 38.276617974974826 ], [ 34.371846248054823, 38.276645273392475 ], [ 34.37185264314008, 38.276681247878443 ], [ 34.37181834217391, 38.276681648992486 ], [ 34.371789249362777, 38.27665495224165 ], [ 34.371788825469842, 38.276632426404142 ], [ 34.371714337208857, 38.276624285095238 ] ] ] } },
{ "type": "Feature", "properties": { "Bina_ID": "Bina_301", "Net_Yukseklik": 3.0, "Gunes_Paneli_Sayisi": 72, "Yillik_Uretim_kWh": 37800.0 }, "geometry": { "type": "Polygon", "coordinates": [ [ [ 34.366706308099054, 38.276678230488784 ], [ 34.366757421784577, 38.276659610347821 ], [ 34.366860071445593, 38.276644895884338 ], [ 34.366860409341868, 38.276662916591455 ], [ 34.366877897757007, 38.276680737467409 ], [ 34.36696911374392, 38.27666615612943 ], [ 34.366981307754756, 38.276706569487203 ], [ 34.366918929366896, 38.276734333304617 ], [ 34.366901778836016, 38.276734533141976 ], [ 34.36689000724413, 38.276716645658801 ], [ 34.366872772242175, 38.276712340315136 ], [ 34.366759026674885, 38.276745208709606 ], [ 34.366724725605543, 38.276745608335141 ], [ 34.366706308099054, 38.276678230488784 ] ] ] } },
{ "type": "Feature", "properties": { "Bina_ID": "Bina_302", "Net_Yukseklik": 3.58, "Gunes_Paneli_Sayisi": 85, "Yillik_Uretim_kWh": 44625.0 }, "geometry": { "type": "Polygon", "coordinates": [ [ [ 34.365586904296428, 38.27674984654476 ], [ 34.365558488844094, 38.276759189639527 ], [ 34.365501235964807, 38.276755349912548 ], [ 34.365471892224456, 38.276715136014253 ], [ 34.365437591150851, 38.276715535263257 ], [ 34.365430946060371, 38.276666044829959 ], [ 34.365442210970969, 38.27665690138997 ], [ 34.365430270974663, 38.276630003394175 ], [ 34.365418752911758, 38.276625631294458 ], [ 34.365407656771396, 38.276643785091245 ], [ 34.365390506250996, 38.276643984707313 ], [ 34.365378481893487, 38.276612581526173 ], [ 34.365458264457914, 38.276598134433634 ], [ 34.365481722524628, 38.276629404521238 ], [ 34.365550155802801, 38.276619595630372 ], [ 34.365602957684324, 38.276691079571322 ], [ 34.365586904296428, 38.27674984654476 ] ] ] } },
{ "type": "Feature", "properties": { "Bina_ID": "Bina_303", "Net_Yukseklik": 3.0, "Gunes_Paneli_Sayisi": 32, "Yillik_Uretim_kWh": 16800.0 }, "geometry": { "type": "Polygon", "coordinates": [ [ [ 34.368810273022284, 38.276662712287916 ], [ 34.368810103833141, 38.276653701941711 ], [ 34.36883280197214, 38.276644424773757 ], [ 34.368872819795527, 38.276643957825037 ], [ 34.368878452028618, 38.276639385943959 ], [ 34.36891283761797, 38.276643490862661 ], [ 34.368935535740157, 38.276634213675123 ], [ 34.368958403063729, 38.276633946828987 ], [ 34.368953616870307, 38.276683570442152 ], [ 34.368914191234246, 38.276715573628998 ], [ 34.368914360436619, 38.276724583974733 ], [ 34.368897209922338, 38.276724784103713 ], [ 34.368891323884654, 38.276715840466998 ], [ 34.368856769066859, 38.276702725196699 ], [ 34.368856176884258, 38.276671188985716 ], [ 34.368850375453135, 38.276666750519716 ], [ 34.368810273022284, 38.276662712287916 ] ] ] } },
{ "type": "Feature", "properties": { "Bina_ID": "Bina_304", "Net_Yukseklik": 3.0, "Gunes_Paneli_Sayisi": 11, "Yillik_Uretim_kWh": 5775.0 }, "geometry": { "type": "Polygon", "coordinates": [ [ [ 34.367188381446724, 38.276771748777058 ], [ 34.367188296952037, 38.276767243600986 ], [ 34.367176609779087, 38.276753861324188 ], [ 34.367176356297414, 38.276740345795858 ], [ 34.367181988646649, 38.276735773994176 ], [ 34.367181904152467, 38.276731268818075 ], [ 34.367204433541026, 38.276712981608817 ], [ 34.367215867223472, 38.276712848354762 ], [ 34.367244873919425, 38.276735041094774 ], [ 34.367250590762289, 38.276734974465889 ], [ 34.367250844257676, 38.276748489993821 ], [ 34.367227976881864, 38.276748756507843 ], [ 34.367211079837944, 38.276762471918559 ], [ 34.367211248830131, 38.276771482270632 ], [ 34.367188381446724, 38.276771748777058 ] ] ] } },
{ "type": "Feature", "properties": { "Bina_ID": "Bina_305", "Net_Yukseklik": 16.56, "Gunes_Paneli_Sayisi": 192, "Yillik_Uretim_kWh": 100800.0 }, "geometry": { "type": "Polygon", "coordinates": [ [ [ 34.364192751611803, 38.276806622601036 ], [ 34.364158450476864, 38.276807021476905 ], [ 34.364158113246667, 38.276789000749915 ], [ 34.363985005966057, 38.276705396517514 ], [ 34.364034855908557, 38.276619199817787 ], [ 34.364124470663185, 38.276519022223582 ], [ 34.364170373944539, 38.276527500767337 ], [ 34.364268571881844, 38.276580432770828 ], [ 34.36420737286457, 38.276671267708387 ], [ 34.364202414808815, 38.276711880824635 ], [ 34.364242432746565, 38.276711415454464 ], [ 34.364197456748222, 38.276752493940499 ], [ 34.364215113168356, 38.276779325588357 ], [ 34.364192751611803, 38.276806622601036 ] ] ] } },
{ "type": "Feature", "properties": { "Bina_ID": "Bina_306", "Net_Yukseklik": 7.15, "Gunes_Paneli_Sayisi": 77, "Yillik_Uretim_kWh": 40425.0 }, "geometry": { "type": "Polygon", "coordinates": [ [ [ 34.371212358325842, 38.276688733687713 ], [ 34.371212188839699, 38.276679723350611 ], [ 34.371246320323365, 38.276670312076774 ], [ 34.371291207470001, 38.276624725794555 ], [ 34.371302641119065, 38.276624592142511 ], [ 34.371326016916626, 38.276651355845402 ], [ 34.371342404637446, 38.276610608846546 ], [ 34.371416977605548, 38.276623255560935 ], [ 34.371428665522586, 38.276636637401225 ], [ 34.371413125399982, 38.27672243609284 ], [ 34.371344438664217, 38.276718732886373 ], [ 34.37133334400329, 38.276736887215947 ], [ 34.371264742002985, 38.276737689131359 ], [ 34.371212358325842, 38.276688733687713 ] ] ] } },
{ "type": "Feature", "properties": { "Bina_ID": "Bina_307", "Net_Yukseklik": 3.0, "Gunes_Paneli_Sayisi": 60, "Yillik_Uretim_kWh": 31500.0 }, "geometry": { "type": "Polygon", "coordinates": [ [ [ 34.370778556940195, 38.276729852709678 ], [ 34.370788465703164, 38.276648626058943 ], [ 34.370851266085289, 38.276643386058758 ], [ 34.37087447228177, 38.276661139516087 ], [ 34.37089221582967, 38.276692475282559 ], [ 34.370937187941081, 38.2766513943007 ], [ 34.370971488905681, 38.276650993444527 ], [ 34.370994610403628, 38.276664241708467 ], [ 34.370967042996512, 38.276718637789912 ], [ 34.370892893616841, 38.2767285166357 ], [ 34.370858846778781, 38.276742432977137 ], [ 34.370835725279463, 38.276729184686609 ], [ 34.370778556940195, 38.276729852709678 ] ] ] } },
{ "type": "Feature", "properties": { "Bina_ID": "Bina_308", "Net_Yukseklik": 9.45, "Gunes_Paneli_Sayisi": 74, "Yillik_Uretim_kWh": 38850.0 }, "geometry": { "type": "Polygon", "coordinates": [ [ [ 34.366165572319694, 38.276810701447381 ], [ 34.366148084043374, 38.276792880462914 ], [ 34.366147746321587, 38.27677485975083 ], [ 34.366124287924457, 38.276743589803445 ], [ 34.366112178807313, 38.276707681526155 ], [ 34.366151943419538, 38.276693699970444 ], [ 34.366180021037728, 38.276666336021528 ], [ 34.366231388161992, 38.276661231641391 ], [ 34.366242906276916, 38.276665603660234 ], [ 34.366301763467739, 38.276755041403817 ], [ 34.366188439725086, 38.27681043514005 ], [ 34.366165572319694, 38.276810701447381 ] ] ] } },
{ "type": "Feature", "properties": { "Bina_ID": "Bina_309", "Net_Yukseklik": 5.66, "Gunes_Paneli_Sayisi": 110, "Yillik_Uretim_kWh": 57750.0 }, "geometry": { "type": "Polygon", "coordinates": [ [ [ 34.370406962688833, 38.276734194180889 ], [ 34.370372661676988, 38.276734594872764 ], [ 34.370361736150393, 38.276761759455205 ], [ 34.370298935623396, 38.276766999195743 ], [ 34.370269928007382, 38.276744807228852 ], [ 34.370224447362176, 38.27675885694029 ], [ 34.370206873443458, 38.276736531408872 ], [ 34.370172657106636, 38.276741437212777 ], [ 34.370143734215688, 38.2767237503842 ], [ 34.370131707810771, 38.276692347729544 ], [ 34.37016012261752, 38.27668300353826 ], [ 34.370165331379233, 38.27665590574415 ], [ 34.370193322767491, 38.276624035692429 ], [ 34.370216190075837, 38.276623768601219 ], [ 34.370279752654639, 38.276659075440243 ], [ 34.370308252115592, 38.276654236383941 ], [ 34.370319262335094, 38.276631576976222 ], [ 34.37034784647193, 38.276631243080793 ], [ 34.370393919859325, 38.27664872951415 ], [ 34.370372238220497, 38.27671206902221 ], [ 34.370406962688833, 38.276734194180889 ] ] ] } },
{ "type": "Feature", "properties": { "Bina_ID": "Bina_310", "Net_Yukseklik": 11.03, "Gunes_Paneli_Sayisi": 61, "Yillik_Uretim_kWh": 32025.0 }, "geometry": { "type": "Polygon", "coordinates": [ [ [ 34.372407260148783, 38.276679266976814 ], [ 34.372396505026543, 38.276715442067157 ], [ 34.372373976970195, 38.276733730249155 ], [ 34.372374231415286, 38.276747245748126 ], [ 34.372362797752118, 38.276747379504947 ], [ 34.372304696517254, 38.276698491441181 ], [ 34.372252821028361, 38.276676567473977 ], [ 34.372189766330898, 38.276668292723031 ], [ 34.372189596724091, 38.276659282389566 ], [ 34.372217756823886, 38.276636422204845 ], [ 34.372343272492401, 38.276621435478276 ], [ 34.372349158940438, 38.276630378934065 ], [ 34.372383459874854, 38.276629977665301 ], [ 34.372395063151508, 38.27663885423955 ], [ 34.372407260148783, 38.276679266976814 ] ] ] } },
{ "type": "Feature", "properties": { "Bina_ID": "Bina_311", "Net_Yukseklik": 3.0, "Gunes_Paneli_Sayisi": 19, "Yillik_Uretim_kWh": 9975.0 }, "geometry": { "type": "Polygon", "coordinates": [ [ [ 34.362832813212044, 38.276858478463375 ], [ 34.362832728986213, 38.276853973279181 ], [ 34.36281540994851, 38.276845162151332 ], [ 34.362815073049802, 38.27682714141438 ], [ 34.362820705685458, 38.276822569816943 ], [ 34.362826001419336, 38.276799977482305 ], [ 34.362842899315964, 38.276786262687764 ], [ 34.362854333030697, 38.2767861298585 ], [ 34.362859965660746, 38.276781558259273 ], [ 34.362894266802257, 38.276781159763225 ], [ 34.362900067888873, 38.276785598530353 ], [ 34.362900320578255, 38.276799114082699 ], [ 34.362894603719987, 38.276799180499722 ], [ 34.362877705830392, 38.276812895301561 ], [ 34.362895024867576, 38.276821706420272 ], [ 34.362895277556348, 38.276835221972547 ], [ 34.362884012291978, 38.276844365174142 ], [ 34.362872578568251, 38.276844498006461 ], [ 34.362844246938145, 38.276858345634892 ], [ 34.362832813212044, 38.276858478463375 ] ] ] } },
{ "type": "Feature", "properties": { "Bina_ID": "Bina_312", "Net_Yukseklik": 5.69, "Gunes_Paneli_Sayisi": 25, "Yillik_Uretim_kWh": 13125.0 }, "geometry": { "type": "Polygon", "coordinates": [ [ [ 34.371162516919, 38.276774933278084 ], [ 34.371139649572299, 38.27677520055461 ], [ 34.37113948009462, 38.276766190217359 ], [ 34.371122075373307, 38.276752875165741 ], [ 34.371110133281604, 38.27672597778831 ], [ 34.37109281331113, 38.276717167900735 ], [ 34.371098191198975, 38.276699080409365 ], [ 34.371115172217202, 38.276689869621315 ], [ 34.371126351664032, 38.276676220480077 ], [ 34.371137785321956, 38.27667608684397 ], [ 34.371155190027309, 38.276689401893691 ], [ 34.371196055257734, 38.276733985838128 ], [ 34.371196224742214, 38.276742996175223 ], [ 34.371162516919, 38.276774933278084 ] ] ] } },
{ "type": "Feature", "properties": { "Bina_ID": "Bina_313", "Net_Yukseklik": 6.5, "Gunes_Paneli_Sayisi": 14, "Yillik_Uretim_kWh": 7350.0 }, "geometry": { "type": "Polygon", "coordinates": [ [ [ 34.368996088294459, 38.276813753459834 ], [ 34.368995919081449, 38.276804743114553 ], [ 34.369007268162534, 38.276800104513036 ], [ 34.369018363418661, 38.276781950392589 ], [ 34.36905207220321, 38.276750013888226 ], [ 34.36906905350066, 38.276740803391405 ], [ 34.369091328571272, 38.276709000310937 ], [ 34.369108479080452, 38.276708800153656 ], [ 34.369114449757411, 38.276722248951472 ], [ 34.369086204017478, 38.276740603237236 ], [ 34.369092005468623, 38.276745041691136 ], [ 34.369086711689057, 38.276767634272311 ], [ 34.369064013545973, 38.276776911489321 ], [ 34.369052833692102, 38.27679056044132 ], [ 34.369013069613835, 38.276804542970794 ], [ 34.369007521984145, 38.276813620030893 ], [ 34.368996088294459, 38.276813753459834 ] ] ] } },
{ "type": "Feature", "properties": { "Bina_ID": "Bina_314", "Net_Yukseklik": 6.72, "Gunes_Paneli_Sayisi": 44, "Yillik_Uretim_kWh": 23100.0 }, "geometry": { "type": "Polygon", "coordinates": [ [ [ 34.371688889673479, 38.276791310526349 ], [ 34.371671145761361, 38.276759974887824 ], [ 34.371670806674892, 38.27674195421725 ], [ 34.371687787628076, 38.276732743347537 ], [ 34.371687278992809, 38.27670571234173 ], [ 34.371721664746801, 38.276709816433375 ], [ 34.371790181928887, 38.276704509083849 ], [ 34.37180767153739, 38.276722329201739 ], [ 34.371808010657453, 38.276740349871346 ], [ 34.371819613883723, 38.276749226503334 ], [ 34.371825669841506, 38.27676718032091 ], [ 34.371786075893972, 38.276790174115021 ], [ 34.371751690098876, 38.276786070043087 ], [ 34.371688889673479, 38.276791310526349 ] ] ] } },
{ "type": "Feature", "properties": { "Bina_ID": "Bina_315", "Net_Yukseklik": 6.93, "Gunes_Paneli_Sayisi": 13, "Yillik_Uretim_kWh": 6825.0 }, "geometry": { "type": "Polygon", "coordinates": [ [ [ 34.369602412319793, 38.276824700877363 ], [ 34.369590978631209, 38.276824834364298 ], [ 34.369590809344615, 38.276815824021277 ], [ 34.369579206372251, 38.276806947163983 ], [ 34.369561971201897, 38.276802642218932 ], [ 34.369561717277605, 38.276789126704159 ], [ 34.369567349477428, 38.276784554790744 ], [ 34.369561547994834, 38.276780116360982 ], [ 34.369561294070827, 38.276766600846166 ], [ 34.36957264310842, 38.276761962190704 ], [ 34.369572219898686, 38.276739436332697 ], [ 34.369595087249166, 38.276739169361861 ], [ 34.369595256535831, 38.276748179704995 ], [ 34.369589624340541, 38.276752751619696 ], [ 34.369595425822567, 38.276757190048102 ], [ 34.36961257633947, 38.276756989816924 ], [ 34.369612745628402, 38.276766000159959 ], [ 34.369607113432885, 38.276770572075506 ], [ 34.369612999561937, 38.27677951567447 ], [ 34.36961342278488, 38.27680204153193 ], [ 34.369607790586699, 38.27680661344754 ], [ 34.369608044519687, 38.276820128961987 ], [ 34.369602412319793, 38.276824700877363 ] ] ] } },
{ "type": "Feature", "properties": { "Bina_ID": "Bina_316", "Net_Yukseklik": 3.0, "Gunes_Paneli_Sayisi": 11, "Yillik_Uretim_kWh": 5775.0 }, "geometry": { "type": "Polygon", "coordinates": [ [ [ 34.359746796871626, 38.276952868874012 ], [ 34.359763779432029, 38.276943659701807 ], [ 34.359792363817029, 38.276943328375566 ], [ 34.359792531893497, 38.276952338755201 ], [ 34.35979833280976, 38.276956777678876 ], [ 34.359803965648773, 38.276952206222703 ], [ 34.359815399403978, 38.276952073689102 ], [ 34.359827001239886, 38.276960951533873 ], [ 34.359838434996348, 38.276960818997999 ], [ 34.359838855202156, 38.276983344946551 ], [ 34.359821704562137, 38.276983543750106 ], [ 34.359815819602538, 38.276974599637889 ], [ 34.359804385843802, 38.276974732171603 ], [ 34.359793120161719, 38.276983875083786 ], [ 34.359758818880607, 38.276984272675016 ], [ 34.359747048977994, 38.276966384443682 ], [ 34.359746796871626, 38.276952868874012 ] ] ] } },
{ "type": "Feature", "properties": { "Bina_ID": "Bina_317", "Net_Yukseklik": 5.64, "Gunes_Paneli_Sayisi": 29, "Yillik_Uretim_kWh": 15225.0 }, "geometry": { "type": "Polygon", "coordinates": [ [ [ 34.365121075544693, 38.276912983840894 ], [ 34.365080973146057, 38.276908944332867 ], [ 34.365047009426952, 38.276927364189248 ], [ 34.365006991384092, 38.276927829836026 ], [ 34.365006232141404, 38.276887283215395 ], [ 34.365023467083063, 38.276891588834502 ], [ 34.365034647718012, 38.276877940252348 ], [ 34.365000346561558, 38.276878339374953 ], [ 34.364959569329422, 38.276838258383584 ], [ 34.364959231900841, 38.27682023766269 ], [ 34.364976213749486, 38.276811027748515 ], [ 34.364999081166317, 38.276810761672984 ], [ 34.365005219820191, 38.276833221054098 ], [ 34.365034057184886, 38.276846403991968 ], [ 34.365028846497076, 38.276873501593421 ], [ 34.365074665733026, 38.276877474596638 ], [ 34.365086352546868, 38.276890857089455 ], [ 34.365115021214798, 38.276895029646809 ], [ 34.365121075544693, 38.276912983840894 ] ] ] } },
{ "type": "Feature", "properties": { "Bina_ID": "Bina_318", "Net_Yukseklik": 3.0, "Gunes_Paneli_Sayisi": 23, "Yillik_Uretim_kWh": 12075.0 }, "geometry": { "type": "Polygon", "coordinates": [ [ [ 34.370804558848512, 38.27689627676537 ], [ 34.370798248974772, 38.27686480738334 ], [ 34.370838182165699, 38.276859834592884 ], [ 34.370855163254767, 38.276850623841405 ], [ 34.370883662747801, 38.276845784644749 ], [ 34.370894926985599, 38.276836640693723 ], [ 34.370906360669785, 38.276836507079672 ], [ 34.370923765373099, 38.276849822163477 ], [ 34.370924273727923, 38.276876853177257 ], [ 34.370930244751833, 38.276890301875703 ], [ 34.37091309421303, 38.276890502300077 ], [ 34.370907462091594, 38.276895074276602 ], [ 34.370850293623967, 38.276895742337061 ], [ 34.370844661498111, 38.276900314310659 ], [ 34.370816077261729, 38.276900648329097 ], [ 34.370804558848512, 38.27689627676537 ] ] ] } },
{ "type": "Feature", "properties": { "Bina_ID": "Bina_319", "Net_Yukseklik": 7.39, "Gunes_Paneli_Sayisi": 17, "Yillik_Uretim_kWh": 8925.0 }, "geometry": { "type": "Polygon", "coordinates": [ [ [ 34.369472363709626, 38.276902823828856 ], [ 34.36944975021116, 38.27691660629187 ], [ 34.369426882803637, 38.276916873235415 ], [ 34.369426628903348, 38.276903357720158 ], [ 34.369443610186963, 38.276894147169543 ], [ 34.369432007219338, 38.276885270297697 ], [ 34.369409224453747, 38.27689004240942 ], [ 34.36938004779104, 38.276858839875018 ], [ 34.369351294296195, 38.276850163192485 ], [ 34.369350955782004, 38.276832142504695 ], [ 34.369368106318291, 38.276831942308924 ], [ 34.369391312223819, 38.276849696064815 ], [ 34.369402661285498, 38.276845057425412 ], [ 34.369454197536783, 38.276848961979475 ], [ 34.369449073132813, 38.276880564918123 ], [ 34.369472109801038, 38.276889308313827 ], [ 34.369472363709626, 38.276902823828856 ] ] ] } },
{ "type": "Feature", "properties": { "Bina_ID": "Bina_320", "Net_Yukseklik": 4.7, "Gunes_Paneli_Sayisi": 239, "Yillik_Uretim_kWh": 125475.0 }, "geometry": { "type": "Polygon", "coordinates": [ [ [ 34.366086465093048, 38.276861190446986 ], [ 34.366035942054403, 38.276911346547841 ], [ 34.365979026718847, 38.27692552776967 ], [ 34.365925548961734, 38.27681800258371 ], [ 34.365939177528531, 38.276935004090916 ], [ 34.365865280392534, 38.276958395310061 ], [ 34.365864098605236, 38.276895322811853 ], [ 34.365709827816154, 38.276901625055253 ], [ 34.36566215172283, 38.276798538365696 ], [ 34.365572116809091, 38.276876191201801 ], [ 34.365559417178694, 38.276808746609944 ], [ 34.365878379105872, 38.276741947056536 ], [ 34.365924451544799, 38.276759435264054 ], [ 34.365931096979963, 38.276808925662174 ], [ 34.366062162440485, 38.27678486870618 ], [ 34.366086465093048, 38.276861190446986 ] ] ] } },
{ "type": "Feature", "properties": { "Bina_ID": "Bina_321", "Net_Yukseklik": 3.0, "Gunes_Paneli_Sayisi": 13, "Yillik_Uretim_kWh": 6825.0 }, "geometry": { "type": "Polygon", "coordinates": [ [ [ 34.3712839264496, 38.276845612696498 ], [ 34.371289473794832, 38.276836535534059 ], [ 34.371323774841471, 38.276836134573266 ], [ 34.371329661184099, 38.276845078081919 ], [ 34.3713300849384, 38.276867603922952 ], [ 34.371324452845457, 38.276872175918996 ], [ 34.371336056035766, 38.276881052599364 ], [ 34.371353037064587, 38.276871841776916 ], [ 34.371364470752113, 38.276871708118129 ], [ 34.371370272349246, 38.276876146456438 ], [ 34.371393139725399, 38.27687587913438 ], [ 34.371393309235096, 38.276884889470502 ], [ 34.371353291321689, 38.276885357281344 ], [ 34.37131924450324, 38.276899273755802 ], [ 34.37130209396512, 38.276899474237062 ], [ 34.371301924466607, 38.276890463900607 ], [ 34.371290321278821, 38.276881587216835 ], [ 34.3712839264496, 38.276845612696498 ] ] ] } },
{ "type": "Feature", "properties": { "Bina_ID": "Bina_322", "Net_Yukseklik": 3.5, "Gunes_Paneli_Sayisi": 15, "Yillik_Uretim_kWh": 7875.0 }, "geometry": { "type": "Polygon", "coordinates": [ [ [ 34.370484584783924, 38.276909027604106 ], [ 34.370467434237518, 38.276909227963415 ], [ 34.37046163269131, 38.276904789579483 ], [ 34.370450198994277, 38.27690492315039 ], [ 34.37043859590532, 38.276896046380472 ], [ 34.370404125430241, 38.276887436743181 ], [ 34.37040361726806, 38.276860405723561 ], [ 34.37041488156968, 38.276851261817455 ], [ 34.370437748947175, 38.276850994681745 ], [ 34.370443550487579, 38.276855433066999 ], [ 34.370454984176888, 38.27685529949688 ], [ 34.37046078571867, 38.276859737881267 ], [ 34.370483737796974, 38.276863975906338 ], [ 34.370489539341165, 38.276868414289233 ], [ 34.370490132234437, 38.276899950477606 ], [ 34.370484584783924, 38.276909027604106 ] ] ] } },
{ "type": "Feature", "properties": { "Bina_ID": "Bina_323", "Net_Yukseklik": 5.56, "Gunes_Paneli_Sayisi": 29, "Yillik_Uretim_kWh": 15225.0 }, "geometry": { "type": "Polygon", "coordinates": [ [ [ 34.372336927606412, 38.276891879214787 ], [ 34.372319522641021, 38.276878564345829 ], [ 34.372313551363938, 38.276865115722906 ], [ 34.372278911079839, 38.27684749630766 ], [ 34.372278656651496, 38.276833980808377 ], [ 34.372312533625269, 38.276811053726547 ], [ 34.372323967298662, 38.276810919974452 ], [ 34.372335061720712, 38.27679276555584 ], [ 34.372363645896606, 38.276792431168147 ], [ 34.372398540624147, 38.276823566057288 ], [ 34.372398710257777, 38.276832576389701 ], [ 34.372364918116887, 38.276860008662268 ], [ 34.37237088940293, 38.27687345728242 ], [ 34.372354078135309, 38.276891678582295 ], [ 34.372336927606412, 38.276891879214787 ] ] ] } },
{ "type": "Feature", "properties": { "Bina_ID": "Bina_324", "Net_Yukseklik": 3.0, "Gunes_Paneli_Sayisi": 63, "Yillik_Uretim_kWh": 33075.0 }, "geometry": { "type": "Polygon", "coordinates": [ [ [ 34.370733923545636, 38.276788954310341 ], [ 34.370745780796049, 38.27681134655888 ], [ 34.370746458513715, 38.276847387913492 ], [ 34.370724522988539, 38.276897211972027 ], [ 34.370736210825996, 38.276910593882278 ], [ 34.3707308328338, 38.276928681358413 ], [ 34.370673410204077, 38.276915833825122 ], [ 34.37061573347323, 38.276889470754746 ], [ 34.370552763452956, 38.276885700293619 ], [ 34.370552424641375, 38.276867679614995 ], [ 34.370631528690055, 38.276817187661472 ], [ 34.370683234392665, 38.276830102013633 ], [ 34.370700046071534, 38.276811880945459 ], [ 34.370699707224446, 38.276793860267716 ], [ 34.370733923545636, 38.276788954310341 ] ] ] } },
{ "type": "Feature", "properties": { "Bina_ID": "Bina_325", "Net_Yukseklik": 3.0, "Gunes_Paneli_Sayisi": 14, "Yillik_Uretim_kWh": 7350.0 }, "geometry": { "type": "Polygon", "coordinates": [ [ [ 34.365699744547761, 38.276973841023043 ], [ 34.365699238128123, 38.276946809950672 ], [ 34.365716388717544, 38.276946610288171 ], [ 34.365733370496166, 38.276937400265794 ], [ 34.365773388532148, 38.276936934371165 ], [ 34.365773641755538, 38.27695044990697 ], [ 34.36578532870773, 38.276963832327361 ], [ 34.365785497524939, 38.276972842684472 ], [ 34.36576851574501, 38.276982052714381 ], [ 34.365745648281795, 38.27698231894086 ], [ 34.365740015821792, 38.276986890675424 ], [ 34.365711431490482, 38.276987223450924 ], [ 34.365699744547761, 38.276973841023043 ] ] ] } },
{ "type": "Feature", "properties": { "Bina_ID": "Bina_326", "Net_Yukseklik": 11.94, "Gunes_Paneli_Sayisi": 109, "Yillik_Uretim_kWh": 57225.0 }, "geometry": { "type": "Polygon", "coordinates": [ [ [ 34.364877190571541, 38.277019463327555 ], [ 34.364837003775001, 38.277010918556741 ], [ 34.364709208413601, 38.276904257415616 ], [ 34.364703744576161, 38.276917839462854 ], [ 34.364692310849584, 38.276917972472702 ], [ 34.36469188914527, 38.276895446569405 ], [ 34.364787810588638, 38.276826738243294 ], [ 34.364804961156331, 38.276826538714538 ], [ 34.364950160177408, 38.276946515742679 ], [ 34.364933600074067, 38.276978251554347 ], [ 34.364877190571541, 38.277019463327555 ] ] ] } },
{ "type": "Feature", "properties": { "Bina_ID": "Bina_327", "Net_Yukseklik": 3.21, "Gunes_Paneli_Sayisi": 12, "Yillik_Uretim_kWh": 6300.0 }, "geometry": { "type": "Polygon", "coordinates": [ [ [ 34.369656487989808, 38.276963760483703 ], [ 34.369627988360371, 38.276968599384482 ], [ 34.369616385358711, 38.276959722531636 ], [ 34.369616216068152, 38.276950712188913 ], [ 34.369593010076287, 38.276932958479449 ], [ 34.369587293223489, 38.27693302522276 ], [ 34.369587039293322, 38.276919509708456 ], [ 34.36958123779857, 38.276915071279994 ], [ 34.369580899226762, 38.276897050594137 ], [ 34.369586531433491, 38.276892478679727 ], [ 34.369586362147032, 38.276883468336784 ], [ 34.369609229542561, 38.276883201362359 ], [ 34.36962100182167, 38.276901088559065 ], [ 34.36962125575797, 38.276914604073227 ], [ 34.369627057255059, 38.276919042499671 ], [ 34.369627480484461, 38.276941568356456 ], [ 34.369639083484479, 38.276950445208264 ], [ 34.369650517192532, 38.27695031171627 ], [ 34.369656318694268, 38.27695475014113 ], [ 34.369656487989808, 38.276963760483703 ] ] ] } },
{ "type": "Feature", "properties": { "Bina_ID": "Bina_328", "Net_Yukseklik": 3.0, "Gunes_Paneli_Sayisi": 15, "Yillik_Uretim_kWh": 7875.0 }, "geometry": { "type": "Polygon", "coordinates": [ [ [ 34.369811012383849, 38.276970968566339 ], [ 34.369776711252051, 38.276971369086084 ], [ 34.369776541941619, 38.276962358743987 ], [ 34.369782174140717, 38.276957786820375 ], [ 34.369759052761168, 38.276944538315668 ], [ 34.36974736509454, 38.276931156304855 ], [ 34.369724328381558, 38.276922412964119 ], [ 34.369723989774293, 38.276904392279377 ], [ 34.36972962197239, 38.27689982035826 ], [ 34.369741055672065, 38.276899686857597 ], [ 34.369764346342585, 38.276921945708473 ], [ 34.369769978539416, 38.276917373785473 ], [ 34.369821430198897, 38.276916773005773 ], [ 34.369821853488318, 38.276939298860732 ], [ 34.369810673754571, 38.276952947882386 ], [ 34.369816475266035, 38.276957386299145 ], [ 34.369816644581377, 38.276966396641107 ], [ 34.369811012383849, 38.276970968566339 ] ] ] } },
{ "type": "Feature", "properties": { "Bina_ID": "Bina_329", "Net_Yukseklik": 3.0, "Gunes_Paneli_Sayisi": 16, "Yillik_Uretim_kWh": 8400.0 }, "geometry": { "type": "Polygon", "coordinates": [ [ [ 34.37018303133641, 38.276989154811318 ], [ 34.370165626731051, 38.276975839615979 ], [ 34.370159909876264, 38.276975906387264 ], [ 34.370154023664341, 38.276966962817582 ], [ 34.370153769628807, 38.276953447306553 ], [ 34.370170666149328, 38.276939731481932 ], [ 34.370164610581007, 38.276921777572021 ], [ 34.370175874922559, 38.276912633688234 ], [ 34.37017579024284, 38.276908128517896 ], [ 34.370181422412223, 38.276903556575611 ], [ 34.370198572959353, 38.276903356258138 ], [ 34.370210091339153, 38.276907727882048 ], [ 34.370205051942193, 38.276943836017566 ], [ 34.370216655011191, 38.276952712810896 ], [ 34.370217078423266, 38.276975238662004 ], [ 34.370211446250764, 38.276979810606015 ], [ 34.370211615615062, 38.276988820946436 ], [ 34.37018303133641, 38.276989154811318 ] ] ] } },
{ "type": "Feature", "properties": { "Bina_ID": "Bina_330", "Net_Yukseklik": 10.71, "Gunes_Paneli_Sayisi": 121, "Yillik_Uretim_kWh": 63525.0 }, "geometry": { "type": "Polygon", "coordinates": [ [ [ 34.361442189211246, 38.277104439702811 ], [ 34.361394518960424, 38.277001351171556 ], [ 34.361399815149639, 38.276978758893463 ], [ 34.36152491325241, 38.276941257758629 ], [ 34.361581997829418, 38.276936089054651 ], [ 34.361630341514513, 38.277075218996984 ], [ 34.361602009550985, 38.277089066330916 ], [ 34.361573256832976, 38.277080387726329 ], [ 34.361533659379482, 38.277103378122135 ], [ 34.361442189211246, 38.277104439702811 ] ] ] } },
{ "type": "Feature", "properties": { "Bina_ID": "Bina_331", "Net_Yukseklik": 3.0, "Gunes_Paneli_Sayisi": 13, "Yillik_Uretim_kWh": 6825.0 }, "geometry": { "type": "Polygon", "coordinates": [ [ [ 34.372155599860392, 38.276979617303923 ], [ 34.372155260651517, 38.27696159663769 ], [ 34.372160892697877, 38.276957024602659 ], [ 34.372172326394889, 38.276956890864909 ], [ 34.372189222527503, 38.276943174756653 ], [ 34.372200656222205, 38.276943041016182 ], [ 34.372206288264252, 38.27693846897904 ], [ 34.372217721958137, 38.276938335236913 ], [ 34.372223523611375, 38.276942773531893 ], [ 34.372229155651937, 38.276938201493685 ], [ 34.372240589345665, 38.27693806774932 ], [ 34.372241437420435, 38.276983119413366 ], [ 34.372155599860392, 38.276979617303923 ] ] ] } },
{ "type": "Feature", "properties": { "Bina_ID": "Bina_332", "Net_Yukseklik": 3.0, "Gunes_Paneli_Sayisi": 42, "Yillik_Uretim_kWh": 22050.0 }, "geometry": { "type": "Polygon", "coordinates": [ [ [ 34.367713685988065, 38.277035995152865 ], [ 34.367702252257317, 38.277036128456373 ], [ 34.367690395893995, 38.27701373588409 ], [ 34.367695182963928, 38.276964112308626 ], [ 34.367677440706252, 38.276932776035338 ], [ 34.367670455975201, 38.276865265059307 ], [ 34.367716190791157, 38.276864731852982 ], [ 34.367728554307419, 38.276914155473257 ], [ 34.367763362625773, 38.276940786602012 ], [ 34.367792031446903, 38.276944958501765 ], [ 34.367797579239209, 38.276935881496314 ], [ 34.367820446668269, 38.27693561487019 ], [ 34.367798086436586, 38.276962912545052 ], [ 34.367735623627389, 38.276986171619065 ], [ 34.367724612547086, 38.277008830799019 ], [ 34.367707631012429, 38.277018041105158 ], [ 34.367713685988065, 38.277035995152865 ] ] ] } },
{ "type": "Feature", "properties": { "Bina_ID": "Bina_333", "Net_Yukseklik": 5.51, "Gunes_Paneli_Sayisi": 434, "Yillik_Uretim_kWh": 227850.0 }, "geometry": { "type": "Polygon", "coordinates": [ [ [ 34.36813118621609, 38.277040139160739 ], [ 34.368056866973632, 38.277041005878161 ], [ 34.368050135524136, 38.276987010455628 ], [ 34.367948246536614, 38.277042272534359 ], [ 34.36792991236274, 38.276979400080627 ], [ 34.3678905706495, 38.277015908107828 ], [ 34.36783793538126, 38.276953435596539 ], [ 34.367904846894213, 38.276862532188531 ], [ 34.367828837136415, 38.276773295262608 ], [ 34.367994541073912, 38.276766856910456 ], [ 34.367982515580636, 38.276735454018386 ], [ 34.367879696974249, 38.276741159112518 ], [ 34.367945847377641, 38.276609709109316 ], [ 34.36801093069532, 38.276726110342324 ], [ 34.368222115541549, 38.276705622810759 ], [ 34.368229523558107, 38.27679565961693 ], [ 34.368298125700072, 38.27679485947511 ], [ 34.368150925145862, 38.27687318102668 ], [ 34.368187255618658, 38.276980905160904 ], [ 34.36813118621609, 38.277040139160739 ] ] ] } },
{ "type": "Feature", "properties": { "Bina_ID": "Bina_334", "Net_Yukseklik": 4.99, "Gunes_Paneli_Sayisi": 135, "Yillik_Uretim_kWh": 70875.0 }, "geometry": { "type": "Polygon", "coordinates": [ [ [ 34.372070101494621, 38.276994135798333 ], [ 34.372024451475021, 38.276999175870046 ], [ 34.372024027504189, 38.276976650036076 ], [ 34.371977699161874, 38.276945648754534 ], [ 34.371909266557559, 38.276955461384446 ], [ 34.371891692081185, 38.276933136116824 ], [ 34.371845872519245, 38.276929165784324 ], [ 34.371798272583369, 38.276830586920482 ], [ 34.371871913221071, 38.276793676499551 ], [ 34.371908079541939, 38.276892389045621 ], [ 34.371925145286291, 38.27688768330875 ], [ 34.371930099037876, 38.276847069948033 ], [ 34.372095802604946, 38.27684062580559 ], [ 34.372114818710472, 38.276939538875936 ], [ 34.372035206820549, 38.276963000811236 ], [ 34.372063960659879, 38.276971676828808 ], [ 34.372070101494621, 38.276994135798333 ] ] ] } },
{ "type": "Feature", "properties": { "Bina_ID": "Bina_335", "Net_Yukseklik": 11.6, "Gunes_Paneli_Sayisi": 59, "Yillik_Uretim_kWh": 30975.0 }, "geometry": { "type": "Polygon", "coordinates": [ [ [ 34.369554600294457, 38.27701902393455 ], [ 34.369526100636001, 38.277023862811056 ], [ 34.369514412998285, 38.277010480776632 ], [ 34.369497262421056, 38.277010680994564 ], [ 34.369406554365682, 38.277052295326556 ], [ 34.369394358954075, 38.277011882249617 ], [ 34.369348454820113, 38.277003405768134 ], [ 34.369312376508717, 38.276909197542409 ], [ 34.369323640957766, 38.27690005373848 ], [ 34.369386610946869, 38.276903824860426 ], [ 34.36936492835784, 38.276967164197501 ], [ 34.36939342800612, 38.276962325360309 ], [ 34.369399483389351, 38.276980279313428 ], [ 34.369444879705426, 38.276961724745128 ], [ 34.369479434747994, 38.276974839837308 ], [ 34.369507934390818, 38.276970000972391 ], [ 34.369559978586175, 38.277000936506994 ], [ 34.369554600294457, 38.27701902393455 ] ] ] } },
{ "type": "Feature", "properties": { "Bina_ID": "Bina_336", "Net_Yukseklik": 9.28, "Gunes_Paneli_Sayisi": 33, "Yillik_Uretim_kWh": 17325.0 }, "geometry": { "type": "Polygon", "coordinates": [ [ [ 34.368794173202659, 38.277023392945488 ], [ 34.368794004013324, 38.277014382599766 ], [ 34.368805268544776, 38.277005238844247 ], [ 34.368805014758912, 38.276991723325672 ], [ 34.368827543809331, 38.276973435811591 ], [ 34.368850411240324, 38.276973168984519 ], [ 34.36885587430303, 38.2769595867587 ], [ 34.368867308016263, 38.276959453342997 ], [ 34.368878910928885, 38.276968330271657 ], [ 34.36890749521497, 38.276967996724643 ], [ 34.368924814991587, 38.2769768069384 ], [ 34.36892532260763, 38.277003837974206 ], [ 34.368908341231112, 38.277013048451316 ], [ 34.368891529051666, 38.277031269271383 ], [ 34.368891698253158, 38.277040279616713 ], [ 34.36887480146364, 38.277053995261831 ], [ 34.368846301741456, 38.277058833974245 ], [ 34.36884016188894, 38.277036374817598 ], [ 34.368822757511346, 38.277023059418703 ], [ 34.368817125245748, 38.277027631297436 ], [ 34.368794173202659, 38.277023392945488 ] ] ] } },
{ "type": "Feature", "properties": { "Bina_ID": "Bina_337", "Net_Yukseklik": 3.54, "Gunes_Paneli_Sayisi": 23, "Yillik_Uretim_kWh": 12075.0 }, "geometry": { "type": "Polygon", "coordinates": [ [ [ 34.366365180796663, 38.277087758697519 ], [ 34.366359548368472, 38.277092330461187 ], [ 34.36631953025698, 38.277092796557319 ], [ 34.366319361373044, 38.277083786202382 ], [ 34.366296071680736, 38.27706152664922 ], [ 34.366278921068428, 38.277061726396973 ], [ 34.366273119758603, 38.277057287801426 ], [ 34.366267487326802, 38.277061859560739 ], [ 34.366250336714216, 38.277062059304299 ], [ 34.366244535406061, 38.277057620707325 ], [ 34.36624402878293, 38.277030589641477 ], [ 34.366260841635544, 38.277012369188469 ], [ 34.36627799223637, 38.277012169443587 ], [ 34.366283793542813, 38.277016608038984 ], [ 34.36630094414447, 38.27701640829072 ], [ 34.366312715644206, 38.277034295833936 ], [ 34.366341384429958, 38.27703846808906 ], [ 34.366352987055357, 38.27704734527304 ], [ 34.366353240387191, 38.2770608608053 ], [ 34.366364758572942, 38.277065232810585 ], [ 34.366365180796663, 38.277087758697519 ] ] ] } },
{ "type": "Feature", "properties": { "Bina_ID": "Bina_338", "Net_Yukseklik": 3.0, "Gunes_Paneli_Sayisi": 39, "Yillik_Uretim_kWh": 20475.0 }, "geometry": { "type": "Polygon", "coordinates": [ [ [ 34.371068974284562, 38.276969791426104 ], [ 34.371108738036497, 38.276955808205742 ], [ 34.371108907511534, 38.276964818542837 ], [ 34.371149433913033, 38.276991381825241 ], [ 34.371235271460918, 38.276994884671673 ], [ 34.371247383138041, 38.277030792369921 ], [ 34.371190384057705, 38.277040470934644 ], [ 34.371116658077966, 38.277072875768951 ], [ 34.371116319124745, 38.277054855095152 ], [ 34.371093112742535, 38.277037101690311 ], [ 34.371103614346019, 38.27698741120274 ], [ 34.371092011165999, 38.276978534499335 ], [ 34.371069143754774, 38.276978801763313 ], [ 34.371068974284562, 38.276969791426104 ] ] ] } },
{ "type": "Feature", "properties": { "Bina_ID": "Bina_339", "Net_Yukseklik": 3.0, "Gunes_Paneli_Sayisi": 11, "Yillik_Uretim_kWh": 5775.0 }, "geometry": { "type": "Polygon", "coordinates": [ [ [ 34.371694230400365, 38.277075136076483 ], [ 34.371693891304368, 38.277057115407068 ], [ 34.371699523387534, 38.27705254339358 ], [ 34.371693721756479, 38.277048105072332 ], [ 34.371676571186043, 38.277048305608986 ], [ 34.371676316867529, 38.277034790106768 ], [ 34.371687750579049, 38.277034656416006 ], [ 34.371699014742092, 38.277025512389386 ], [ 34.371698845193762, 38.277016502054622 ], [ 34.37170447727356, 38.277011930040935 ], [ 34.371733061542933, 38.277011595805241 ], [ 34.371739117503296, 38.277029549626498 ], [ 34.371744919135537, 38.27703398794548 ], [ 34.371745258243877, 38.277052008614582 ], [ 34.371733824529905, 38.277052142311 ], [ 34.371728192448963, 38.2770567143261 ], [ 34.37172844677729, 38.277070229827977 ], [ 34.37171709783582, 38.277074868690114 ], [ 34.371694230400365, 38.277075136076483 ] ] ] } },
{ "type": "Feature", "properties": { "Bina_ID": "Bina_340", "Net_Yukseklik": 6.59, "Gunes_Paneli_Sayisi": 28, "Yillik_Uretim_kWh": 14700.0 }, "geometry": { "type": "Polygon", "coordinates": [ [ [ 34.371803020277625, 38.277082876285846 ], [ 34.371802426812593, 38.27705134011579 ], [ 34.37179082353915, 38.277042463483404 ], [ 34.371762239258366, 38.277042797733401 ], [ 34.371761391477882, 38.276997746060765 ], [ 34.371772740404545, 38.276993107194563 ], [ 34.371812758370055, 38.276992639239552 ], [ 34.371818220877884, 38.276979056886177 ], [ 34.37182965457999, 38.276978923181751 ], [ 34.371829908926415, 38.27699243868323 ], [ 34.371853115469122, 38.27701019193934 ], [ 34.371859934516301, 38.277068692257338 ], [ 34.371854472010092, 38.27708227461244 ], [ 34.371837236649881, 38.277077970005664 ], [ 34.371803020277625, 38.277082876285846 ] ] ] } },
{ "type": "Feature", "properties": { "Bina_ID": "Bina_341", "Net_Yukseklik": 8.77, "Gunes_Paneli_Sayisi": 44, "Yillik_Uretim_kWh": 23100.0 }, "geometry": { "type": "Polygon", "coordinates": [ [ [ 34.370368342086557, 38.277113162712233 ], [ 34.370345474626177, 38.277113429835957 ], [ 34.370345051172336, 38.277090903986597 ], [ 34.370333363375607, 38.277077522036969 ], [ 34.370270308516531, 38.277069246257099 ], [ 34.370275093829235, 38.277019622609785 ], [ 34.370286104110896, 38.276996963205328 ], [ 34.370349074218019, 38.277000733808002 ], [ 34.370395063148365, 38.27701371506555 ], [ 34.370401796334065, 38.277067710320537 ], [ 34.370390870772241, 38.277094874904911 ], [ 34.370379437045059, 38.277095008469473 ], [ 34.370368172702143, 38.27710415237258 ], [ 34.370368342086557, 38.277113162712233 ] ] ] } },
{ "type": "Feature", "properties": { "Bina_ID": "Bina_342", "Net_Yukseklik": 7.71, "Gunes_Paneli_Sayisi": 115, "Yillik_Uretim_kWh": 60375.0 }, "geometry": { "type": "Polygon", "coordinates": [ [ [ 34.370910342748353, 38.277048250019554 ], [ 34.37086528566055, 38.277084825824403 ], [ 34.370819635486797, 38.27708986542978 ], [ 34.370802230743401, 38.277076550331763 ], [ 34.370757258299278, 38.277117631265376 ], [ 34.37073985356021, 38.277104316158095 ], [ 34.37070580651821, 38.277118232458108 ], [ 34.370711015102508, 38.277091134644941 ], [ 34.370779193863662, 38.277067807201696 ], [ 34.370738921694638, 38.277054759297471 ], [ 34.370670488799639, 38.277064571209522 ], [ 34.370635848801768, 38.277046951303909 ], [ 34.370606163318733, 38.276988718069788 ], [ 34.370633985218134, 38.276947837576955 ], [ 34.370703095708883, 38.276974067042488 ], [ 34.370709151413742, 38.276992020921845 ], [ 34.370737142684902, 38.276960150744173 ], [ 34.37076001009347, 38.276959883545018 ], [ 34.370869646953402, 38.277012676315834 ], [ 34.370910342748353, 38.277048250019554 ] ] ] } },
{ "type": "Feature", "properties": { "Bina_ID": "Bina_343", "Net_Yukseklik": 4.7, "Gunes_Paneli_Sayisi": 78, "Yillik_Uretim_kWh": 40950.0 }, "geometry": { "type": "Polygon", "coordinates": [ [ [ 34.365577855722634, 38.277182543367573 ], [ 34.365548680550518, 38.277151339853049 ], [ 34.365548342972545, 38.277133319137569 ], [ 34.365570872901685, 38.277115032233269 ], [ 34.365622155993002, 38.277105422934781 ], [ 34.365633252146139, 38.27708726911878 ], [ 34.36562131200462, 38.277060371146987 ], [ 34.365718161211468, 38.277041219040214 ], [ 34.365718498830297, 38.277059239754699 ], [ 34.365770963573411, 38.277112702891706 ], [ 34.365782988187831, 38.277144106025261 ], [ 34.36574894013755, 38.277158020904437 ], [ 34.365691602533744, 38.277149676098155 ], [ 34.365617789496881, 38.277177572344769 ], [ 34.365577855722634, 38.277182543367573 ] ] ] } },
{ "type": "Feature", "properties": { "Bina_ID": "Bina_344", "Net_Yukseklik": 3.0, "Gunes_Paneli_Sayisi": 32, "Yillik_Uretim_kWh": 16800.0 }, "geometry": { "type": "Polygon", "coordinates": [ [ [ 34.36037514905977, 38.277224966167061 ], [ 34.360374728684626, 38.27720244022445 ], [ 34.360385826173768, 38.277184286880441 ], [ 34.360402808703689, 38.277175077616569 ], [ 34.360425676278233, 38.277174812430239 ], [ 34.360448712011426, 38.277183557616276 ], [ 34.360511513763448, 38.277178323130137 ], [ 34.360517398824577, 38.277187267205228 ], [ 34.360517735159725, 38.277205287958282 ], [ 34.360523536139681, 38.277209726844724 ], [ 34.360518071495179, 38.277223308711292 ], [ 34.360466703500521, 38.277228410603747 ], [ 34.360438371248776, 38.277242257661506 ], [ 34.360415503653201, 38.277242522850699 ], [ 34.360409870831532, 38.277247094335735 ], [ 34.360398437032892, 38.277247226928125 ], [ 34.36037514905977, 38.277224966167061 ] ] ] } },
{ "type": "Feature", "properties": { "Bina_ID": "Bina_345", "Net_Yukseklik": 4.6, "Gunes_Paneli_Sayisi": 38, "Yillik_Uretim_kWh": 19950.0 }, "geometry": { "type": "Polygon", "coordinates": [ [ [ 34.367756155435508, 38.277166178649665 ], [ 34.367738413100071, 38.27713484238808 ], [ 34.367732019992147, 38.277098867643048 ], [ 34.367903357011137, 38.277087857578231 ], [ 34.367904456030608, 38.277146424846229 ], [ 34.367881503997573, 38.277142186315473 ], [ 34.367778684807782, 38.277147891331609 ], [ 34.367767589186386, 38.277166045340522 ], [ 34.367756155435508, 38.277166178649665 ] ] ] } },
{ "type": "Feature", "properties": { "Bina_ID": "Bina_346", "Net_Yukseklik": 3.0, "Gunes_Paneli_Sayisi": 75, "Yillik_Uretim_kWh": 39375.0 }, "geometry": { "type": "Polygon", "coordinates": [ [ [ 34.362416753933516, 38.277237322674814 ], [ 34.36232503104408, 38.277224869392477 ], [ 34.362284591827354, 38.27720280818923 ], [ 34.362284086669717, 38.277175777079442 ], [ 34.362351594778495, 38.27711641300386 ], [ 34.36235689067702, 38.277093820688378 ], [ 34.362379421413472, 38.27707553438222 ], [ 34.362408258419876, 38.277088717972248 ], [ 34.362408679421563, 38.277111243896243 ], [ 34.362473417641802, 38.277209627610972 ], [ 34.362467953363407, 38.277223209561583 ], [ 34.362416753933516, 38.277237322674814 ] ] ] } },
{ "type": "Feature", "properties": { "Bina_ID": "Bina_347", "Net_Yukseklik": 3.0, "Gunes_Paneli_Sayisi": 55, "Yillik_Uretim_kWh": 28875.0 }, "geometry": { "type": "Polygon", "coordinates": [ [ [ 34.369883001124272, 38.277150374327981 ], [ 34.369865765855494, 38.277146069429662 ], [ 34.369854501438944, 38.277155213284722 ], [ 34.369825917090779, 38.277155547063813 ], [ 34.369814229377077, 38.277142165061001 ], [ 34.369791361902287, 38.277142432076907 ], [ 34.369727629818222, 38.277098114637447 ], [ 34.369704762356427, 38.277098381636215 ], [ 34.36967575478193, 38.277076189522688 ], [ 34.369669699322387, 38.27705823558555 ], [ 34.369737539792723, 38.277016888057474 ], [ 34.369766208742313, 38.277021059471949 ], [ 34.369789584116532, 38.277047823487493 ], [ 34.36978983808541, 38.277061339000369 ], [ 34.369836334916933, 38.277101351503291 ], [ 34.3698365042356, 38.277110361844947 ], [ 34.3698652578882, 38.277119038405132 ], [ 34.369883001124272, 38.277150374327981 ] ] ] } },
{ "type": "Feature", "properties": { "Bina_ID": "Bina_348", "Net_Yukseklik": 3.0, "Gunes_Paneli_Sayisi": 12, "Yillik_Uretim_kWh": 6300.0 }, "geometry": { "type": "Polygon", "coordinates": [ [ [ 34.371066562101305, 38.277145559814805 ], [ 34.371066053688835, 38.277118528803868 ], [ 34.371060252090018, 38.277114090450702 ], [ 34.371059997885162, 38.277100574945152 ], [ 34.371077148472317, 38.277100374498389 ], [ 34.37108295007102, 38.277104812850709 ], [ 34.371100100659007, 38.277104612400578 ], [ 34.371105732783874, 38.277100040414879 ], [ 34.37112860023278, 38.277099773143057 ], [ 34.371128854450355, 38.277113288648223 ], [ 34.371134656053172, 38.277117726997915 ], [ 34.371135079751369, 38.277140252839722 ], [ 34.371123646020635, 38.277140386476937 ], [ 34.371118013893884, 38.277144958463516 ], [ 34.371066562101305, 38.277145559814805 ] ] ] } },
{ "type": "Feature", "properties": { "Bina_ID": "Bina_349", "Net_Yukseklik": 3.0, "Gunes_Paneli_Sayisi": 28, "Yillik_Uretim_kWh": 14700.0 }, "geometry": { "type": "Polygon", "coordinates": [ [ [ 34.366029995883473, 38.277204316259862 ], [ 34.36600712835304, 38.277204582538616 ], [ 34.365984091979129, 38.277195838456898 ], [ 34.365978121833528, 38.277182389490662 ], [ 34.365960717930299, 38.277169073658257 ], [ 34.365937850410262, 38.277169339923283 ], [ 34.365937597154449, 38.277155824388913 ], [ 34.36594877765463, 38.277142175722673 ], [ 34.365919433508552, 38.277101961946471 ], [ 34.365919264674012, 38.277092951590063 ], [ 34.365947595787311, 38.277079103228658 ], [ 34.365964830826108, 38.277083408707398 ], [ 34.366017886729082, 38.277168407976156 ], [ 34.366029489337222, 38.277177285192288 ], [ 34.366029995883473, 38.277204316259862 ] ] ] } },
{ "type": "Feature", "properties": { "Bina_ID": "Bina_350", "Net_Yukseklik": 6.09, "Gunes_Paneli_Sayisi": 33, "Yillik_Uretim_kWh": 17325.0 }, "geometry": { "type": "Polygon", "coordinates": [ [ [ 34.369271803766146, 38.277184546859971 ], [ 34.369265579147189, 38.277157582556868 ], [ 34.369270957520214, 38.277139495141455 ], [ 34.369299203363816, 38.277121140810394 ], [ 34.369322070836631, 38.277120873890532 ], [ 34.369327449193122, 38.277102786472732 ], [ 34.369344345906519, 38.277089070763914 ], [ 34.369378647099886, 38.27708867036953 ], [ 34.369413625358121, 38.277124311338127 ], [ 34.369408331654704, 38.277146903931047 ], [ 34.369374199696182, 38.277156314677953 ], [ 34.36936293521498, 38.277165458486976 ], [ 34.369328633985262, 38.277165858877446 ], [ 34.369305597244981, 38.277157115455282 ], [ 34.369294332754862, 38.277166259257875 ], [ 34.369300303505852, 38.27717970804386 ], [ 34.369271803766146, 38.277184546859971 ] ] ] } },
{ "type": "Feature", "properties": { "Bina_ID": "Bina_351", "Net_Yukseklik": 3.0, "Gunes_Paneli_Sayisi": 12, "Yillik_Uretim_kWh": 6300.0 }, "geometry": { "type": "Polygon", "coordinates": [ [ [ 34.366664992050985, 38.277219451131046 ], [ 34.366664823123592, 38.277210440777608 ], [ 34.366670455541097, 38.277205868999559 ], [ 34.366664316341861, 38.277183409717225 ], [ 34.36667558117216, 38.277174266160969 ], [ 34.366675327779546, 38.277160750630763 ], [ 34.366692309481877, 38.277151540471237 ], [ 34.366692140551514, 38.2771425301178 ], [ 34.366703574303777, 38.277142396912403 ], [ 34.36670374323554, 38.277151407265805 ], [ 34.366709544578612, 38.277155845839346 ], [ 34.366709797977528, 38.277169361369367 ], [ 34.366721485135102, 38.277182743692101 ], [ 34.366721907470811, 38.277205269575227 ], [ 34.366699208878273, 38.277214546342144 ], [ 34.366682058232861, 38.277214746149497 ], [ 34.366676425815427, 38.277219317928079 ], [ 34.366664992050985, 38.277219451131046 ] ] ] } },
{ "type": "Feature", "properties": { "Bina_ID": "Bina_352", "Net_Yukseklik": 3.6, "Gunes_Paneli_Sayisi": 15, "Yillik_Uretim_kWh": 7875.0 }, "geometry": { "type": "Polygon", "coordinates": [ [ [ 34.364841643060693, 38.277258703468284 ], [ 34.364830209281315, 38.277258836492564 ], [ 34.3648244080415, 38.277254397824152 ], [ 34.364818438103001, 38.277240948795104 ], [ 34.364783546340199, 38.277209811595981 ], [ 34.364783293297997, 38.277196296055195 ], [ 34.364788925835185, 38.277191724365309 ], [ 34.364788504096886, 38.277169198463959 ], [ 34.364817088510542, 38.27716886591196 ], [ 34.364823058442497, 38.277182314941349 ], [ 34.364840377795311, 38.277191125766223 ], [ 34.364840968251961, 38.277222662027285 ], [ 34.364852655080867, 38.277236044542391 ], [ 34.364852908136285, 38.277249560082694 ], [ 34.364841643060693, 38.277258703468284 ] ] ] } },
{ "type": "Feature", "properties": { "Bina_ID": "Bina_353", "Net_Yukseklik": 3.0, "Gunes_Paneli_Sayisi": 47, "Yillik_Uretim_kWh": 24675.0 }, "geometry": { "type": "Polygon", "coordinates": [ [ [ 34.369786660910627, 38.277196560880682 ], [ 34.369724029264653, 38.277210810662694 ], [ 34.369677532421797, 38.277170798116131 ], [ 34.369615154712449, 38.277198563353487 ], [ 34.369607998866542, 38.277122042187571 ], [ 34.369630358456924, 38.277094744180239 ], [ 34.369630104517299, 38.277081228666539 ], [ 34.369653141270319, 38.277089972024804 ], [ 34.369653903102751, 38.277130518565336 ], [ 34.369699384094389, 38.277116469069568 ], [ 34.369751513129117, 38.277151909685934 ], [ 34.369786660910627, 38.277196560880682 ] ] ] } },
{ "type": "Feature", "properties": { "Bina_ID": "Bina_354", "Net_Yukseklik": 3.0, "Gunes_Paneli_Sayisi": 13, "Yillik_Uretim_kWh": 6825.0 }, "geometry": { "type": "Polygon", "coordinates": [ [ [ 34.372017003086384, 38.277211052429323 ], [ 34.372005569348765, 38.277211186152691 ], [ 34.371999767686603, 38.277206747847295 ], [ 34.371965466475331, 38.277207149008973 ], [ 34.371947807128933, 38.27718031858538 ], [ 34.371947637548914, 38.277171308251802 ], [ 34.371981514783286, 38.277148381261952 ], [ 34.371992948511163, 38.277148247541113 ], [ 34.372004721412821, 38.27716613448596 ], [ 34.37202212639238, 38.277179449400762 ], [ 34.37202263516042, 38.277206480400608 ], [ 34.372017003086384, 38.277211052429323 ] ] ] } },
{ "type": "Feature", "properties": { "Bina_ID": "Bina_355", "Net_Yukseklik": 4.37, "Gunes_Paneli_Sayisi": 43, "Yillik_Uretim_kWh": 22575.0 }, "geometry": { "type": "Polygon", "coordinates": [ [ [ 34.365750375057999, 38.277234608938116 ], [ 34.36580191143819, 38.277238515095199 ], [ 34.365825201040728, 38.277260774747589 ], [ 34.36587009199323, 38.277215190473967 ], [ 34.365904393295722, 38.277214791094138 ], [ 34.365949875106153, 38.277200743037916 ], [ 34.365961984233095, 38.277236651328984 ], [ 34.366002508966645, 38.277263216420927 ], [ 34.36600276223546, 38.277276731954693 ], [ 34.365825538688675, 38.277278795460603 ], [ 34.365813767265713, 38.277260907867742 ], [ 34.365762146461151, 38.277252496537805 ], [ 34.365750375057999, 38.277234608938116 ] ] ] } },
{ "type": "Feature", "properties": { "Bina_ID": "Bina_356", "Net_Yukseklik": 4.16, "Gunes_Paneli_Sayisi": 65, "Yillik_Uretim_kWh": 34125.0 }, "geometry": { "type": "Polygon", "coordinates": [ [ [ 34.371611105354837, 38.277215798926726 ], [ 34.371593191830691, 38.277175452945052 ], [ 34.371586627287151, 38.27713046811126 ], [ 34.371609494740987, 38.277130200745546 ], [ 34.371637824745747, 38.277116351029875 ], [ 34.371717691264443, 38.277106404861165 ], [ 34.371740982594702, 38.277128663306193 ], [ 34.371759404857947, 38.277196040267135 ], [ 34.371736706938968, 38.277205317996817 ], [ 34.371725527530067, 38.277218967194393 ], [ 34.371691141534811, 38.277214863108767 ], [ 34.37163985924748, 38.277224475046978 ], [ 34.371611105354837, 38.277215798926726 ] ] ] } },
{ "type": "Feature", "properties": { "Bina_ID": "Bina_357", "Net_Yukseklik": 5.44, "Gunes_Paneli_Sayisi": 22, "Yillik_Uretim_kWh": 11550.0 }, "geometry": { "type": "Polygon", "coordinates": [ [ [ 34.370918093033417, 38.277156307262651 ], [ 34.370946507912663, 38.277146962880089 ], [ 34.370953072063998, 38.277191947756982 ], [ 34.37096459053295, 38.277196319304871 ], [ 34.370970646321936, 38.277214273168532 ], [ 34.370981825873706, 38.277200624040233 ], [ 34.371010410225701, 38.277200289979213 ], [ 34.371033616641427, 38.277218043399358 ], [ 34.371067748399717, 38.277208632173135 ], [ 34.37107355000667, 38.277213070525725 ], [ 34.371068256814461, 38.277235663183667 ], [ 34.370976702114035, 38.277232227031774 ], [ 34.370971154700776, 38.277241304180102 ], [ 34.37094828720597, 38.277241571422074 ], [ 34.370941807780099, 38.277201091713977 ], [ 34.370918770844639, 38.277192348612537 ], [ 34.370918093033417, 38.277156307262651 ] ] ] } },
{ "type": "Feature", "properties": { "Bina_ID": "Bina_358", "Net_Yukseklik": 5.78, "Gunes_Paneli_Sayisi": 109, "Yillik_Uretim_kWh": 57225.0 }, "geometry": { "type": "Polygon", "coordinates": [ [ [ 34.372291667200408, 38.277221358232779 ], [ 34.372313347298494, 38.277158018403831 ], [ 34.372277858770509, 38.277095347329883 ], [ 34.372334772919451, 38.277081163072566 ], [ 34.372352262751825, 38.277098983103933 ], [ 34.37239740390207, 38.277066911907873 ], [ 34.372425903365482, 38.277062072337003 ], [ 34.37250746618718, 38.27714222895068 ], [ 34.372502682391641, 38.27719185265957 ], [ 34.372468720483667, 38.277210274631294 ], [ 34.372439966504174, 38.27720159871599 ], [ 34.37238902360442, 38.277229231643275 ], [ 34.372376996149079, 38.277197829241295 ], [ 34.372359930363885, 38.277202535044466 ], [ 34.372360439257584, 38.277229566040354 ], [ 34.372291667200408, 38.277221358232779 ] ] ] } },
{ "type": "Feature", "properties": { "Bina_ID": "Bina_359", "Net_Yukseklik": 9.79, "Gunes_Paneli_Sayisi": 218, "Yillik_Uretim_kWh": 114450.0 }, "geometry": { "type": "Polygon", "coordinates": [ [ [ 34.363367780281926, 38.277334421782811 ], [ 34.363274793312549, 38.277254391504329 ], [ 34.363274287786872, 38.277227360405931 ], [ 34.36332523426055, 38.277199731372633 ], [ 34.363364072845897, 38.277136193735309 ], [ 34.363300007548624, 38.277073851997535 ], [ 34.363357260595038, 38.277077692796254 ], [ 34.363420988891789, 38.277122013770246 ], [ 34.363545664780609, 38.277061984582062 ], [ 34.363638988895168, 38.277160035377193 ], [ 34.363367780281926, 38.277334421782811 ] ] ] } },
{ "type": "Feature", "properties": { "Bina_ID": "Bina_360", "Net_Yukseklik": 10.24, "Gunes_Paneli_Sayisi": 329, "Yillik_Uretim_kWh": 172725.0 }, "geometry": { "type": "Polygon", "coordinates": [ [ [ 34.366085560580345, 38.277118052164425 ], [ 34.366216119924033, 38.277066963961609 ], [ 34.366320036909237, 38.277119827622016 ], [ 34.366524408677137, 38.277040842398065 ], [ 34.366645983230306, 38.277120537044134 ], [ 34.366527280140616, 38.27719401841788 ], [ 34.366550992229129, 38.277238803807137 ], [ 34.36660244418465, 38.277238204434745 ], [ 34.366482811882086, 38.277262128820382 ], [ 34.366441611379685, 38.277199522480579 ], [ 34.366305250639876, 38.277246172341265 ], [ 34.366311727503103, 38.277286652353496 ], [ 34.366277848372725, 38.277309577739921 ], [ 34.3661856182176, 38.277270096425838 ], [ 34.366085560580345, 38.277118052164425 ] ] ] } },
{ "type": "Feature", "properties": { "Bina_ID": "Bina_361", "Net_Yukseklik": 8.08, "Gunes_Paneli_Sayisi": 433, "Yillik_Uretim_kWh": 227325.0 }, "geometry": { "type": "Polygon", "coordinates": [ [ [ 34.37036567414119, 38.277275415605153 ], [ 34.369958167091795, 38.277194558157284 ], [ 34.36996303729034, 38.277149439690135 ], [ 34.369794793038459, 38.277020725708383 ], [ 34.369959904613445, 38.276982748377044 ], [ 34.369981756021829, 38.276928419281177 ], [ 34.369918108679926, 38.276888607113115 ], [ 34.369951563113268, 38.276843154844798 ], [ 34.369916330745866, 38.276793998524624 ], [ 34.369889101127484, 38.276866415051231 ], [ 34.369797716231574, 38.276871988311107 ], [ 34.369761722067587, 38.276782285402447 ], [ 34.369875127607465, 38.276731393436528 ], [ 34.369916161419248, 38.27678498818279 ], [ 34.370029905531631, 38.27675211675249 ], [ 34.370077164349333, 38.276832675698948 ], [ 34.370015041093076, 38.276873956654079 ], [ 34.370107950128165, 38.276949476293616 ], [ 34.369993697736035, 38.276955316779819 ], [ 34.370103503406746, 38.277017120618353 ], [ 34.370018851247366, 38.277076689330606 ], [ 34.370145214978024, 38.277106756638069 ], [ 34.370180617016821, 38.277164923221449 ], [ 34.370364234370498, 38.277198827719715 ], [ 34.37036567414119, 38.277275415605153 ] ] ] } },
{ "type": "Feature", "properties": { "Bina_ID": "Bina_362", "Net_Yukseklik": 3.0, "Gunes_Paneli_Sayisi": 35, "Yillik_Uretim_kWh": 18375.0 }, "geometry": { "type": "Polygon", "coordinates": [ [ [ 34.364625750646091, 38.277333313627075 ], [ 34.364557485227749, 38.277352132353492 ], [ 34.364511665714716, 38.277348159153625 ], [ 34.364498966966735, 38.277280714435378 ], [ 34.364497955007387, 38.277226652266286 ], [ 34.364509388783297, 38.277226519274464 ], [ 34.364527045436951, 38.277253350868953 ], [ 34.364590858918483, 38.277302176370398 ], [ 34.364631130188648, 38.277315226403097 ], [ 34.364625750646091, 38.277333313627075 ] ] ] } },
{ "type": "Feature", "properties": { "Bina_ID": "Bina_363", "Net_Yukseklik": 3.0, "Gunes_Paneli_Sayisi": 21, "Yillik_Uretim_kWh": 11025.0 }, "geometry": { "type": "Polygon", "coordinates": [ [ [ 34.369479896408521, 38.277303784093256 ], [ 34.369451311997629, 38.277304117782187 ], [ 34.369434415256201, 38.277317833506487 ], [ 34.369422981489485, 38.277317966978487 ], [ 34.369411378455268, 38.277309090106442 ], [ 34.369394143174439, 38.277304785139151 ], [ 34.369399182993732, 38.277268677032602 ], [ 34.369387579970372, 38.277259800157914 ], [ 34.369387326074254, 38.27724628464324 ], [ 34.369404307441592, 38.277237074097251 ], [ 34.36942145807275, 38.277236873891901 ], [ 34.369421711975107, 38.277250389406412 ], [ 34.369416079730826, 38.277254961313361 ], [ 34.369421881243447, 38.277259399749397 ], [ 34.369467616273155, 38.277258865855771 ], [ 34.369490906979912, 38.277281124759057 ], [ 34.369491076256985, 38.27729013510173 ], [ 34.369479896408521, 38.277303784093256 ] ] ] } },
{ "type": "Feature", "properties": { "Bina_ID": "Bina_364", "Net_Yukseklik": 3.53, "Gunes_Paneli_Sayisi": 175, "Yillik_Uretim_kWh": 91875.0 }, "geometry": { "type": "Polygon", "coordinates": [ [ [ 34.371406908397056, 38.277303803252408 ], [ 34.371349315853905, 38.277281945723054 ], [ 34.371296338469527, 38.277201454154117 ], [ 34.371234130869247, 38.277238230577289 ], [ 34.371193689041313, 38.277216172496594 ], [ 34.371209398999284, 38.277139384170667 ], [ 34.371249078067692, 38.277120895733717 ], [ 34.371236881627617, 38.277080482868264 ], [ 34.371311370312242, 38.277088624472 ], [ 34.371362313538107, 38.277060992006263 ], [ 34.371281684276674, 38.277030391419721 ], [ 34.371315392161378, 38.27699845428274 ], [ 34.371378701323643, 38.277020245003762 ], [ 34.371379464113787, 38.277060791515481 ], [ 34.371413595751342, 38.277051380190613 ], [ 34.371420499208604, 38.277114385708202 ], [ 34.371386621808313, 38.277137312539168 ], [ 34.371404450452616, 38.277173153387174 ], [ 34.371473646183766, 38.277203887556141 ], [ 34.371428504533242, 38.277235958405214 ], [ 34.371452219617829, 38.277280742746356 ], [ 34.371406908397056, 38.277303803252408 ] ] ] } },
{ "type": "Feature", "properties": { "Bina_ID": "Bina_365", "Net_Yukseklik": 6.19, "Gunes_Paneli_Sayisi": 282, "Yillik_Uretim_kWh": 148050.0 }, "geometry": { "type": "Polygon", "coordinates": [ [ [ 34.365238386549095, 38.277375753290009 ], [ 34.365169024427487, 38.277336005038286 ], [ 34.364953703185009, 38.277135733305627 ], [ 34.364958998274638, 38.277113140887813 ], [ 34.36509460038144, 38.277025945961547 ], [ 34.365140841561207, 38.277052444835689 ], [ 34.365192377787707, 38.277056351263724 ], [ 34.365233661520612, 38.277123463244962 ], [ 34.365187673378578, 38.277110479947943 ], [ 34.365182293988489, 38.277128567195177 ], [ 34.365350952462457, 38.277279813834774 ], [ 34.365345657484319, 38.277302406267594 ], [ 34.365238386549095, 38.277375753290009 ] ] ] } },
{ "type": "Feature", "properties": { "Bina_ID": "Bina_366", "Net_Yukseklik": 3.0, "Gunes_Paneli_Sayisi": 17, "Yillik_Uretim_kWh": 8925.0 }, "geometry": { "type": "Polygon", "coordinates": [ [ [ 34.371189667037626, 38.277306342681477 ], [ 34.371166969008861, 38.277315620302744 ], [ 34.371155535250779, 38.277315753943583 ], [ 34.371120979758075, 38.277302639354673 ], [ 34.371103829123648, 38.277302839808733 ], [ 34.371086254803345, 38.277280514418642 ], [ 34.371086085329189, 38.277271504081952 ], [ 34.37111466970773, 38.277271169995011 ], [ 34.371120301844222, 38.277266598008509 ], [ 34.371183102728224, 38.277261357821622 ], [ 34.371194705965131, 38.277270234514539 ], [ 34.371189667037626, 38.277306342681477 ] ] ] } },
{ "type": "Feature", "properties": { "Bina_ID": "Bina_367", "Net_Yukseklik": 3.4, "Gunes_Paneli_Sayisi": 23, "Yillik_Uretim_kWh": 12075.0 }, "geometry": { "type": "Polygon", "coordinates": [ [ [ 34.36913175887846, 38.277339390826441 ], [ 34.36912519583214, 38.27729440582781 ], [ 34.369136460363293, 38.27728526204087 ], [ 34.369136121896929, 38.27726724135281 ], [ 34.36916991546542, 38.2772398099859 ], [ 34.369198584474788, 38.277243981537922 ], [ 34.369198753715509, 38.277252991881774 ], [ 34.369181687698301, 38.277257697226602 ], [ 34.369181941556405, 38.27727121274242 ], [ 34.369205062939926, 38.277284461360175 ], [ 34.369211626034321, 38.277329446353512 ], [ 34.369177324725278, 38.277329846701178 ], [ 34.369154287949819, 38.277321103250166 ], [ 34.369143023415553, 38.277330247038819 ], [ 34.369143192649929, 38.277339257382749 ], [ 34.36913175887846, 38.277339390826441 ] ] ] } },
{ "type": "Feature", "properties": { "Bina_ID": "Bina_368", "Net_Yukseklik": 5.99, "Gunes_Paneli_Sayisi": 79, "Yillik_Uretim_kWh": 41475.0 }, "geometry": { "type": "Polygon", "coordinates": [ [ [ 34.366959425410208, 38.27736923009504 ], [ 34.366934445819076, 38.277256867152595 ], [ 34.367014144259159, 38.277237913819725 ], [ 34.367031041448513, 38.277224198435704 ], [ 34.36706534273862, 38.277223798716413 ], [ 34.367076945480221, 38.277232675826284 ], [ 34.36707745241582, 38.277259706881786 ], [ 34.367089055164705, 38.277268583990264 ], [ 34.367107388697491, 38.277331456584683 ], [ 34.36706199153155, 38.277350010262658 ], [ 34.367062329486266, 38.277368030966073 ], [ 34.367039630888982, 38.277377307798766 ], [ 34.367005329526286, 38.277377707511889 ], [ 34.36699935917791, 38.277364258601878 ], [ 34.366959425410208, 38.27736923009504 ] ] ] } },
{ "type": "Feature", "properties": { "Bina_ID": "Bina_369", "Net_Yukseklik": 5.69, "Gunes_Paneli_Sayisi": 80, "Yillik_Uretim_kWh": 42000.0 }, "geometry": { "type": "Polygon", "coordinates": [ [ [ 34.367434434558106, 38.277390731077901 ], [ 34.367405850088687, 38.277391064269153 ], [ 34.367296722081115, 38.277365299279978 ], [ 34.367312689699872, 38.277302026926456 ], [ 34.367335303732297, 38.277288244866519 ], [ 34.367351524821039, 38.277238488034108 ], [ 34.367472001909178, 38.277259614520233 ], [ 34.367461751326012, 38.277322820253083 ], [ 34.367434434558106, 38.277390731077901 ] ] ] } },
{ "type": "Feature", "properties": { "Bina_ID": "Bina_370", "Net_Yukseklik": 4.82, "Gunes_Paneli_Sayisi": 50, "Yillik_Uretim_kWh": 26250.0 }, "geometry": { "type": "Polygon", "coordinates": [ [ [ 34.363529791669599, 38.277436180530465 ], [ 34.363523484871322, 38.277404710701873 ], [ 34.363585190982292, 38.277340907199189 ], [ 34.3636194923766, 38.277340508486247 ], [ 34.363636221688964, 38.277317783214428 ], [ 34.363687842322868, 38.277326195483603 ], [ 34.363688179443322, 38.277344216212477 ], [ 34.363632611710351, 38.277430479225366 ], [ 34.363615629544086, 38.277439688949961 ], [ 34.363587045009943, 38.277440021211227 ], [ 34.363569641469923, 38.277426705017568 ], [ 34.363529791669599, 38.277436180530465 ] ] ] } },
{ "type": "Feature", "properties": { "Bina_ID": "Bina_371", "Net_Yukseklik": 3.0, "Gunes_Paneli_Sayisi": 12, "Yillik_Uretim_kWh": 6300.0 }, "geometry": { "type": "Polygon", "coordinates": [ [ [ 34.370453205964878, 38.27736902240941 ], [ 34.370436055310044, 38.277369222766154 ], [ 34.370424536843586, 38.277364851166404 ], [ 34.370424367450703, 38.277355840827362 ], [ 34.370418565870672, 38.277351402442243 ], [ 34.370407132103395, 38.277351536010265 ], [ 34.370406539236434, 38.27731999982322 ], [ 34.37040073766039, 38.277315561437135 ], [ 34.370400483575942, 38.277302045928316 ], [ 34.370429067974669, 38.277301712008168 ], [ 34.370452104889267, 38.277310455206091 ], [ 34.370457991166333, 38.277319398759069 ], [ 34.370458584055541, 38.277350934945432 ], [ 34.37045295187022, 38.277355506901003 ], [ 34.370453205964878, 38.27736902240941 ] ] ] } },
{ "type": "Feature", "properties": { "Bina_ID": "Bina_372", "Net_Yukseklik": 10.14, "Gunes_Paneli_Sayisi": 244, "Yillik_Uretim_kWh": 128100.0 }, "geometry": { "type": "Polygon", "coordinates": [ [ [ 34.36784973886202, 38.277277741507454 ], [ 34.367877224278068, 38.277218840941586 ], [ 34.367836698905961, 38.277192276509517 ], [ 34.367888319879484, 38.277200686922818 ], [ 34.367916058859301, 38.277155301871524 ], [ 34.368019638970338, 38.277190143302789 ], [ 34.368030649983773, 38.277167484097042 ], [ 34.368185343829431, 38.277183704664047 ], [ 34.368207619420232, 38.277151901743956 ], [ 34.368183399010746, 38.277080085663862 ], [ 34.368228880271921, 38.277066036733437 ], [ 34.368300578044909, 38.276925509518605 ], [ 34.368307394236936, 38.27698401009777 ], [ 34.368191652611024, 38.277215174205679 ], [ 34.368155101256747, 38.27740035305554 ], [ 34.368120546236618, 38.27738723757345 ], [ 34.36813634403115, 38.277314954773615 ], [ 34.36809052438872, 38.277310982975017 ], [ 34.368039833354679, 38.277352129567277 ], [ 34.36784973886202, 38.277277741507454 ] ] ] } },
{ "type": "Feature", "properties": { "Bina_ID": "Bina_373", "Net_Yukseklik": 4.55, "Gunes_Paneli_Sayisi": 22, "Yillik_Uretim_kWh": 11550.0 }, "geometry": { "type": "Polygon", "coordinates": [ [ [ 34.365045108743573, 38.277436582549477 ], [ 34.365010722962296, 38.27743247650038 ], [ 34.364999036072255, 38.277419094002589 ], [ 34.364998698626898, 38.277401073283791 ], [ 34.364958258529313, 38.277379013020003 ], [ 34.364952119838797, 38.277356553639066 ], [ 34.364882926594603, 38.277325815574606 ], [ 34.364882420471417, 38.277298784494668 ], [ 34.364916637471445, 38.277293880222913 ], [ 34.364928239969167, 38.277302757549933 ], [ 34.364945981152268, 38.277334094257633 ], [ 34.36496901745199, 38.277342838544563 ], [ 34.364963553632919, 38.277356420602615 ], [ 34.364980788684015, 38.277360726225609 ], [ 34.365004246804077, 38.277391996403971 ], [ 34.365044686922424, 38.277414056651466 ], [ 34.365045108743573, 38.277436582549477 ] ] ] } },
{ "type": "Feature", "properties": { "Bina_ID": "Bina_374", "Net_Yukseklik": 3.0, "Gunes_Paneli_Sayisi": 17, "Yillik_Uretim_kWh": 8925.0 }, "geometry": { "type": "Polygon", "coordinates": [ [ [ 34.367789811811122, 38.277436155847042 ], [ 34.367778378017995, 38.277436289159141 ], [ 34.367760889199857, 38.277418468427243 ], [ 34.367760551071868, 38.277400447729221 ], [ 34.367737429904885, 38.277387198822709 ], [ 34.367737007252671, 38.27736467294983 ], [ 34.367725404411154, 38.277355795907347 ], [ 34.367708253739856, 38.277355995865321 ], [ 34.36769665090317, 38.277347118819876 ], [ 34.367696481847503, 38.277338108470538 ], [ 34.367707915625644, 38.277337975166709 ], [ 34.367731036771545, 38.277351224079531 ], [ 34.367753988862923, 38.277355462638525 ], [ 34.367777194555472, 38.27737321671647 ], [ 34.36781755093817, 38.277390770817988 ], [ 34.367817804544615, 38.277404286341209 ], [ 34.367789811811122, 38.277436155847042 ] ] ] } },
{ "type": "Feature", "properties": { "Bina_ID": "Bina_375", "Net_Yukseklik": 3.0, "Gunes_Paneli_Sayisi": 23, "Yillik_Uretim_kWh": 12075.0 }, "geometry": { "type": "Polygon", "coordinates": [ [ [ 34.371900679483232, 38.277410683807425 ], [ 34.371883528828988, 38.277410884375939 ], [ 34.371860406933799, 38.277397636296371 ], [ 34.371854859619901, 38.277406713484432 ], [ 34.371843425850834, 38.277406847192559 ], [ 34.371831822514601, 38.277397970565914 ], [ 34.371831568164126, 38.277384455065381 ], [ 34.371814247950788, 38.277375645289894 ], [ 34.371819117006687, 38.277330526768459 ], [ 34.371841560601567, 38.277307733521837 ], [ 34.371852994355102, 38.277307599814179 ], [ 34.371876201005975, 38.277325353062778 ], [ 34.371876709722571, 38.277352384063583 ], [ 34.371865530318566, 38.277366033274106 ], [ 34.371900085968996, 38.277379147640438 ], [ 34.371900679483232, 38.277410683807425 ] ] ] } },
{ "type": "Feature", "properties": { "Bina_ID": "Bina_376", "Net_Yukseklik": 3.77, "Gunes_Paneli_Sayisi": 18, "Yillik_Uretim_kWh": 9450.0 }, "geometry": { "type": "Polygon", "coordinates": [ [ [ 34.37059722927544, 38.277425919871639 ], [ 34.370585795497341, 38.27742605345729 ], [ 34.370579739783373, 38.277408099572945 ], [ 34.370568306007975, 38.277408233156834 ], [ 34.370527948981625, 38.277390680014477 ], [ 34.370527779575802, 38.27738166967584 ], [ 34.37055047770999, 38.277372392176467 ], [ 34.370555940481161, 38.277358809877768 ], [ 34.37055013889308, 38.277354371499328 ], [ 34.370549715372348, 38.277331845652824 ], [ 34.370555347549676, 38.277327273692734 ], [ 34.370624119542477, 38.277335482520058 ], [ 34.370624288959924, 38.277344492858376 ], [ 34.370584270781372, 38.277344960411661 ], [ 34.370567374248864, 38.277358676295229 ], [ 34.370584863725739, 38.277376496596204 ], [ 34.370596297496078, 38.277376363010802 ], [ 34.37060790068201, 38.277385239762602 ], [ 34.370608493637469, 38.277416775946634 ], [ 34.37059722927544, 38.277425919871639 ] ] ] } },
{ "type": "Feature", "properties": { "Bina_ID": "Bina_377", "Net_Yukseklik": 3.78, "Gunes_Paneli_Sayisi": 138, "Yillik_Uretim_kWh": 72450.0 }, "geometry": { "type": "Polygon", "coordinates": [ [ [ 34.36835663016614, 38.277474607239618 ], [ 34.368293575154468, 38.277466330399882 ], [ 34.368195711418501, 38.27743142254598 ], [ 34.368199483454902, 38.277327736874646 ], [ 34.368226884043089, 38.277264331058518 ], [ 34.368261100772472, 38.277259425815593 ], [ 34.368290108001432, 38.277281618285052 ], [ 34.368307258651058, 38.27728141824236 ], [ 34.368329618783207, 38.277254120473607 ], [ 34.368352655443218, 38.277262864088961 ], [ 34.368347445968588, 38.277289961813331 ], [ 34.368364850326692, 38.277303277282599 ], [ 34.368371666614699, 38.277361777852704 ], [ 34.368389155565389, 38.277379598491159 ], [ 34.368384622661942, 38.277442737603096 ], [ 34.36835663016614, 38.277474607239618 ] ] ] } },
{ "type": "Feature", "properties": { "Bina_ID": "Bina_378", "Net_Yukseklik": 3.54, "Gunes_Paneli_Sayisi": 15, "Yillik_Uretim_kWh": 7875.0 }, "geometry": { "type": "Polygon", "coordinates": [ [ [ 34.364554888683848, 38.277518890531127 ], [ 34.364526304129839, 38.277519223021791 ], [ 34.364520502886883, 38.277514784338585 ], [ 34.364519912562663, 38.27748324807488 ], [ 34.364508310084055, 38.277474370707338 ], [ 34.364468376060742, 38.277479341356639 ], [ 34.364456689260876, 38.277465958803184 ], [ 34.364456520604904, 38.277456948441831 ], [ 34.364507888428186, 38.277451844804446 ], [ 34.364519490903071, 38.27746072217213 ], [ 34.364525123477122, 38.277456150494423 ], [ 34.364553792340395, 38.277460323185004 ], [ 34.364559677915267, 38.277469267047124 ], [ 34.364560436925451, 38.277509813671273 ], [ 34.364554888683848, 38.277518890531127 ] ] ] } },
{ "type": "Feature", "properties": { "Bina_ID": "Bina_379", "Net_Yukseklik": 3.25, "Gunes_Paneli_Sayisi": 32, "Yillik_Uretim_kWh": 16800.0 }, "geometry": { "type": "Polygon", "coordinates": [ [ [ 34.368728566877884, 38.277488292881849 ], [ 34.368717133081056, 38.277488426285579 ], [ 34.368694011717494, 38.277475177571631 ], [ 34.368671313304496, 38.277484454716621 ], [ 34.368654162609722, 38.277484654813421 ], [ 34.368642559639703, 38.277475777864311 ], [ 34.368642390466363, 38.27746676751871 ], [ 34.368659456569304, 38.277462062250947 ], [ 34.36865920280632, 38.277448546732614 ], [ 34.36864759984158, 38.277439669783845 ], [ 34.368647430667842, 38.277430659438231 ], [ 34.368664412174176, 38.277421448997075 ], [ 34.368663904647271, 38.277394417960231 ], [ 34.368675000075896, 38.277376263870764 ], [ 34.368726452082768, 38.277375663565167 ], [ 34.368732253564254, 38.277380102035849 ], [ 34.368728566877884, 38.277488292881849 ] ] ] } },
{ "type": "Feature", "properties": { "Bina_ID": "Bina_380", "Net_Yukseklik": 5.59, "Gunes_Paneli_Sayisi": 20, "Yillik_Uretim_kWh": 10500.0 }, "geometry": { "type": "Polygon", "coordinates": [ [ [ 34.365155754808733, 38.277543442874148 ], [ 34.365127170252258, 38.277543775511376 ], [ 34.365092615681299, 38.277530659128608 ], [ 34.365086392568372, 38.277503694576815 ], [ 34.365068651282066, 38.277472357893124 ], [ 34.36506848255042, 38.277463347534074 ], [ 34.365079747627753, 38.277454204126968 ], [ 34.365114049054, 38.277453804976098 ], [ 34.36512018780325, 38.277476264347122 ], [ 34.365131790354866, 38.277485141652726 ], [ 34.365143561650385, 38.277503029315831 ], [ 34.365143730391544, 38.277512039674534 ], [ 34.36515541732313, 38.277525422156913 ], [ 34.365155754808733, 38.277543442874148 ] ] ] } },
{ "type": "Feature", "properties": { "Bina_ID": "Bina_381", "Net_Yukseklik": 5.81, "Gunes_Paneli_Sayisi": 12, "Yillik_Uretim_kWh": 6300.0 }, "geometry": { "type": "Polygon", "coordinates": [ [ [ 34.364892776871443, 38.27754650287411 ], [ 34.364881343047173, 38.277546635904223 ], [ 34.364864023603815, 38.277537825087606 ], [ 34.364863348777263, 38.277501783648674 ], [ 34.364851746254836, 38.277492906315956 ], [ 34.364845523234287, 38.277465941749497 ], [ 34.364833920719811, 38.277457064414826 ], [ 34.364833498963598, 38.277434538514918 ], [ 34.364839131515531, 38.277429966822517 ], [ 34.364856282224757, 38.277429767283621 ], [ 34.364862336539709, 38.277447721489814 ], [ 34.364874023409811, 38.277461104001546 ], [ 34.364874529532827, 38.277488135080851 ], [ 34.364868896978784, 38.277492706774943 ], [ 34.364880415148924, 38.277497078926054 ], [ 34.364880752566201, 38.277515099645434 ], [ 34.364892355095698, 38.277523976975111 ], [ 34.364892776871443, 38.27754650287411 ] ] ] } },
{ "type": "Feature", "properties": { "Bina_ID": "Bina_382", "Net_Yukseklik": 6.57, "Gunes_Paneli_Sayisi": 72, "Yillik_Uretim_kWh": 37800.0 }, "geometry": { "type": "Polygon", "coordinates": [ [ [ 34.37110721866874, 38.27748304653732 ], [ 34.37108443583702, 38.277487818975395 ], [ 34.371004145139146, 38.277475238880093 ], [ 34.371003636743815, 38.27744820786998 ], [ 34.370992033500606, 38.277439331158511 ], [ 34.370946213657959, 38.27743536047997 ], [ 34.370917798667357, 38.277444704864131 ], [ 34.37090039381976, 38.27743138978343 ], [ 34.370877695714015, 38.277440667349936 ], [ 34.370887689163936, 38.277363945869325 ], [ 34.370950744339034, 38.277372221310742 ], [ 34.370991186184, 38.2773942794744 ], [ 34.371082486876944, 38.277384200106269 ], [ 34.371105608631048, 38.277397448341958 ], [ 34.37110721866874, 38.27748304653732 ] ] ] } },
{ "type": "Feature", "properties": { "Bina_ID": "Bina_383", "Net_Yukseklik": 6.92, "Gunes_Paneli_Sayisi": 95, "Yillik_Uretim_kWh": 49875.0 }, "geometry": { "type": "Polygon", "coordinates": [ [ [ 34.369763833113616, 38.277503246256806 ], [ 34.369689005541375, 38.27747708299232 ], [ 34.369676640594925, 38.277427659610126 ], [ 34.369619640974101, 38.277437337420643 ], [ 34.36960863042097, 38.277459996766034 ], [ 34.369585932134413, 38.277469274085782 ], [ 34.369590463996715, 38.277406134947249 ], [ 34.369573228682981, 38.277401830006959 ], [ 34.369583731371826, 38.277352139637998 ], [ 34.369571197233107, 38.277293705899567 ], [ 34.369628112102319, 38.277279522943246 ], [ 34.369645939926869, 38.277315364073338 ], [ 34.369691759638428, 38.277319335262675 ], [ 34.369710095418185, 38.277382207407257 ], [ 34.369738933819079, 38.277395389167104 ], [ 34.369763833113616, 38.277503246256806 ] ] ] } },
{ "type": "Feature", "properties": { "Bina_ID": "Bina_384", "Net_Yukseklik": 7.18, "Gunes_Paneli_Sayisi": 135, "Yillik_Uretim_kWh": 70875.0 }, "geometry": { "type": "Polygon", "coordinates": [ [ [ 34.360948523590267, 38.277614858104393 ], [ 34.360912876278192, 38.277543173043227 ], [ 34.360946420804162, 38.277502228424844 ], [ 34.360917499776122, 38.277484539287144 ], [ 34.360911278205641, 38.27745757448465 ], [ 34.36095676118687, 38.277443528344321 ], [ 34.360997452494004, 38.277479105570968 ], [ 34.36100863398125, 38.277465457358119 ], [ 34.361071435926334, 38.277460222568635 ], [ 34.361088334310061, 38.277446508019324 ], [ 34.361087745471842, 38.277414971710201 ], [ 34.361104812083603, 38.277410267532709 ], [ 34.361133733125691, 38.277427956624145 ], [ 34.361117087119659, 38.277455186740639 ], [ 34.361163327177543, 38.277481687202943 ], [ 34.361159208624777, 38.277567352085789 ], [ 34.361039321479616, 38.277577755400849 ], [ 34.361011409784602, 38.277614128531759 ], [ 34.360948523590267, 38.277614858104393 ] ] ] } },
{ "type": "Feature", "properties": { "Bina_ID": "Bina_385", "Net_Yukseklik": 4.66, "Gunes_Paneli_Sayisi": 64, "Yillik_Uretim_kWh": 33600.0 }, "geometry": { "type": "Polygon", "coordinates": [ [ [ 34.360245341444291, 38.277623013758273 ], [ 34.360233739450855, 38.277614135958778 ], [ 34.360238951972512, 38.277587038539366 ], [ 34.360232142171569, 38.277528537377087 ], [ 34.360243407879445, 38.277519394423017 ], [ 34.360369096062435, 38.277513430814636 ], [ 34.360376914886643, 38.277625994225737 ], [ 34.360302678878661, 38.277631361230981 ], [ 34.360245341444291, 38.277623013758273 ] ] ] } },
{ "type": "Feature", "properties": { "Bina_ID": "Bina_386", "Net_Yukseklik": 6.98, "Gunes_Paneli_Sayisi": 170, "Yillik_Uretim_kWh": 89250.0 }, "geometry": { "type": "Polygon", "coordinates": [ [ [ 34.36073136445426, 38.27762188337455 ], [ 34.360708749033094, 38.277635664185787 ], [ 34.360645610533233, 38.277622878033476 ], [ 34.36060004328732, 38.27763241886818 ], [ 34.360479819607264, 38.27762480086308 ], [ 34.360433243378338, 38.277580279376501 ], [ 34.360432066263897, 38.277517206742345 ], [ 34.360482845886416, 38.277480568544753 ], [ 34.360625768816483, 38.277478910948503 ], [ 34.360677977919728, 38.277518860860873 ], [ 34.360689075378275, 38.277500707489629 ], [ 34.360717659970682, 38.277500375933919 ], [ 34.360746665057007, 38.277522570309216 ], [ 34.360724974743498, 38.277585908186587 ], [ 34.36073136445426, 38.27762188337455 ] ] ] } },
{ "type": "Feature", "properties": { "Bina_ID": "Bina_387", "Net_Yukseklik": 6.34, "Gunes_Paneli_Sayisi": 203, "Yillik_Uretim_kWh": 106575.0 }, "geometry": { "type": "Polygon", "coordinates": [ [ [ 34.369832943839455, 38.277529476228608 ], [ 34.369791063076107, 38.277430829760135 ], [ 34.36982384055343, 38.277349336160768 ], [ 34.369926913809543, 38.277357144861099 ], [ 34.369926236484623, 38.27732110349725 ], [ 34.369909509159903, 38.277343829629352 ], [ 34.3698864722965, 38.277335086323902 ], [ 34.369902860970363, 38.277294339512757 ], [ 34.370035195936339, 38.277337855683321 ], [ 34.370074621397094, 38.277305852125899 ], [ 34.370075383469811, 38.277346398657798 ], [ 34.370155927923612, 38.27737249490491 ], [ 34.370141148280453, 38.277498839978279 ], [ 34.370084233348642, 38.277513023184369 ], [ 34.369969387390434, 38.277487327471675 ], [ 34.370035873315523, 38.277373897045415 ], [ 34.370006950201116, 38.277356210189062 ], [ 34.369961638459955, 38.277379270146007 ], [ 34.369962146467707, 38.277406301168241 ], [ 34.369893967117299, 38.277429628146123 ], [ 34.369895999055743, 38.277537752236391 ], [ 34.369832943839455, 38.277529476228608 ] ] ] } },
{ "type": "Feature", "properties": { "Bina_ID": "Bina_388", "Net_Yukseklik": 5.1, "Gunes_Paneli_Sayisi": 76, "Yillik_Uretim_kWh": 39900.0 }, "geometry": { "type": "Polygon", "coordinates": [ [ [ 34.367330207860981, 38.27762626628023 ], [ 34.3673011162726, 38.277599568396525 ], [ 34.367323561386883, 38.277576775987335 ], [ 34.367363748763196, 38.277585319894051 ], [ 34.36736921214748, 38.277571737732785 ], [ 34.367357355793352, 38.277549345128556 ], [ 34.367340036061059, 38.277540534683176 ], [ 34.367311536036432, 38.277545373027777 ], [ 34.367299848712129, 38.27753199076777 ], [ 34.36731530933254, 38.27744168736308 ], [ 34.367361044516862, 38.277441154288447 ], [ 34.367372140280494, 38.277423000316126 ], [ 34.367429393756261, 38.277426839117751 ], [ 34.367425536111057, 38.277526019608253 ], [ 34.367387123456908, 38.277612084399053 ], [ 34.367330207860981, 38.27762626628023 ] ] ] } },
{ "type": "Feature", "properties": { "Bina_ID": "Bina_389", "Net_Yukseklik": 7.77, "Gunes_Paneli_Sayisi": 324, "Yillik_Uretim_kWh": 170100.0 }, "geometry": { "type": "Polygon", "coordinates": [ [ [ 34.365323907921265, 38.277667658451236 ], [ 34.365201743220972, 38.277556426177725 ], [ 34.365240917838641, 38.277510908666606 ], [ 34.365228977766591, 38.277484010655357 ], [ 34.365262857315457, 38.277461085564838 ], [ 34.365297243122257, 38.27746519153947 ], [ 34.365421411659618, 38.277378129304807 ], [ 34.36551237566195, 38.277350033543037 ], [ 34.365593593764828, 38.277412174382896 ], [ 34.365634878074346, 38.277479286208234 ], [ 34.365527944761126, 38.277570654206791 ], [ 34.365425968604121, 38.277621408961672 ], [ 34.365420758015837, 38.277648506575346 ], [ 34.365397721566872, 38.277639762380424 ], [ 34.365323907921265, 38.277667658451236 ] ] ] } },
{ "type": "Feature", "properties": { "Bina_ID": "Bina_390", "Net_Yukseklik": 3.0, "Gunes_Paneli_Sayisi": 21, "Yillik_Uretim_kWh": 11025.0 }, "geometry": { "type": "Polygon", "coordinates": [ [ [ 34.364472929841696, 38.277722621105958 ], [ 34.364444429534871, 38.277727458758655 ], [ 34.364443923566981, 38.277700427675605 ], [ 34.364449556163954, 38.277695856001273 ], [ 34.36442071855992, 38.277682672925877 ], [ 34.364397344914281, 38.277655907810008 ], [ 34.364408357130131, 38.277633248923607 ], [ 34.364396585990825, 38.277615361184118 ], [ 34.364402049934306, 38.277601779150721 ], [ 34.364442152684681, 38.277605818883963 ], [ 34.364442574322574, 38.277628344786883 ], [ 34.364466032304563, 38.277659615074221 ], [ 34.364466285292153, 38.277673130615717 ], [ 34.364455104431634, 38.277686779146173 ], [ 34.364472676852429, 38.277709105564611 ], [ 34.364472929841696, 38.277722621105958 ] ] ] } },
{ "type": "Feature", "properties": { "Bina_ID": "Bina_391", "Net_Yukseklik": 3.0, "Gunes_Paneli_Sayisi": 24, "Yillik_Uretim_kWh": 12600.0 }, "geometry": { "type": "Polygon", "coordinates": [ [ [ 34.368075181928482, 38.277712210127881 ], [ 34.367960759029167, 38.277709038311009 ], [ 34.367959829032394, 38.277659481397905 ], [ 34.367981513038124, 38.27759614230105 ], [ 34.367992946855367, 38.277596008968686 ], [ 34.36799336959016, 38.277618534838261 ], [ 34.368017251813832, 38.277672330256074 ], [ 34.368046259138509, 38.277694522782625 ], [ 34.368069211355063, 38.277698761277293 ], [ 34.368075181928482, 38.277712210127881 ] ] ] } },
{ "type": "Feature", "properties": { "Bina_ID": "Bina_392", "Net_Yukseklik": 5.07, "Gunes_Paneli_Sayisi": 182, "Yillik_Uretim_kWh": 95550.0 }, "geometry": { "type": "Polygon", "coordinates": [ [ [ 34.368056086501269, 38.277608791142193 ], [ 34.368101314454542, 38.277581226734533 ], [ 34.368128968882729, 38.277531336461777 ], [ 34.368192615848614, 38.277571149604285 ], [ 34.368181689387384, 38.277598313997501 ], [ 34.368216751884077, 38.277638460499922 ], [ 34.368308222463931, 38.277637393625476 ], [ 34.368330244429771, 38.277592075162985 ], [ 34.368490740720283, 38.277612733797909 ], [ 34.368560020279837, 38.277647974871655 ], [ 34.368520593958081, 38.277679977934142 ], [ 34.368098134152149, 38.277716448616751 ], [ 34.368090810722713, 38.277630916988471 ], [ 34.368056509255766, 38.277631317011135 ], [ 34.368056086501269, 38.277608791142193 ] ] ] } },
{ "type": "Feature", "properties": { "Bina_ID": "Bina_393", "Net_Yukseklik": 3.0, "Gunes_Paneli_Sayisi": 13, "Yillik_Uretim_kWh": 6825.0 }, "geometry": { "type": "Polygon", "coordinates": [ [ [ 34.367624221582247, 38.277753517635261 ], [ 34.367607070816675, 38.27775371758019 ], [ 34.367595467927224, 38.277744840526289 ], [ 34.367584118606864, 38.27774947899492 ], [ 34.367572684763608, 38.277749612287892 ], [ 34.367566883320904, 38.277745173759349 ], [ 34.367566798799878, 38.277740668584741 ], [ 34.367555195917333, 38.277731791526719 ], [ 34.367554773316208, 38.277709265653463 ], [ 34.367560405714194, 38.277704693833385 ], [ 34.367560236673214, 38.277695683484062 ], [ 34.367588821260206, 38.277695350252976 ], [ 34.367606310105529, 38.277713171009268 ], [ 34.367617743942915, 38.277713037713134 ], [ 34.367617912991115, 38.277722048062202 ], [ 34.367629515879521, 38.277730925113922 ], [ 34.367629853979125, 38.277748945811915 ], [ 34.367624221582247, 38.277753517635261 ] ] ] } },
{ "type": "Feature", "properties": { "Bina_ID": "Bina_394", "Net_Yukseklik": 7.83, "Gunes_Paneli_Sayisi": 81, "Yillik_Uretim_kWh": 42525.0 }, "geometry": { "type": "Polygon", "coordinates": [ [ [ 34.360243996071254, 38.277857349842073 ], [ 34.360220707943824, 38.277835089055351 ], [ 34.360220287607213, 38.277812563113649 ], [ 34.360242819108841, 38.277794277205942 ], [ 34.360235841144437, 38.277726765669556 ], [ 34.360286957295173, 38.277708148306857 ], [ 34.360321427055752, 38.277716760931391 ], [ 34.360355644598116, 38.27771185798111 ], [ 34.360385910823041, 38.277801630266758 ], [ 34.360380950575063, 38.277842243255115 ], [ 34.360323865187503, 38.277847411388613 ], [ 34.360301249618217, 38.277861192123503 ], [ 34.360283930632306, 38.277852380622093 ], [ 34.360243996071254, 38.277857349842073 ] ] ] } },
{ "type": "Feature", "properties": { "Bina_ID": "Bina_395", "Net_Yukseklik": 7.7, "Gunes_Paneli_Sayisi": 63, "Yillik_Uretim_kWh": 33075.0 }, "geometry": { "type": "Polygon", "coordinates": [ [ [ 34.369820026133425, 38.277754935017946 ], [ 34.369676849255903, 38.277743088311865 ], [ 34.369687182612175, 38.277684387595528 ], [ 34.369732917903391, 38.277683853593523 ], [ 34.369743589828168, 38.27764317355507 ], [ 34.369777721961839, 38.277633762698038 ], [ 34.36977636744728, 38.27756167996904 ], [ 34.369736095171788, 38.277548631723327 ], [ 34.36970801858461, 38.277575996500772 ], [ 34.369690275313808, 38.277544660554227 ], [ 34.369781745719621, 38.277543592533249 ], [ 34.369788647828621, 38.277606598167395 ], [ 34.369811769427045, 38.277619846660755 ], [ 34.369795803926849, 38.277683119311654 ], [ 34.369835906965271, 38.277687157194222 ], [ 34.369820026133425, 38.277754935017946 ] ] ] } },
{ "type": "Feature", "properties": { "Bina_ID": "Bina_396", "Net_Yukseklik": 8.61, "Gunes_Paneli_Sayisi": 354, "Yillik_Uretim_kWh": 185850.0 }, "geometry": { "type": "Polygon", "coordinates": [ [ [ 34.369928393546246, 38.277740151098641 ], [ 34.369931062451066, 38.277577898209529 ], [ 34.369998903243321, 38.277536550527529 ], [ 34.370078939829433, 38.277535615802719 ], [ 34.370097445355356, 38.277607498217122 ], [ 34.370354197880339, 38.277577462312664 ], [ 34.370440120796843, 38.277585470897769 ], [ 34.370475269211099, 38.277630121871077 ], [ 34.370459388987285, 38.277697899770594 ], [ 34.370379521625175, 38.277707845096948 ], [ 34.370368511272133, 38.277730504508959 ], [ 34.370214323970899, 38.277741317871602 ], [ 34.370196749809224, 38.27771899234672 ], [ 34.370139665358494, 38.277724165242738 ], [ 34.370128824286603, 38.277755834973199 ], [ 34.369928393546246, 38.277740151098641 ] ] ] } },
{ "type": "Feature", "properties": { "Bina_ID": "Bina_397", "Net_Yukseklik": 8.26, "Gunes_Paneli_Sayisi": 353, "Yillik_Uretim_kWh": 185325.0 }, "geometry": { "type": "Polygon", "coordinates": [ [ [ 34.36957411405308, 38.277753300085372 ], [ 34.369448511145848, 38.277763778722154 ], [ 34.36901250231594, 38.27768775688326 ], [ 34.369022328538989, 38.277602025183171 ], [ 34.368952371959921, 38.27753074300837 ], [ 34.369048543934738, 38.277475546781176 ], [ 34.369159449673184, 38.27759591873231 ], [ 34.36927992782315, 38.277617043339177 ], [ 34.369296486152116, 38.27758530695008 ], [ 34.369393758161763, 38.277588677671886 ], [ 34.369399982869574, 38.277615641964665 ], [ 34.369434115037855, 38.277606231206988 ], [ 34.369457405848799, 38.277628490113749 ], [ 34.369452958500503, 38.277696134418335 ], [ 34.369487006059352, 38.277682218473764 ], [ 34.369480188840328, 38.277623717988973 ], [ 34.369565857802257, 38.277618211702261 ], [ 34.36957411405308, 38.277753300085372 ] ] ] } },
{ "type": "Feature", "properties": { "Bina_ID": "Bina_398", "Net_Yukseklik": 7.59, "Gunes_Paneli_Sayisi": 302, "Yillik_Uretim_kWh": 158550.0 }, "geometry": { "type": "Polygon", "coordinates": [ [ [ 34.366704895005604, 38.277822811761354 ], [ 34.366582305673532, 38.277689055091031 ], [ 34.366581461074212, 38.27764400332579 ], [ 34.36663274438903, 38.277634393581806 ], [ 34.366637616671504, 38.277589275216798 ], [ 34.366694954717012, 38.277597619551507 ], [ 34.366757249452228, 38.277565350665441 ], [ 34.366796254141924, 38.277510822300528 ], [ 34.366859815906651, 38.277546131004279 ], [ 34.366818361494552, 38.27747000928025 ], [ 34.366875868418923, 38.277487363880361 ], [ 34.366989108171637, 38.277427464300295 ], [ 34.367117752661862, 38.27757917462425 ], [ 34.36707151044692, 38.277552676551572 ], [ 34.366941119835701, 38.277612776059307 ], [ 34.366894539745211, 38.277568257212316 ], [ 34.366781722057681, 38.277650682586113 ], [ 34.366771470829313, 38.277713888266817 ], [ 34.366817713042806, 38.277740386457182 ], [ 34.36681258744116, 38.2777719892986 ], [ 34.366704895005604, 38.277822811761354 ] ] ] } },
{ "type": "Feature", "properties": { "Bina_ID": "Bina_399", "Net_Yukseklik": 7.86, "Gunes_Paneli_Sayisi": 12, "Yillik_Uretim_kWh": 6300.0 }, "geometry": { "type": "Polygon", "coordinates": [ [ [ 34.368854289945844, 38.277788738617922 ], [ 34.368854120744444, 38.2777797282736 ], [ 34.368871017702055, 38.277766012629897 ], [ 34.36888245154168, 38.277765879210357 ], [ 34.36887698842807, 38.27777946143663 ], [ 34.368882874553869, 38.277788405070893 ], [ 34.36890002531846, 38.277788204939341 ], [ 34.368905573032194, 38.277779127884145 ], [ 34.368974176080137, 38.277778327329777 ], [ 34.368985694530011, 38.277782699072056 ], [ 34.36898594835656, 38.277796214587781 ], [ 34.36896888219853, 38.277800919903868 ], [ 34.368928863741736, 38.277801386897217 ], [ 34.368917345292118, 38.277797015149346 ], [ 34.368906165259673, 38.27781066408852 ], [ 34.36887749604098, 38.277806492469274 ], [ 34.368854289945844, 38.277788738617922 ] ] ] } },
{ "type": "Feature", "properties": { "Bina_ID": "Bina_400", "Net_Yukseklik": 4.4, "Gunes_Paneli_Sayisi": 12, "Yillik_Uretim_kWh": 6300.0 }, "geometry": { "type": "Polygon", "coordinates": [ [ [ 34.367786070614528, 38.27784626001921 ], [ 34.367774552222883, 38.277841888157994 ], [ 34.367773960484215, 38.277810351938882 ], [ 34.367762357565717, 38.277801474902141 ], [ 34.367762019432725, 38.277783454205306 ], [ 34.367767736356562, 38.277783387549682 ], [ 34.367778916601459, 38.277769738715051 ], [ 34.367796067369568, 38.277769538744948 ], [ 34.367796405510802, 38.277787559441556 ], [ 34.367807923895008, 38.277791931300804 ], [ 34.367808092967188, 38.277800941649033 ], [ 34.367825666428509, 38.277823267544889 ], [ 34.367825920040389, 38.277836783067073 ], [ 34.367814486184592, 38.277836916383862 ], [ 34.367808684720423, 38.277832477867747 ], [ 34.367803052328732, 38.277837049699542 ], [ 34.367803221400585, 38.277846060047722 ], [ 34.367786070614528, 38.27784626001921 ] ] ] } },
{ "type": "Feature", "properties": { "Bina_ID": "Bina_401", "Net_Yukseklik": 4.56, "Gunes_Paneli_Sayisi": 27, "Yillik_Uretim_kWh": 14175.0 }, "geometry": { "type": "Polygon", "coordinates": [ [ [ 34.371787916084429, 38.277799532076564 ], [ 34.371759585847677, 38.277813381831365 ], [ 34.37173100126428, 38.277813716079393 ], [ 34.371724775678679, 38.277786751927778 ], [ 34.371713087517321, 38.277773370124045 ], [ 34.371672645247585, 38.277751312218776 ], [ 34.37166675878683, 38.277742368730848 ], [ 34.371638004684989, 38.277733692621858 ], [ 34.371637750367377, 38.277720177121004 ], [ 34.371700551595623, 38.277714936650774 ], [ 34.371723588787304, 38.277723679593031 ], [ 34.371735616056796, 38.277755082062953 ], [ 34.371775719222306, 38.277759119279459 ], [ 34.371787916084429, 38.277799532076564 ] ] ] } },
{ "type": "Feature", "properties": { "Bina_ID": "Bina_402", "Net_Yukseklik": 6.24, "Gunes_Paneli_Sayisi": 351, "Yillik_Uretim_kWh": 184275.0 }, "geometry": { "type": "Polygon", "coordinates": [ [ [ 34.364990237130321, 38.277865306337098 ], [ 34.364909946940529, 38.277852722058931 ], [ 34.364886488706112, 38.27782145186611 ], [ 34.364853536762382, 38.277893933827698 ], [ 34.364721456730599, 38.277863927315423 ], [ 34.36469538391642, 38.277692996503717 ], [ 34.364593810683076, 38.27745985768734 ], [ 34.364713275298939, 38.277426924851014 ], [ 34.364724118694546, 38.277395255576131 ], [ 34.364793733685069, 38.277448519634234 ], [ 34.36480223412137, 38.277597124063192 ], [ 34.3648845485314, 38.277717832734524 ], [ 34.364886319994874, 38.277812441506917 ], [ 34.364955260628797, 38.277829664019833 ], [ 34.364941802144884, 38.277721672748335 ], [ 34.365000489925457, 38.277802100784299 ], [ 34.364990237130321, 38.277865306337098 ] ] ] } },
{ "type": "Feature", "properties": { "Bina_ID": "Bina_403", "Net_Yukseklik": 3.0, "Gunes_Paneli_Sayisi": 16, "Yillik_Uretim_kWh": 8400.0 }, "geometry": { "type": "Polygon", "coordinates": [ [ [ 34.367226065010755, 38.277866306568555 ], [ 34.367207984724807, 38.277816949528436 ], [ 34.367264984996659, 38.27780727287891 ], [ 34.367310720411275, 38.27780673981961 ], [ 34.367316352832283, 38.277802168010901 ], [ 34.367333588118129, 38.277806473283277 ], [ 34.367333757131782, 38.277815483633269 ], [ 34.367253804648492, 38.27782092166639 ], [ 34.367248256723656, 38.277829998647313 ], [ 34.367259859585722, 38.277838875735981 ], [ 34.367282727303149, 38.277838609209368 ], [ 34.367283149822185, 38.277861135084699 ], [ 34.367254818672883, 38.277874983767838 ], [ 34.36723766787609, 38.27787518365929 ], [ 34.367226065010755, 38.277866306568555 ] ] ] } },
{ "type": "Feature", "properties": { "Bina_ID": "Bina_404", "Net_Yukseklik": 3.53, "Gunes_Paneli_Sayisi": 17, "Yillik_Uretim_kWh": 8925.0 }, "geometry": { "type": "Polygon", "coordinates": [ [ [ 34.371176714485706, 38.277833714616953 ], [ 34.371142328225389, 38.277829610375726 ], [ 34.371124669020489, 38.277802779828107 ], [ 34.371113150445467, 38.277798408298381 ], [ 34.371112896224567, 38.277784892794699 ], [ 34.371101292913536, 38.277776016095792 ], [ 34.371066991421522, 38.277776416999814 ], [ 34.371055472854003, 38.277772045464246 ], [ 34.371055303380672, 38.27776303512821 ], [ 34.37114088761026, 38.27775302252244 ], [ 34.371146689265899, 38.277757460870092 ], [ 34.371147197719907, 38.277784491877171 ], [ 34.371158716294644, 38.277788863403572 ], [ 34.371176206019854, 38.277806683610443 ], [ 34.371176714485706, 38.277833714616953 ] ] ] } },
{ "type": "Feature", "properties": { "Bina_ID": "Bina_405", "Net_Yukseklik": 7.42, "Gunes_Paneli_Sayisi": 22, "Yillik_Uretim_kWh": 11550.0 }, "geometry": { "type": "Polygon", "coordinates": [ [ [ 34.369187225311457, 38.277856951788515 ], [ 34.369181593006395, 38.277861523684891 ], [ 34.369164442226584, 38.277861723857917 ], [ 34.369141405282541, 38.277852980408291 ], [ 34.369112905269191, 38.277857819190388 ], [ 34.369084066791359, 38.277844637278932 ], [ 34.369055482163688, 38.277844970875385 ], [ 34.369043794474727, 38.277831588796744 ], [ 34.369043540637136, 38.277818073281438 ], [ 34.369060437566944, 38.277804357611011 ], [ 34.369071871411677, 38.277804224172904 ], [ 34.36909507756355, 38.277821977980082 ], [ 34.369186463718719, 38.277816405245112 ], [ 34.369192265263436, 38.277820843691536 ], [ 34.369187225311457, 38.277856951788515 ] ] ] } },
{ "type": "Feature", "properties": { "Bina_ID": "Bina_406", "Net_Yukseklik": 4.22, "Gunes_Paneli_Sayisi": 43, "Yillik_Uretim_kWh": 22575.0 }, "geometry": { "type": "Polygon", "coordinates": [ [ [ 34.371302995225953, 38.277859275472018 ], [ 34.371296854545392, 38.277836816462482 ], [ 34.371273817366195, 38.277828073436311 ], [ 34.371272800363386, 38.277774011425294 ], [ 34.371278432527625, 38.277769439431026 ], [ 34.371272122363031, 38.277737970084331 ], [ 34.371277754524591, 38.27773339809012 ], [ 34.371329206727452, 38.277732796638475 ], [ 34.371335008392627, 38.277737234976641 ], [ 34.371363508195181, 38.277732395658163 ], [ 34.371360164438251, 38.27785860717686 ], [ 34.371302995225953, 38.277859275472018 ] ] ] } },
{ "type": "Feature", "properties": { "Bina_ID": "Bina_407", "Net_Yukseklik": 4.41, "Gunes_Paneli_Sayisi": 45, "Yillik_Uretim_kWh": 23625.0 }, "geometry": { "type": "Polygon", "coordinates": [ [ [ 34.370809984374354, 38.277792938965888 ], [ 34.370793426666474, 38.277824675556033 ], [ 34.370770813144802, 38.277838458272313 ], [ 34.370771490899784, 38.277874499620225 ], [ 34.370754340128329, 38.277874700025713 ], [ 34.370748369050446, 38.277861251321411 ], [ 34.370742821562921, 38.277870328459457 ], [ 34.370725670792233, 38.277870528860731 ], [ 34.370714067513262, 38.277861652123022 ], [ 34.370628228956768, 38.277858148914405 ], [ 34.370621580222924, 38.277808658852848 ], [ 34.370707079859841, 38.27779414139286 ], [ 34.370809984374354, 38.277792938965888 ] ] ] } },
{ "type": "Feature", "properties": { "Bina_ID": "Bina_408", "Net_Yukseklik": 10.09, "Gunes_Paneli_Sayisi": 24, "Yillik_Uretim_kWh": 12600.0 }, "geometry": { "type": "Polygon", "coordinates": [ [ [ 34.364717511046877, 38.277958602599433 ], [ 34.364700444556817, 38.277963307300197 ], [ 34.364683209377468, 38.277959001638798 ], [ 34.364677661118819, 38.277968078504131 ], [ 34.364666227227417, 38.277968211514505 ], [ 34.364643022080287, 38.27795045681215 ], [ 34.364631250830527, 38.277932569099193 ], [ 34.364630238749442, 38.277878506939096 ], [ 34.364641672626952, 38.277878373932481 ], [ 34.364653275187202, 38.277887251284724 ], [ 34.364687576823279, 38.277886852254746 ], [ 34.364722890608, 38.277940515372691 ], [ 34.364717511046877, 38.277958602599433 ] ] ] } },
{ "type": "Feature", "properties": { "Bina_ID": "Bina_409", "Net_Yukseklik": 3.0, "Gunes_Paneli_Sayisi": 12, "Yillik_Uretim_kWh": 6300.0 }, "geometry": { "type": "Polygon", "coordinates": [ [ [ 34.366547185808173, 38.277950821504902 ], [ 34.366524318048533, 38.27795108788883 ], [ 34.366506913860157, 38.277937772144469 ], [ 34.366506407123772, 38.277910741085662 ], [ 34.366500605731289, 38.277906302503524 ], [ 34.366500352364469, 38.277892786974022 ], [ 34.366505984843968, 38.277888215203227 ], [ 34.366528852584061, 38.277887948823249 ], [ 34.366534653976728, 38.277892387404002 ], [ 34.366540370912041, 38.277892320808022 ], [ 34.366557775095266, 38.277905636547601 ], [ 34.366558281850608, 38.277932667605853 ], [ 34.366547016890912, 38.277941811152154 ], [ 34.366547185808173, 38.277950821504902 ] ] ] } },
{ "type": "Feature", "properties": { "Bina_ID": "Bina_410", "Net_Yukseklik": 5.05, "Gunes_Paneli_Sayisi": 35, "Yillik_Uretim_kWh": 18375.0 }, "geometry": { "type": "Polygon", "coordinates": [ [ [ 34.371835431893736, 38.27789360575062 ], [ 34.371817857204711, 38.277871280479253 ], [ 34.37181607674286, 38.277776671981911 ], [ 34.371850123866864, 38.27776275535934 ], [ 34.371849615152641, 38.27773572436012 ], [ 34.371866596310163, 38.277726513462106 ], [ 34.371912331586067, 38.277725978610079 ], [ 34.371935368805417, 38.277734721510164 ], [ 34.371935623178331, 38.277748237009313 ], [ 34.371918472444939, 38.277748437584407 ], [ 34.371912585954625, 38.277739494109383 ], [ 34.371878454066355, 38.277748905583231 ], [ 34.371861642478187, 38.277767126816009 ], [ 34.371861896837729, 38.277780642315484 ], [ 34.371879386729667, 38.27779846241431 ], [ 34.371863168638001, 38.277848219812405 ], [ 34.371875195989382, 38.27787962226585 ], [ 34.37186401650721, 38.277893271476572 ], [ 34.371835431893736, 38.27789360575062 ] ] ] } },
{ "type": "Feature", "properties": { "Bina_ID": "Bina_411", "Net_Yukseklik": 12.33, "Gunes_Paneli_Sayisi": 282, "Yillik_Uretim_kWh": 148050.0 }, "geometry": { "type": "Polygon", "coordinates": [ [ [ 34.365135185456062, 38.27797176753365 ], [ 34.365016965812195, 38.277765859785177 ], [ 34.365039074244372, 38.277725047081844 ], [ 34.365107339876289, 38.277706228072091 ], [ 34.365118098767958, 38.277670053585425 ], [ 34.365175014860675, 38.277655872769046 ], [ 34.365291294002873, 38.277758161243668 ], [ 34.365297685977744, 38.277794136139313 ], [ 34.36536074098256, 38.277802414590234 ], [ 34.365402531638225, 38.277896557564532 ], [ 34.365362259913574, 38.277883507806543 ], [ 34.365332578242842, 38.2778252731731 ], [ 34.365311651297453, 38.277929158430851 ], [ 34.365135185456062, 38.27797176753365 ] ] ] } },
{ "type": "Feature", "properties": { "Bina_ID": "Bina_412", "Net_Yukseklik": 5.14, "Gunes_Paneli_Sayisi": 114, "Yillik_Uretim_kWh": 59850.0 }, "geometry": { "type": "Polygon", "coordinates": [ [ [ 34.363872667406, 38.278036020364716 ], [ 34.363854842207083, 38.278000178311487 ], [ 34.363826088874752, 38.277991500272215 ], [ 34.363825498840818, 38.277959964001965 ], [ 34.363848282337074, 38.277955192962565 ], [ 34.363830204299056, 38.277905835360016 ], [ 34.363847270835763, 38.277901130785033 ], [ 34.36385340923848, 38.277923590227296 ], [ 34.363876361308492, 38.277927829545504 ], [ 34.363915789847454, 38.277895828004709 ], [ 34.363851891983529, 38.277842496960545 ], [ 34.363897121718111, 38.277814934142576 ], [ 34.363977243113183, 38.277818508755594 ], [ 34.364012472044926, 38.277867666917246 ], [ 34.364001543972826, 38.277894830949762 ], [ 34.363928066697895, 38.277940746880844 ], [ 34.364007851025541, 38.27792630074542 ], [ 34.364060062265132, 38.277966249108651 ], [ 34.36395783160571, 38.278003487069952 ], [ 34.363917560065111, 38.277990436812416 ], [ 34.36389545092252, 38.278031249315823 ], [ 34.363872667406, 38.278036020364716 ] ] ] } },
{ "type": "Feature", "properties": { "Bina_ID": "Bina_413", "Net_Yukseklik": 7.59, "Gunes_Paneli_Sayisi": 35, "Yillik_Uretim_kWh": 18375.0 }, "geometry": { "type": "Polygon", "coordinates": [ [ [ 34.365205223182869, 38.278047557220873 ], [ 34.365204970054904, 38.2780340416844 ], [ 34.365221952149611, 38.27802483173177 ], [ 34.365273404688367, 38.278024232931841 ], [ 34.365290386771882, 38.278015022969505 ], [ 34.365358990145367, 38.27801422452476 ], [ 34.36537059281298, 38.278023101803797 ], [ 34.365369833338271, 38.2779825551969 ], [ 34.365381267228571, 38.277982422117923 ], [ 34.365398924390774, 38.278009253568321 ], [ 34.365399346330364, 38.278031779460719 ], [ 34.365387912432411, 38.2780319125416 ], [ 34.365371183516579, 38.278054638053405 ], [ 34.36534840009805, 38.278059409387275 ], [ 34.365325869827018, 38.278077696252488 ], [ 34.365302917633791, 38.278073457220472 ], [ 34.365273995349952, 38.278055769182728 ], [ 34.365251043166381, 38.278051530140374 ], [ 34.365228344117725, 38.278060806629803 ], [ 34.365205223182869, 38.278047557220873 ] ] ] } },
{ "type": "Feature", "properties": { "Bina_ID": "Bina_414", "Net_Yukseklik": 3.49, "Gunes_Paneli_Sayisi": 23, "Yillik_Uretim_kWh": 12075.0 }, "geometry": { "type": "Polygon", "coordinates": [ [ [ 34.365497378400548, 38.278075700010824 ], [ 34.365496787641916, 38.278044163762985 ], [ 34.365531089339754, 38.278043764485041 ], [ 34.365542607635739, 38.278048136568351 ], [ 34.365542776429514, 38.278057146924702 ], [ 34.365554379125946, 38.278066024184938 ], [ 34.365559589689532, 38.278038926567596 ], [ 34.365576571739005, 38.278029716564454 ], [ 34.365587668037392, 38.278011562752695 ], [ 34.365599101931203, 38.278011429652388 ], [ 34.365616759179957, 38.278038261068247 ], [ 34.365645597134097, 38.278051443842109 ], [ 34.36564585034391, 38.278064959376053 ], [ 34.365628699490905, 38.27806515903314 ], [ 34.365617434391915, 38.278074302492563 ], [ 34.365571698777138, 38.278074834894952 ], [ 34.365531848905803, 38.278084311088776 ], [ 34.365497378400548, 38.278075700010824 ] ] ] } },
{ "type": "Feature", "properties": { "Bina_ID": "Bina_415", "Net_Yukseklik": 13.19, "Gunes_Paneli_Sayisi": 477, "Yillik_Uretim_kWh": 250425.0 }, "geometry": { "type": "Polygon", "coordinates": [ [ [ 34.365809784820904, 38.277963915318651 ], [ 34.365837187727372, 38.277900510023976 ], [ 34.365940345864509, 38.277912827397913 ], [ 34.365974056532593, 38.277880891749007 ], [ 34.366026353216569, 38.277925344395051 ], [ 34.366195666026471, 38.277806212531644 ], [ 34.366271083842335, 38.277863914279337 ], [ 34.366328253178551, 38.277863248435864 ], [ 34.366350614235238, 38.277835951029765 ], [ 34.366315721539102, 38.277804814307146 ], [ 34.366400462082559, 38.277749753378814 ], [ 34.366458138041537, 38.277776118534071 ], [ 34.366459235927167, 38.277834685830527 ], [ 34.366522375537073, 38.277847468830323 ], [ 34.366449491112085, 38.277924922546369 ], [ 34.36653163968608, 38.278036619644276 ], [ 34.366410570397512, 38.277983955977845 ], [ 34.366398376466236, 38.277943542567364 ], [ 34.366291190138384, 38.278021395719392 ], [ 34.366086646526696, 38.278091370226214 ], [ 34.365993486796846, 38.278002331832631 ], [ 34.36587385302893, 38.27802625562142 ], [ 34.365809784820904, 38.277963915318651 ] ] ] } },
{ "type": "Feature", "properties": { "Bina_ID": "Bina_416", "Net_Yukseklik": 5.49, "Gunes_Paneli_Sayisi": 29, "Yillik_Uretim_kWh": 15225.0 }, "geometry": { "type": "Polygon", "coordinates": [ [ [ 34.371763740106076, 38.278034134993185 ], [ 34.371752136677131, 38.278025258361289 ], [ 34.371751034532188, 38.277966691196369 ], [ 34.371762298827612, 38.277957547162529 ], [ 34.371761874923216, 38.277935021329782 ], [ 34.371738583321545, 38.277912762896868 ], [ 34.371726047352126, 38.277854329428521 ], [ 34.371766065791128, 38.277853861480594 ], [ 34.371771528367404, 38.277840279129954 ], [ 34.37178296220479, 38.277840145427547 ], [ 34.371783216550412, 38.277853660927306 ], [ 34.371760857554605, 38.277880959330808 ], [ 34.37177826266538, 38.277894274277855 ], [ 34.371773054430982, 38.277921372128411 ], [ 34.371785336103891, 38.27796629009071 ], [ 34.371808712521045, 38.27799305367995 ], [ 34.371809136440795, 38.278015579512044 ], [ 34.371763740106076, 38.278034134993185 ] ] ] } },
{ "type": "Feature", "properties": { "Bina_ID": "Bina_417", "Net_Yukseklik": 5.51, "Gunes_Paneli_Sayisi": 120, "Yillik_Uretim_kWh": 63000.0 }, "geometry": { "type": "Polygon", "coordinates": [ [ [ 34.372918984636996, 38.278043151266239 ], [ 34.372924192451116, 38.278016053373214 ], [ 34.373044587412743, 38.278032668913866 ], [ 34.373072917479867, 38.278018818852168 ], [ 34.373099550263738, 38.277914865503575 ], [ 34.373029759179012, 38.277852596173581 ], [ 34.373092390672817, 38.277838344629657 ], [ 34.373005279222866, 38.277767265698543 ], [ 34.373118514186494, 38.277707360290336 ], [ 34.373142400192528, 38.27776115459195 ], [ 34.373153378827766, 38.27804040783986 ], [ 34.372918984636996, 38.278043151266239 ] ] ] } },
{ "type": "Feature", "properties": { "Bina_ID": "Bina_418", "Net_Yukseklik": 4.61, "Gunes_Paneli_Sayisi": 85, "Yillik_Uretim_kWh": 44625.0 }, "geometry": { "type": "Polygon", "coordinates": [ [ [ 34.369779708915949, 38.278043799955867 ], [ 34.36976044166299, 38.277931370959848 ], [ 34.369903449589799, 38.27793420721617 ], [ 34.369948761689756, 38.277911147276996 ], [ 34.370023335780402, 38.277923794854225 ], [ 34.370012409957781, 38.277950959404542 ], [ 34.369960703563883, 38.277938044771794 ], [ 34.369909589852305, 38.277956666306217 ], [ 34.369894725027471, 38.278078506176612 ], [ 34.369779708915949, 38.278043799955867 ] ] ] } },
{ "type": "Feature", "properties": { "Bina_ID": "Bina_419", "Net_Yukseklik": 9.05, "Gunes_Paneli_Sayisi": 341, "Yillik_Uretim_kWh": 179025.0 }, "geometry": { "type": "Polygon", "coordinates": [ [ [ 34.368962186382824, 38.278053342955459 ], [ 34.368705600706292, 38.278092386197144 ], [ 34.368727876332812, 38.278060583182082 ], [ 34.36867591629963, 38.278034152463583 ], [ 34.368573653262033, 38.277764975974222 ], [ 34.368641833368706, 38.27774164975127 ], [ 34.368796782339771, 38.277771385002012 ], [ 34.36866588528833, 38.277804455371196 ], [ 34.368725507715709, 38.277934438359537 ], [ 34.368759301744078, 38.277907007105256 ], [ 34.368752569676005, 38.277853011742081 ], [ 34.368923823659976, 38.277837494985434 ], [ 34.368976375897034, 38.277895461798899 ], [ 34.36895443885804, 38.277945285546437 ], [ 34.369011946637777, 38.277962639081252 ], [ 34.368962186382824, 38.278053342955459 ] ] ] } },
{ "type": "Feature", "properties": { "Bina_ID": "Bina_420", "Net_Yukseklik": 9.25, "Gunes_Paneli_Sayisi": 153, "Yillik_Uretim_kWh": 80325.0 }, "geometry": { "type": "Polygon", "coordinates": [ [ [ 34.363388917199799, 38.278158803735018 ], [ 34.363347297485468, 38.278073670366069 ], [ 34.363340569398446, 38.278019674618889 ], [ 34.3635568023074, 38.277963087499366 ], [ 34.36359783226051, 38.278016684519194 ], [ 34.363622301354241, 38.278102017159178 ], [ 34.363559751905491, 38.27812076886643 ], [ 34.363491064109994, 38.278117061079051 ], [ 34.363474418845144, 38.278144291513435 ], [ 34.363388917199799, 38.278158803735018 ] ] ] } },
{ "type": "Feature", "properties": { "Bina_ID": "Bina_421", "Net_Yukseklik": 8.21, "Gunes_Paneli_Sayisi": 263, "Yillik_Uretim_kWh": 138075.0 }, "geometry": { "type": "Polygon", "coordinates": [ [ [ 34.369460322028615, 38.278088084290076 ], [ 34.36944240945612, 38.278047737967398 ], [ 34.369439362505879, 38.277885551814556 ], [ 34.369782293484178, 38.277877041901554 ], [ 34.369782632117655, 38.277895062582878 ], [ 34.369742613622812, 38.277895529854732 ], [ 34.36973465064726, 38.278080375342626 ], [ 34.369523377693866, 38.278096360489137 ], [ 34.369460322028615, 38.278088084290076 ] ] ] } },
{ "type": "Feature", "properties": { "Bina_ID": "Bina_422", "Net_Yukseklik": 3.0, "Gunes_Paneli_Sayisi": 14, "Yillik_Uretim_kWh": 7350.0 }, "geometry": { "type": "Polygon", "coordinates": [ [ [ 34.36907173904514, 38.27810163221924 ], [ 34.369060051310655, 38.278088250143625 ], [ 34.369059374396521, 38.278052208771221 ], [ 34.369064922109274, 38.27804313170887 ], [ 34.369122091519294, 38.27804246450151 ], [ 34.369122260755404, 38.278051474844418 ], [ 34.369128062315447, 38.278055913293571 ], [ 34.369128570026469, 38.27808294432208 ], [ 34.369117305374047, 38.278092088109382 ], [ 34.369105871484393, 38.278092221552761 ], [ 34.369088889882057, 38.278101432058698 ], [ 34.36907173904514, 38.27810163221924 ] ] ] } },
{ "type": "Feature", "properties": { "Bina_ID": "Bina_423", "Net_Yukseklik": 3.0, "Gunes_Paneli_Sayisi": 36, "Yillik_Uretim_kWh": 18900.0 }, "geometry": { "type": "Polygon", "coordinates": [ [ [ 34.371552976452037, 38.278077154784995 ], [ 34.371535232267924, 38.278045819137375 ], [ 34.371540525365972, 38.278023226463034 ], [ 34.371534130296411, 38.27798725196736 ], [ 34.371545394622778, 38.2779781079538 ], [ 34.371602563922451, 38.277977439538802 ], [ 34.371603326863251, 38.278017986040084 ], [ 34.37164923187531, 38.278026461620676 ], [ 34.371655627005524, 38.278062436108698 ], [ 34.371621494931823, 38.278071847510752 ], [ 34.371552976452037, 38.278077154784995 ] ] ] } },
{ "type": "Feature", "properties": { "Bina_ID": "Bina_424", "Net_Yukseklik": 4.6, "Gunes_Paneli_Sayisi": 20, "Yillik_Uretim_kWh": 10500.0 }, "geometry": { "type": "Polygon", "coordinates": [ [ [ 34.367997037474538, 38.278118675787098 ], [ 34.367990559590169, 38.27807819589249 ], [ 34.36800754133079, 38.278068985543051 ], [ 34.368036126058804, 38.278068652200268 ], [ 34.368047390846485, 38.278059508514261 ], [ 34.368047052639909, 38.278041487820374 ], [ 34.368058486526678, 38.278041354480322 ], [ 34.36807034317868, 38.278063747006307 ], [ 34.368099435233489, 38.278090444688381 ], [ 34.368099688898546, 38.278103960208384 ], [ 34.368042603967396, 38.278109132091927 ], [ 34.368025622222156, 38.27811834244649 ], [ 34.367997037474538, 38.278118675787098 ] ] ] } },
{ "type": "Feature", "properties": { "Bina_ID": "Bina_425", "Net_Yukseklik": 5.72, "Gunes_Paneli_Sayisi": 163, "Yillik_Uretim_kWh": 85575.0 }, "geometry": { "type": "Polygon", "coordinates": [ [ [ 34.368545949129064, 38.278116779603863 ], [ 34.36850021354357, 38.278117313148279 ], [ 34.368493989118733, 38.27809034880454 ], [ 34.368459349132557, 38.278072728258408 ], [ 34.368305160749657, 38.278083539129632 ], [ 34.368285472921158, 38.277948583984099 ], [ 34.368313296489028, 38.277907704016897 ], [ 34.368478918361262, 38.27789675976107 ], [ 34.368498352791732, 38.278018199350903 ], [ 34.368556706358923, 38.278080604835182 ], [ 34.368545949129064, 38.278116779603863 ] ] ] } },
{ "type": "Feature", "properties": { "Bina_ID": "Bina_426", "Net_Yukseklik": 3.0, "Gunes_Paneli_Sayisi": 78, "Yillik_Uretim_kWh": 40950.0 }, "geometry": { "type": "Polygon", "coordinates": [ [ [ 34.370226646370647, 38.278092654315628 ], [ 34.370204032656872, 38.27810643692559 ], [ 34.370215889972712, 38.278128829221821 ], [ 34.369946939526045, 38.278118451855605 ], [ 34.369951725106574, 38.278068828224676 ], [ 34.369979717113715, 38.278036958219438 ], [ 34.370008217132828, 38.278032119226623 ], [ 34.370060008277768, 38.278049539006489 ], [ 34.370048066347778, 38.27802264152335 ], [ 34.370065217159102, 38.278022441220436 ], [ 34.370094394590879, 38.278053643564071 ], [ 34.370117177669009, 38.278048871314191 ], [ 34.370105997827515, 38.27806252036364 ], [ 34.370123402687767, 38.278075835560756 ], [ 34.370214873743414, 38.278074767189665 ], [ 34.370226646370647, 38.278092654315628 ] ] ] } },
{ "type": "Feature", "properties": { "Bina_ID": "Bina_427", "Net_Yukseklik": 4.98, "Gunes_Paneli_Sayisi": 50, "Yillik_Uretim_kWh": 26250.0 }, "geometry": { "type": "Polygon", "coordinates": [ [ [ 34.366292372342848, 38.278084468194223 ], [ 34.366292203456268, 38.278075457840707 ], [ 34.366389644955753, 38.278087841397223 ], [ 34.366446730011873, 38.278082670316259 ], [ 34.366520628079215, 38.278059278717251 ], [ 34.366577206337062, 38.278027076515642 ], [ 34.366543918166798, 38.27808153821487 ], [ 34.366441688681924, 38.278118778319588 ], [ 34.366419158673651, 38.278137065389828 ], [ 34.36643067703519, 38.278141437384569 ], [ 34.366425297886934, 38.278159524681357 ], [ 34.366402683411764, 38.278173306572157 ], [ 34.366379815580963, 38.278173572929205 ], [ 34.366385110292256, 38.278150980457795 ], [ 34.366362158020472, 38.278146741634714 ], [ 34.366292372342848, 38.278084468194223 ] ] ] } },
{ "type": "Feature", "properties": { "Bina_ID": "Bina_428", "Net_Yukseklik": 5.21, "Gunes_Paneli_Sayisi": 23, "Yillik_Uretim_kWh": 12075.0 }, "geometry": { "type": "Polygon", "coordinates": [ [ [ 34.371164733103583, 38.278108730308915 ], [ 34.371136402625432, 38.278122579916996 ], [ 34.371113534855802, 38.278122847196329 ], [ 34.371090497606055, 38.278114104135852 ], [ 34.371078894244057, 38.278105227436143 ], [ 34.371077792636775, 38.278046660255541 ], [ 34.371089226509852, 38.278046526620123 ], [ 34.371095112926319, 38.278055470137446 ], [ 34.371129329807104, 38.278050564055086 ], [ 34.371152451784525, 38.278063812275946 ], [ 34.371169687342238, 38.278068116978993 ], [ 34.371170195810436, 38.278095147984388 ], [ 34.371164563614698, 38.278099719973802 ], [ 34.371164733103583, 38.278108730308915 ] ] ] } },
{ "type": "Feature", "properties": { "Bina_ID": "Bina_429", "Net_Yukseklik": 6.58, "Gunes_Paneli_Sayisi": 11, "Yillik_Uretim_kWh": 5775.0 }, "geometry": { "type": "Polygon", "coordinates": [ [ [ 34.37178275612311, 38.278133048100386 ], [ 34.371771152675791, 38.278124171470864 ], [ 34.371771067893818, 38.278119666304455 ], [ 34.371759379668866, 38.27810628450726 ], [ 34.371759040544227, 38.278088263841497 ], [ 34.371764672700941, 38.278083691824229 ], [ 34.37179897432749, 38.278083290713539 ], [ 34.37180460648127, 38.278078718694417 ], [ 34.371816040355895, 38.278078584988087 ], [ 34.371816379494504, 38.278096605653452 ], [ 34.371828067728146, 38.278109987444836 ], [ 34.371828237299084, 38.278118997777419 ], [ 34.371822605143791, 38.278123569797692 ], [ 34.371805454321297, 38.278123770357922 ], [ 34.371794190006355, 38.278132914396032 ], [ 34.37178275612311, 38.278133048100386 ] ] ] } },
{ "type": "Feature", "properties": { "Bina_ID": "Bina_430", "Net_Yukseklik": 3.01, "Gunes_Paneli_Sayisi": 13, "Yillik_Uretim_kWh": 6825.0 }, "geometry": { "type": "Polygon", "coordinates": [ [ [ 34.368998603298934, 38.278165571955263 ], [ 34.36896379394183, 38.278138941218003 ], [ 34.368958076992975, 38.278139007932417 ], [ 34.36895773856034, 38.278120987245629 ], [ 34.368992124854991, 38.278125092126857 ], [ 34.369003389528459, 38.278115948351214 ], [ 34.36900305108491, 38.278097927664703 ], [ 34.369014484975956, 38.278097794231329 ], [ 34.369026088091488, 38.27810667114003 ], [ 34.369026257316129, 38.278115681483179 ], [ 34.369037860435967, 38.278124558390608 ], [ 34.369038283501609, 38.278147084248303 ], [ 34.36901003720061, 38.278165438522116 ], [ 34.368998603298934, 38.278165571955263 ] ] ] } },
{ "type": "Feature", "properties": { "Bina_ID": "Bina_431", "Net_Yukseklik": 3.0, "Gunes_Paneli_Sayisi": 13, "Yillik_Uretim_kWh": 6825.0 }, "geometry": { "type": "Polygon", "coordinates": [ [ [ 34.361835249066878, 38.278248948877703 ], [ 34.361829363756371, 38.278240004874945 ], [ 34.361829111252483, 38.278226489319913 ], [ 34.361834744056914, 38.278221917767709 ], [ 34.361834154879475, 38.278190381472555 ], [ 34.361845588819207, 38.278190248737516 ], [ 34.361851389958254, 38.27819468755456 ], [ 34.361868540868713, 38.278194488449046 ], [ 34.361874342009465, 38.278198927264924 ], [ 34.361891492920755, 38.278198728156035 ], [ 34.361892334638782, 38.27824378000507 ], [ 34.36188670183639, 38.278248351559981 ], [ 34.361835249066878, 38.278248948877703 ] ] ] } },
{ "type": "Feature", "properties": { "Bina_ID": "Bina_432", "Net_Yukseklik": 3.34, "Gunes_Paneli_Sayisi": 71, "Yillik_Uretim_kWh": 37275.0 }, "geometry": { "type": "Polygon", "coordinates": [ [ [ 34.3599885812772, 38.27826586582799 ], [ 34.359976727048931, 38.278243472439975 ], [ 34.359969581169281, 38.27816695051191 ], [ 34.360020781752823, 38.27815283844803 ], [ 34.360083836555184, 38.278161119740709 ], [ 34.360095102377485, 38.27815197679967 ], [ 34.360083080016899, 38.278120573045534 ], [ 34.360100230922534, 38.278120374198814 ], [ 34.360100735287574, 38.278147405328767 ], [ 34.360141174398628, 38.278169467284059 ], [ 34.360130917334473, 38.278232672487988 ], [ 34.360114018588604, 38.278246386904343 ], [ 34.360068366820293, 38.278251422351829 ], [ 34.360040286270731, 38.278278784884861 ], [ 34.3599885812772, 38.27826586582799 ] ] ] } },
{ "type": "Feature", "properties": { "Bina_ID": "Bina_433", "Net_Yukseklik": 7.76, "Gunes_Paneli_Sayisi": 77, "Yillik_Uretim_kWh": 40425.0 }, "geometry": { "type": "Polygon", "coordinates": [ [ [ 34.363796591652715, 38.278248694391806 ], [ 34.363731850703118, 38.278150311475116 ], [ 34.363782881920322, 38.278127187419884 ], [ 34.363810960981084, 38.278099824017573 ], [ 34.36385072680978, 38.27808584322274 ], [ 34.36387426898856, 38.278121618809344 ], [ 34.363909076523079, 38.278148251092183 ], [ 34.363921437713749, 38.278197675147538 ], [ 34.363904539705537, 38.278211390096565 ], [ 34.363813742561987, 38.278248495001719 ], [ 34.363796591652715, 38.278248694391806 ] ] ] } },
{ "type": "Feature", "properties": { "Bina_ID": "Bina_434", "Net_Yukseklik": 4.55, "Gunes_Paneli_Sayisi": 147, "Yillik_Uretim_kWh": 77175.0 }, "geometry": { "type": "Polygon", "coordinates": [ [ [ 34.369364995915596, 38.278188332567666 ], [ 34.369330609573304, 38.278184227796778 ], [ 34.369278226100043, 38.278135271496211 ], [ 34.369244009038688, 38.278140177041578 ], [ 34.36922063349904, 38.278113412924974 ], [ 34.369192133390207, 38.278118251727932 ], [ 34.369156139304017, 38.27802854864953 ], [ 34.369155123864189, 38.277974486592463 ], [ 34.369292330310692, 38.277972885144941 ], [ 34.369343274936526, 38.277945253534163 ], [ 34.369344544409799, 38.278012831100455 ], [ 34.36931066592927, 38.27803575734854 ], [ 34.369311004448093, 38.278053778032941 ], [ 34.369334210738096, 38.278071531789458 ], [ 34.369397012471318, 38.278066292544132 ], [ 34.369420303422423, 38.278088551453983 ], [ 34.36940963125862, 38.278129231464654 ], [ 34.369392565052486, 38.278133936843084 ], [ 34.369386594201103, 38.278120488065717 ], [ 34.36935868653233, 38.278156863105352 ], [ 34.369381638963858, 38.278161101338704 ], [ 34.369364995915596, 38.278188332567666 ] ] ] } },
{ "type": "Feature", "properties": { "Bina_ID": "Bina_435", "Net_Yukseklik": 11.29, "Gunes_Paneli_Sayisi": 93, "Yillik_Uretim_kWh": 48825.0 }, "geometry": { "type": "Polygon", "coordinates": [ [ [ 34.36308785574613, 38.27826594402179 ], [ 34.363052121768305, 38.278189754481154 ], [ 34.363051447821711, 38.278153713019037 ], [ 34.363068261736871, 38.278135493007241 ], [ 34.363176378518389, 38.278107199742955 ], [ 34.36319949911573, 38.278120449558237 ], [ 34.363228926462824, 38.278165169210986 ], [ 34.363235907248594, 38.278232680511707 ], [ 34.363150658196368, 38.278260708109599 ], [ 34.36308785574613, 38.27826594402179 ] ] ] } },
{ "type": "Feature", "properties": { "Bina_ID": "Bina_436", "Net_Yukseklik": 3.65, "Gunes_Paneli_Sayisi": 21, "Yillik_Uretim_kWh": 11025.0 }, "geometry": { "type": "Polygon", "coordinates": [ [ [ 34.362338932144439, 38.278274643758095 ], [ 34.362331783784889, 38.278198122020811 ], [ 34.362343049324267, 38.278188978869089 ], [ 34.362371465764191, 38.278179636537367 ], [ 34.362428719645742, 38.278183477773297 ], [ 34.362491437874361, 38.278173737030563 ], [ 34.362474792219452, 38.278200967330086 ], [ 34.362451924342537, 38.278201232921752 ], [ 34.362440321992722, 38.278192355348111 ], [ 34.362411737149507, 38.278192687328549 ], [ 34.362377856345844, 38.278215611615899 ], [ 34.362350366094979, 38.278274510973624 ], [ 34.362338932144439, 38.278274643758095 ] ] ] } },
{ "type": "Feature", "properties": { "Bina_ID": "Bina_437", "Net_Yukseklik": 3.0, "Gunes_Paneli_Sayisi": 11, "Yillik_Uretim_kWh": 5775.0 }, "geometry": { "type": "Polygon", "coordinates": [ [ [ 34.373155670247343, 38.278162047262448 ], [ 34.373121283737724, 38.278157943606651 ], [ 34.373115481932174, 38.278153505359846 ], [ 34.373075463351341, 38.27815397377109 ], [ 34.373063859747049, 38.278145097272493 ], [ 34.373040907128328, 38.278140859763639 ], [ 34.373040737407379, 38.278131849435653 ], [ 34.37310362373011, 38.278131113373689 ], [ 34.373109255803747, 38.278126541293432 ], [ 34.37315499130677, 38.278126005952331 ], [ 34.373155670247343, 38.278162047262448 ] ] ] } },
{ "type": "Feature", "properties": { "Bina_ID": "Bina_438", "Net_Yukseklik": 5.07, "Gunes_Paneli_Sayisi": 38, "Yillik_Uretim_kWh": 19950.0 }, "geometry": { "type": "Polygon", "coordinates": [ [ [ 34.358766070854486, 38.278329599919104 ], [ 34.358754384943559, 38.278316216782365 ], [ 34.358731349041584, 38.278307471268107 ], [ 34.358731013134701, 38.278289450505071 ], [ 34.35874244710471, 38.278289318072133 ], [ 34.358764895150728, 38.278266527249357 ], [ 34.358769688365321, 38.278216903933362 ], [ 34.358798189280684, 38.278212067649349 ], [ 34.358821225159794, 38.278220813151044 ], [ 34.358815928089086, 38.278243405324666 ], [ 34.358827530016505, 38.278252283264813 ], [ 34.358838963980226, 38.278252150822581 ], [ 34.358839467880024, 38.278279181966077 ], [ 34.358851069816069, 38.278288059903716 ], [ 34.35885140575261, 38.278306080665857 ], [ 34.358823240734445, 38.278328937725639 ], [ 34.358766070854486, 38.278329599919104 ] ] ] } },
{ "type": "Feature", "properties": { "Bina_ID": "Bina_439", "Net_Yukseklik": 9.72, "Gunes_Paneli_Sayisi": 488, "Yillik_Uretim_kWh": 256200.0 }, "geometry": { "type": "Polygon", "coordinates": [ [ [ 34.372572627036504, 38.278173376700188 ], [ 34.372348902888319, 38.278135438728285 ], [ 34.372279366654169, 38.278086684442222 ], [ 34.372159395782688, 38.278092593943107 ], [ 34.372123058872269, 38.27798487118018 ], [ 34.372219313764887, 38.277934177557022 ], [ 34.372181535144414, 38.277749866990085 ], [ 34.372335806909092, 38.277743556212201 ], [ 34.372412077606569, 38.27784630557624 ], [ 34.37244620946646, 38.277836893947693 ], [ 34.372422069480002, 38.277769583999451 ], [ 34.372462172684422, 38.277773620980369 ], [ 34.372452180852882, 38.277850342559745 ], [ 34.372521886624625, 38.277908107077636 ], [ 34.372669932738511, 38.277874831752207 ], [ 34.372579819327967, 38.277947984673077 ], [ 34.372541836751012, 38.278056576860351 ], [ 34.372490553998269, 38.278066189178226 ], [ 34.372437320304677, 38.277972182673992 ], [ 34.372352838653555, 38.27804076337685 ], [ 34.372399591964559, 38.278094290314655 ], [ 34.372473572844498, 38.278075400166045 ], [ 34.372479968385271, 38.278111374601089 ], [ 34.372560260011362, 38.278123953666771 ], [ 34.372572627036504, 38.278173376700188 ] ] ] } },
{ "type": "Feature", "properties": { "Bina_ID": "Bina_440", "Net_Yukseklik": 10.99, "Gunes_Paneli_Sayisi": 221, "Yillik_Uretim_kWh": 116025.0 }, "geometry": { "type": "Polygon", "coordinates": [ [ [ 34.365064577331559, 38.278170860250107 ], [ 34.365069703716308, 38.278139257472404 ], [ 34.36516109067108, 38.278133687860823 ], [ 34.365190181710666, 38.278160386283645 ], [ 34.365166132637953, 38.278097579900695 ], [ 34.365406497883455, 38.278108300953079 ], [ 34.365451895956674, 38.278089747901411 ], [ 34.365493602510824, 38.278179385655271 ], [ 34.365459469532908, 38.278188795279917 ], [ 34.365367323061022, 38.278153818519058 ], [ 34.365396498571116, 38.278185022067433 ], [ 34.365351437966694, 38.278221595812404 ], [ 34.365335215305599, 38.278271352389801 ], [ 34.365198598704886, 38.278304485470926 ], [ 34.365064577331559, 38.278170860250107 ] ] ] } },
{ "type": "Feature", "properties": { "Bina_ID": "Bina_441", "Net_Yukseklik": 7.15, "Gunes_Paneli_Sayisi": 68, "Yillik_Uretim_kWh": 35700.0 }, "geometry": { "type": "Polygon", "coordinates": [ [ [ 34.367891881668747, 38.278304654537244 ], [ 34.367868252939125, 38.278264374622637 ], [ 34.367855719991248, 38.278205940686838 ], [ 34.36787824965149, 38.27818765334726 ], [ 34.367872279072508, 38.278174204487733 ], [ 34.367917591985773, 38.278151145319278 ], [ 34.367963327603633, 38.278150612001582 ], [ 34.367964173072195, 38.278195663736923 ], [ 34.367987125443157, 38.278199902244438 ], [ 34.36798788637936, 38.278240448805519 ], [ 34.368005882753749, 38.278285300536687 ], [ 34.367891881668747, 38.278304654537244 ] ] ] } },
{ "type": "Feature", "properties": { "Bina_ID": "Bina_442", "Net_Yukseklik": 3.65, "Gunes_Paneli_Sayisi": 116, "Yillik_Uretim_kWh": 60900.0 }, "geometry": { "type": "Polygon", "coordinates": [ [ [ 34.369321291442276, 38.278296990534429 ], [ 34.369281526605114, 38.278310973165901 ], [ 34.369103200757756, 38.278254474444161 ], [ 34.369096806863496, 38.278218499794725 ], [ 34.369056365107191, 38.278196440978725 ], [ 34.369055857420868, 38.278169409949911 ], [ 34.369078555993354, 38.278160132728445 ], [ 34.369102269966262, 38.278204917559343 ], [ 34.369141357825249, 38.2781548936183 ], [ 34.369192894994335, 38.278158798269146 ], [ 34.369215593545306, 38.278149521021554 ], [ 34.369267384595673, 38.278166941153074 ], [ 34.369285127846169, 38.278198277160932 ], [ 34.369314135761599, 38.278220469360775 ], [ 34.369342805165608, 38.278224640869453 ], [ 34.369321291442276, 38.278296990534429 ] ] ] } },
{ "type": "Feature", "properties": { "Bina_ID": "Bina_443", "Net_Yukseklik": 3.19, "Gunes_Paneli_Sayisi": 13, "Yillik_Uretim_kWh": 6825.0 }, "geometry": { "type": "Polygon", "coordinates": [ [ [ 34.372586860400489, 38.27832191335591 ], [ 34.372586690734558, 38.278312903026496 ], [ 34.372597954974893, 38.278303758913879 ], [ 34.37259744597354, 38.278276727925643 ], [ 34.372619804768071, 38.278249429368074 ], [ 34.372636955614269, 38.27824922868826 ], [ 34.372637040450144, 38.278253733852914 ], [ 34.372654445808138, 38.278267048664425 ], [ 34.372654954830445, 38.278294079652071 ], [ 34.372643775435336, 38.278307728934614 ], [ 34.372632341528742, 38.278307862722272 ], [ 34.372609728218443, 38.27832164578826 ], [ 34.372586860400489, 38.27832191335591 ] ] ] } },
{ "type": "Feature", "properties": { "Bina_ID": "Bina_444", "Net_Yukseklik": 3.0, "Gunes_Paneli_Sayisi": 31, "Yillik_Uretim_kWh": 16275.0 }, "geometry": { "type": "Polygon", "coordinates": [ [ [ 34.371792118754499, 38.278326703398314 ], [ 34.371775052666841, 38.278331409121215 ], [ 34.371769250927123, 38.278326970806646 ], [ 34.371677694837778, 38.278323535229021 ], [ 34.371665752267802, 38.278296637923873 ], [ 34.37166532838809, 38.27827411209153 ], [ 34.37169963010566, 38.278273711008197 ], [ 34.371728045310263, 38.278264366431699 ], [ 34.37175091311839, 38.278264099031766 ], [ 34.371756884414985, 38.27827754768002 ], [ 34.371762347022354, 38.278263965330126 ], [ 34.371790762214687, 38.27825462073865 ], [ 34.371796648733749, 38.278263564218527 ], [ 34.371792118754499, 38.278326703398314 ] ] ] } },
{ "type": "Feature", "properties": { "Bina_ID": "Bina_445", "Net_Yukseklik": 11.55, "Gunes_Paneli_Sayisi": 117, "Yillik_Uretim_kWh": 61425.0 }, "geometry": { "type": "Polygon", "coordinates": [ [ [ 34.361987594227863, 38.278445451355402 ], [ 34.361951608768713, 38.278355745907909 ], [ 34.361968002124499, 38.278315000124984 ], [ 34.361961527558016, 38.278274519836366 ], [ 34.36209839824209, 38.278254906052496 ], [ 34.362110758230877, 38.278304330320445 ], [ 34.362134131265641, 38.27833109590091 ], [ 34.362123623356673, 38.278380785692519 ], [ 34.362130266398424, 38.278430276338227 ], [ 34.362101849829067, 38.27843961861354 ], [ 34.361987594227863, 38.278445451355402 ] ] ] } },
{ "type": "Feature", "properties": { "Bina_ID": "Bina_446", "Net_Yukseklik": 3.0, "Gunes_Paneli_Sayisi": 11, "Yillik_Uretim_kWh": 5775.0 }, "geometry": { "type": "Polygon", "coordinates": [ [ [ 34.365989566706673, 38.278403425745076 ], [ 34.365995114831563, 38.278394348820783 ], [ 34.366098189260427, 38.278402160864324 ], [ 34.366121226033009, 38.278410904914466 ], [ 34.366121394900489, 38.278419915268103 ], [ 34.366041357211245, 38.278420847311445 ], [ 34.366035724661771, 38.278425419060852 ], [ 34.366024290705127, 38.278425552204915 ], [ 34.366018489299357, 38.278421113599514 ], [ 34.365995621387164, 38.278421379883127 ], [ 34.36598981998344, 38.278416941276269 ], [ 34.365989566706673, 38.278403425745076 ] ] ] } },
{ "type": "Feature", "properties": { "Bina_ID": "Bina_447", "Net_Yukseklik": 5.78, "Gunes_Paneli_Sayisi": 91, "Yillik_Uretim_kWh": 47775.0 }, "geometry": { "type": "Polygon", "coordinates": [ [ [ 34.363343615624473, 38.27848828000419 ], [ 34.363315030675977, 38.278488612206843 ], [ 34.363291657162364, 38.278461846871444 ], [ 34.363222884799036, 38.278453633750821 ], [ 34.363209175972244, 38.278332126698778 ], [ 34.363231791118245, 38.278318345411833 ], [ 34.363283412422994, 38.278326757845214 ], [ 34.363346214908304, 38.27832152182765 ], [ 34.363357817386792, 38.27833039930902 ], [ 34.363369756922097, 38.278357297517317 ], [ 34.363370262503643, 38.278384328609405 ], [ 34.363359081329641, 38.278397977039667 ], [ 34.36336580947372, 38.278451972781475 ], [ 34.363343615624473, 38.27848828000419 ] ] ] } },
{ "type": "Feature", "properties": { "Bina_ID": "Bina_448", "Net_Yukseklik": 4.43, "Gunes_Paneli_Sayisi": 12, "Yillik_Uretim_kWh": 6300.0 }, "geometry": { "type": "Polygon", "coordinates": [ [ [ 34.368322937323939, 38.278421293724605 ], [ 34.368322768184363, 38.278412283379268 ], [ 34.368316966643135, 38.278407844890168 ], [ 34.368316712935041, 38.278394329372084 ], [ 34.368333779275844, 38.278389624147955 ], [ 34.368339411675123, 38.278385052290922 ], [ 34.368339327104422, 38.27838054711826 ], [ 34.368367911950628, 38.278380213692358 ], [ 34.36837371349263, 38.278384652178936 ], [ 34.368390948975033, 38.27838895729176 ], [ 34.368391287270818, 38.278406977981987 ], [ 34.368380022474902, 38.278416121700673 ], [ 34.368380191621561, 38.278425132045797 ], [ 34.368374474648867, 38.278425198732208 ], [ 34.368357492874587, 38.278434409134924 ], [ 34.368340341954095, 38.278434609190015 ], [ 34.368322937323939, 38.278421293724605 ] ] ] } },
{ "type": "Feature", "properties": { "Bina_ID": "Bina_449", "Net_Yukseklik": 6.79, "Gunes_Paneli_Sayisi": 115, "Yillik_Uretim_kWh": 60375.0 }, "geometry": { "type": "Polygon", "coordinates": [ [ [ 34.363155123457069, 38.278499482777669 ], [ 34.363035066642354, 38.27850087778949 ], [ 34.363027664796086, 38.27841084056373 ], [ 34.36299327864932, 38.278406733930346 ], [ 34.362981591962054, 38.278393351229695 ], [ 34.363021105390651, 38.278365855162747 ], [ 34.363015135684911, 38.278352406039858 ], [ 34.362992436246067, 38.278361682103203 ], [ 34.362991088404776, 38.278289599179033 ], [ 34.363002522354563, 38.278289466330953 ], [ 34.363008997499094, 38.278329946551167 ], [ 34.363048932101243, 38.278324976388866 ], [ 34.363077011516822, 38.278297613156553 ], [ 34.363111313368499, 38.278297214583795 ], [ 34.363140235241119, 38.278314903162176 ], [ 34.363164451159705, 38.278386720354383 ], [ 34.363155123457069, 38.278499482777669 ] ] ] } },
{ "type": "Feature", "properties": { "Bina_ID": "Bina_450", "Net_Yukseklik": 8.53, "Gunes_Paneli_Sayisi": 79, "Yillik_Uretim_kWh": 41475.0 }, "geometry": { "type": "Polygon", "coordinates": [ [ [ 34.372749056197463, 38.278432669397681 ], [ 34.372714415055448, 38.278415050131663 ], [ 34.372742236277354, 38.278374169160465 ], [ 34.372719283602876, 38.27836993158985 ], [ 34.37269539769337, 38.278316137205366 ], [ 34.372723897620773, 38.278311297554247 ], [ 34.372728426791149, 38.278248158353556 ], [ 34.372773653312102, 38.278220592172964 ], [ 34.372767427303103, 38.278193628086434 ], [ 34.372801728966962, 38.278193226681623 ], [ 34.372830822772485, 38.278219923155945 ], [ 34.372808464066928, 38.278247221752203 ], [ 34.372803934966022, 38.278310360954706 ], [ 34.372816047649344, 38.278346268464439 ], [ 34.37280563189708, 38.278400464240008 ], [ 34.372783357974065, 38.278432267996124 ], [ 34.372749056197463, 38.278432669397681 ] ] ] } },
{ "type": "Feature", "properties": { "Bina_ID": "Bina_451", "Net_Yukseklik": 9.03, "Gunes_Paneli_Sayisi": 262, "Yillik_Uretim_kWh": 137550.0 }, "geometry": { "type": "Polygon", "coordinates": [ [ [ 34.368524722997662, 38.278509063068128 ], [ 34.368483858345016, 38.278464478194103 ], [ 34.368405224346446, 38.278235581361265 ], [ 34.368672737069453, 38.278169374331547 ], [ 34.368673075432227, 38.278187395020325 ], [ 34.368536968117439, 38.278247562992725 ], [ 34.368606079137521, 38.278273793679212 ], [ 34.368662910377992, 38.278255106003449 ], [ 34.368641734324811, 38.278345476244723 ], [ 34.36867696662582, 38.278394632937186 ], [ 34.368763651734483, 38.278443189281759 ], [ 34.368649988987904, 38.278480564707245 ], [ 34.368639062572349, 38.278507729138333 ], [ 34.368615856305418, 38.278489975244973 ], [ 34.368524722997662, 38.278509063068128 ] ] ] } },
{ "type": "Feature", "properties": { "Bina_ID": "Bina_452", "Net_Yukseklik": 3.31, "Gunes_Paneli_Sayisi": 11, "Yillik_Uretim_kWh": 5775.0 }, "geometry": { "type": "Polygon", "coordinates": [ [ [ 34.365483118749594, 38.278535494357754 ], [ 34.365482949960303, 38.278526484001901 ], [ 34.365522968872696, 38.278526018176436 ], [ 34.365528601462664, 38.278521446450974 ], [ 34.365637308617302, 38.278524687171341 ], [ 34.36563192924563, 38.278542774434818 ], [ 34.365620495268644, 38.27854290753988 ], [ 34.365614693877312, 38.278538468914306 ], [ 34.365591825924454, 38.278538735119902 ], [ 34.365586193337244, 38.278543306848341 ], [ 34.365517589472404, 38.278544105435202 ], [ 34.365505986702473, 38.278535228173354 ], [ 34.365483118749594, 38.278535494357754 ] ] ] } },
{ "type": "Feature", "properties": { "Bina_ID": "Bina_453", "Net_Yukseklik": 7.91, "Gunes_Paneli_Sayisi": 360, "Yillik_Uretim_kWh": 189000.0 }, "geometry": { "type": "Polygon", "coordinates": [ [ [ 34.370146904644621, 38.278413522949592 ], [ 34.370190353887835, 38.278291349191427 ], [ 34.370165368977339, 38.278178987053934 ], [ 34.370354367066341, 38.278194804064064 ], [ 34.370280978307733, 38.27824522907212 ], [ 34.370265267164754, 38.278322017282505 ], [ 34.37035076747965, 38.278307500070817 ], [ 34.370363048352772, 38.278352418194437 ], [ 34.370411621262633, 38.278198641395115 ], [ 34.370646100912246, 38.27820040813679 ], [ 34.370549251592422, 38.278219564313559 ], [ 34.370511011726592, 38.278314640392182 ], [ 34.370603330171335, 38.278358623397679 ], [ 34.370571061405322, 38.278467148203802 ], [ 34.370432922398919, 38.278419194308626 ], [ 34.37040569273919, 38.27849161093738 ], [ 34.370371390900509, 38.278492011644353 ], [ 34.370353308331119, 38.278442655137212 ], [ 34.370146904644621, 38.278413522949592 ] ] ] } },
{ "type": "Feature", "properties": { "Bina_ID": "Bina_454", "Net_Yukseklik": 5.13, "Gunes_Paneli_Sayisi": 204, "Yillik_Uretim_kWh": 107100.0 }, "geometry": { "type": "Polygon", "coordinates": [ [ [ 34.364082540369317, 38.278556294838729 ], [ 34.364058407796847, 38.278488983036709 ], [ 34.363954911909254, 38.278458643294726 ], [ 34.363958942891841, 38.278368473206086 ], [ 34.364038306154335, 38.278331501138119 ], [ 34.36411254252755, 38.278326131760942 ], [ 34.364135831981812, 38.278348391747912 ], [ 34.364140031360066, 38.278267232017015 ], [ 34.364208635003777, 38.278266434240471 ], [ 34.364237641439068, 38.278288627724038 ], [ 34.364277238644767, 38.278265636423804 ], [ 34.364311709107199, 38.278274247861106 ], [ 34.36431221503647, 38.278301278942976 ], [ 34.364249834242493, 38.2783290413782 ], [ 34.364222008212586, 38.278369920424375 ], [ 34.364142139137449, 38.278379861532159 ], [ 34.364154163280631, 38.278411264835341 ], [ 34.36416525999261, 38.278393111151566 ], [ 34.364188296541855, 38.27840185558577 ], [ 34.364195025299288, 38.278455851268461 ], [ 34.364132897261513, 38.278497129185453 ], [ 34.364151144286673, 38.278555497090721 ], [ 34.364082540369317, 38.278556294838729 ] ] ] } },
{ "type": "Feature", "properties": { "Bina_ID": "Bina_455", "Net_Yukseklik": 6.21, "Gunes_Paneli_Sayisi": 79, "Yillik_Uretim_kWh": 41475.0 }, "geometry": { "type": "Polygon", "coordinates": [ [ [ 34.360310161495072, 38.27864516110219 ], [ 34.360274850562455, 38.278591496607568 ], [ 34.360261735110335, 38.278501525436631 ], [ 34.360301585947276, 38.278492051016904 ], [ 34.360364472915151, 38.278491321776961 ], [ 34.360382296540905, 38.278527164387583 ], [ 34.36040541678237, 38.278540414759711 ], [ 34.360417439355544, 38.278571818474738 ], [ 34.360412226841063, 38.278598915897739 ], [ 34.360429798269934, 38.278621242937525 ], [ 34.360390031461066, 38.278635222589024 ], [ 34.360310161495072, 38.27864516110219 ] ] ] } },
{ "type": "Feature", "properties": { "Bina_ID": "Bina_456", "Net_Yukseklik": 3.0, "Gunes_Paneli_Sayisi": 36, "Yillik_Uretim_kWh": 18900.0 }, "geometry": { "type": "Polygon", "coordinates": [ [ [ 34.372339300824081, 38.278536599065347 ], [ 34.372299197204079, 38.278532562050714 ], [ 34.372230169484091, 38.278510838736352 ], [ 34.372229745426736, 38.278488312910135 ], [ 34.372241009739341, 38.278479168830728 ], [ 34.37225824545547, 38.278483473370464 ], [ 34.372264386491295, 38.278505932320648 ], [ 34.372292716893639, 38.278492082442213 ], [ 34.372269679391401, 38.278483339618745 ], [ 34.372269424949856, 38.278469824123185 ], [ 34.372280774069075, 38.278465185205263 ], [ 34.372280434811195, 38.278447164544531 ], [ 34.372297331259972, 38.278433448417978 ], [ 34.372320283932538, 38.278437686071214 ], [ 34.372343491062615, 38.278455439215115 ], [ 34.372377877676229, 38.278459543096915 ], [ 34.372339300824081, 38.278536599065347 ] ] ] } },
{ "type": "Feature", "properties": { "Bina_ID": "Bina_457", "Net_Yukseklik": 3.0, "Gunes_Paneli_Sayisi": 24, "Yillik_Uretim_kWh": 12600.0 }, "geometry": { "type": "Polygon", "coordinates": [ [ [ 34.369532773182996, 38.278596434409693 ], [ 34.369446933790613, 38.27859293035219 ], [ 34.369441132167886, 38.278588491920388 ], [ 34.369383962337338, 38.278589159291194 ], [ 34.369383793065616, 38.278580148950113 ], [ 34.369400944012867, 38.278579948741857 ], [ 34.369423558027414, 38.278566166282197 ], [ 34.369417248581307, 38.278534696826092 ], [ 34.369468701389735, 38.278534096179733 ], [ 34.369497709496443, 38.278556288329355 ], [ 34.369520577417489, 38.278556021362405 ], [ 34.369532773182996, 38.278596434409693 ] ] ] } },
{ "type": "Feature", "properties": { "Bina_ID": "Bina_458", "Net_Yukseklik": 5.7, "Gunes_Paneli_Sayisi": 127, "Yillik_Uretim_kWh": 66675.0 }, "geometry": { "type": "Polygon", "coordinates": [ [ [ 34.362375432030738, 38.278697799072042 ], [ 34.362389972735336, 38.278557939194449 ], [ 34.362372232325811, 38.278526602091496 ], [ 34.36234944854678, 38.278531372848882 ], [ 34.362354828736869, 38.278513285720685 ], [ 34.362371895516347, 38.278508581356391 ], [ 34.362360124722848, 38.278490693408408 ], [ 34.362417042028582, 38.278476513910242 ], [ 34.362525749064687, 38.278479757518333 ], [ 34.36256165107681, 38.278564957590071 ], [ 34.362551480286612, 38.278632668146635 ], [ 34.362408976234342, 38.278656854048648 ], [ 34.362409649875481, 38.278692895517331 ], [ 34.362375432030738, 38.278697799072042 ] ] ] } },
{ "type": "Feature", "properties": { "Bina_ID": "Bina_459", "Net_Yukseklik": 8.91, "Gunes_Paneli_Sayisi": 397, "Yillik_Uretim_kWh": 208425.0 }, "geometry": { "type": "Polygon", "coordinates": [ [ [ 34.369349575804343, 38.278585054529707 ], [ 34.369286688991188, 38.278585788586945 ], [ 34.369270299701682, 38.278626535315198 ], [ 34.369104337852093, 38.278619460031976 ], [ 34.36896619946674, 38.27857150439786 ], [ 34.36882941488286, 38.278595631342966 ], [ 34.368786181233169, 38.278424901771388 ], [ 34.368928174840939, 38.278373677139349 ], [ 34.368882269893163, 38.278365200492452 ], [ 34.368840728297194, 38.278284574370254 ], [ 34.36900021090716, 38.278251170214858 ], [ 34.368983567695203, 38.278278401392356 ], [ 34.369029895664099, 38.278309403857698 ], [ 34.3690140985737, 38.278381686753349 ], [ 34.369043952626789, 38.278448930732793 ], [ 34.369084140670957, 38.278457474035967 ], [ 34.369079269864329, 38.278502592468705 ], [ 34.369250609913813, 38.278491580380191 ], [ 34.369268776383336, 38.278545442241551 ], [ 34.369315020011761, 38.278571939416707 ], [ 34.369337295509091, 38.278540136290694 ], [ 34.369349575804343, 38.278585054529707 ] ] ] } },
{ "type": "Feature", "properties": { "Bina_ID": "Bina_460", "Net_Yukseklik": 5.3, "Gunes_Paneli_Sayisi": 180, "Yillik_Uretim_kWh": 94500.0 }, "geometry": { "type": "Polygon", "coordinates": [ [ [ 34.363936343218015, 38.278688673397241 ], [ 34.36381637042296, 38.278694574395153 ], [ 34.363765408482678, 38.278415784872841 ], [ 34.363811144345775, 38.278415253170557 ], [ 34.363817619951384, 38.278455733336649 ], [ 34.36391480871017, 38.278454603403752 ], [ 34.363962483507422, 38.278557690801236 ], [ 34.364013767841406, 38.278548082185289 ], [ 34.364031593259881, 38.27858392420714 ], [ 34.364036467201629, 38.278538805925933 ], [ 34.364071274997812, 38.278565438153919 ], [ 34.364021086618457, 38.278633614143082 ], [ 34.363992080107032, 38.27861142060857 ], [ 34.36392910883162, 38.278607646613963 ], [ 34.363936343218015, 38.278688673397241 ] ] ] } },
{ "type": "Feature", "properties": { "Bina_ID": "Bina_461", "Net_Yukseklik": 4.26, "Gunes_Paneli_Sayisi": 71, "Yillik_Uretim_kWh": 37275.0 }, "geometry": { "type": "Polygon", "coordinates": [ [ [ 34.361952710066802, 38.278720732229658 ], [ 34.361922441508369, 38.278630960405238 ], [ 34.361939592520955, 38.278630761287431 ], [ 34.361945056996184, 38.278617179360801 ], [ 34.362070578507499, 38.278602203528671 ], [ 34.362105554006341, 38.278637846721047 ], [ 34.362106059124244, 38.278664877826081 ], [ 34.362094793482683, 38.278674020956245 ], [ 34.362089581587931, 38.278701118441802 ], [ 34.362061080724772, 38.2787059555247 ], [ 34.362032832403635, 38.278724308153507 ], [ 34.362004247346995, 38.27872464003854 ], [ 34.361986927954426, 38.278715828797537 ], [ 34.361952710066802, 38.278720732229658 ] ] ] } },
{ "type": "Feature", "properties": { "Bina_ID": "Bina_462", "Net_Yukseklik": 9.02, "Gunes_Paneli_Sayisi": 15, "Yillik_Uretim_kWh": 7875.0 }, "geometry": { "type": "Polygon", "coordinates": [ [ [ 34.371289072735273, 38.278639003538721 ], [ 34.371271921787688, 38.278639204023229 ], [ 34.37123164865875, 38.278626156309606 ], [ 34.371231563908594, 38.278621651142586 ], [ 34.37121424346654, 38.278612841284485 ], [ 34.371214073968481, 38.278603830950324 ], [ 34.371196584036973, 38.278586010755248 ], [ 34.37119632979342, 38.278572495253862 ], [ 34.371201962022759, 38.278567923262628 ], [ 34.371213395976987, 38.278567789613597 ], [ 34.371219197703297, 38.278572227955749 ], [ 34.371242150363521, 38.27857646582023 ], [ 34.371253753821676, 38.278585342501295 ], [ 34.371253838573097, 38.2785898476683 ], [ 34.371282762479431, 38.278607534198642 ], [ 34.371289072735273, 38.278639003538721 ] ] ] } },
{ "type": "Feature", "properties": { "Bina_ID": "Bina_463", "Net_Yukseklik": 3.0, "Gunes_Paneli_Sayisi": 12, "Yillik_Uretim_kWh": 6300.0 }, "geometry": { "type": "Polygon", "coordinates": [ [ [ 34.373170298432456, 38.278635022516269 ], [ 34.373158864477048, 38.278635156356202 ], [ 34.373152977761507, 38.278626212948943 ], [ 34.373135826830328, 38.278626413705865 ], [ 34.3731242231419, 38.278617537215496 ], [ 34.373084204306501, 38.278618005634492 ], [ 34.373083864848184, 38.278599984980325 ], [ 34.373089496958421, 38.278595412900664 ], [ 34.373100930907924, 38.278595279067602 ], [ 34.373123629072737, 38.278586001071176 ], [ 34.373169279993931, 38.278580960555672 ], [ 34.373170298432456, 38.278635022516269 ] ] ] } },
{ "type": "Feature", "properties": { "Bina_ID": "Bina_464", "Net_Yukseklik": 3.0, "Gunes_Paneli_Sayisi": 19, "Yillik_Uretim_kWh": 9975.0 }, "geometry": { "type": "Polygon", "coordinates": [ [ [ 34.370409165402521, 38.278676322850593 ], [ 34.370369146489331, 38.278676790344157 ], [ 34.37035182613436, 38.278667980357064 ], [ 34.370300288557722, 38.278664076223698 ], [ 34.370288685200009, 38.278655199446476 ], [ 34.370288346432226, 38.278637178771319 ], [ 34.370299356938851, 38.278614519367167 ], [ 34.370316338500494, 38.278605308687403 ], [ 34.370327772464826, 38.278605175124561 ], [ 34.370339460514032, 38.278618557066778 ], [ 34.370403279016742, 38.278667379299115 ], [ 34.370408996003569, 38.278667312513505 ], [ 34.370409165402521, 38.278676322850593 ] ] ] } },
{ "type": "Feature", "properties": { "Bina_ID": "Bina_465", "Net_Yukseklik": 3.0, "Gunes_Paneli_Sayisi": 20, "Yillik_Uretim_kWh": 10500.0 }, "geometry": { "type": "Polygon", "coordinates": [ [ [ 34.372793062711025, 38.278643943809996 ], [ 34.372792893017646, 38.278634933481854 ], [ 34.372832827018094, 38.278629959998035 ], [ 34.372844091274622, 38.278620815861927 ], [ 34.372843921575083, 38.278611805533941 ], [ 34.372935647765203, 38.278624250520835 ], [ 34.372930185353191, 38.278637832920943 ], [ 34.372918751396206, 38.278637966737485 ], [ 34.372890421061555, 38.278651816765603 ], [ 34.372890675619878, 38.278665332257212 ], [ 34.372862090716012, 38.278665666787056 ], [ 34.372856458585865, 38.278670238856122 ], [ 34.372822071849789, 38.278666135117142 ], [ 34.372821987001238, 38.278661629953149 ], [ 34.372804751211866, 38.278657325497797 ], [ 34.372793062711025, 38.278643943809996 ] ] ] } },
{ "type": "Feature", "properties": { "Bina_ID": "Bina_466", "Net_Yukseklik": 3.0, "Gunes_Paneli_Sayisi": 59, "Yillik_Uretim_kWh": 30975.0 }, "geometry": { "type": "Polygon", "coordinates": [ [ [ 34.370541079649065, 38.278697312545674 ], [ 34.370460872397643, 38.278689237272708 ], [ 34.370420599377546, 38.278676189278499 ], [ 34.370436395122226, 38.27860390622201 ], [ 34.370396037455457, 38.278586353049612 ], [ 34.370406455028416, 38.278532157455437 ], [ 34.370481114531927, 38.278549309895418 ], [ 34.370458924239905, 38.278585618397791 ], [ 34.370464980030931, 38.278603572283586 ], [ 34.370499366625609, 38.278607676716703 ], [ 34.370562761678528, 38.278633973018913 ], [ 34.370541079649065, 38.278697312545674 ] ] ] } },
{ "type": "Feature", "properties": { "Bina_ID": "Bina_467", "Net_Yukseklik": 3.54, "Gunes_Paneli_Sayisi": 58, "Yillik_Uretim_kWh": 30450.0 }, "geometry": { "type": "Polygon", "coordinates": [ [ [ 34.36863033546949, 38.278652028039353 ], [ 34.36874408308789, 38.278619157800485 ], [ 34.368773344808957, 38.278654865647468 ], [ 34.368779653990046, 38.278686335142609 ], [ 34.368831106919217, 38.278685734773859 ], [ 34.368825897537427, 38.278712832511644 ], [ 34.368803367962116, 38.278731120030265 ], [ 34.368774782983529, 38.278731453564816 ], [ 34.368768642996429, 38.278708994412909 ], [ 34.368728708633604, 38.278713966518943 ], [ 34.368689028044933, 38.278732454126718 ], [ 34.368660443064456, 38.278732787633423 ], [ 34.36863033546949, 38.278652028039353 ] ] ] } },
{ "type": "Feature", "properties": { "Bina_ID": "Bina_468", "Net_Yukseklik": 3.05, "Gunes_Paneli_Sayisi": 13, "Yillik_Uretim_kWh": 6825.0 }, "geometry": { "type": "Polygon", "coordinates": [ [ [ 34.371021476121548, 38.278700711350865 ], [ 34.371021052434756, 38.278678185513996 ], [ 34.371032316931149, 38.278669041547523 ], [ 34.371049467887481, 38.278668841097911 ], [ 34.371055100133503, 38.278664269113492 ], [ 34.37110083601322, 38.27866373456677 ], [ 34.371106468255562, 38.278659162579949 ], [ 34.371140685417693, 38.278654256489432 ], [ 34.37114085490699, 38.278663266823784 ], [ 34.371129505681402, 38.27866790563322 ], [ 34.37110663774066, 38.278668172914415 ], [ 34.371095373253944, 38.278677316887837 ], [ 34.371095627479725, 38.278690832389557 ], [ 34.371090079975936, 38.278699909543136 ], [ 34.371072929012591, 38.27870010999883 ], [ 34.371044513550984, 38.278709454420728 ], [ 34.371033079573728, 38.278709588053715 ], [ 34.371021476121548, 38.278700711350865 ] ] ] } },
{ "type": "Feature", "properties": { "Bina_ID": "Bina_469", "Net_Yukseklik": 5.38, "Gunes_Paneli_Sayisi": 122, "Yillik_Uretim_kWh": 64050.0 }, "geometry": { "type": "Polygon", "coordinates": [ [ [ 34.371821599892698, 38.278677838934748 ], [ 34.371826892941534, 38.278655246250651 ], [ 34.37189524235626, 38.278640928475518 ], [ 34.371888931839464, 38.278609459173005 ], [ 34.371910951833812, 38.278564140081933 ], [ 34.371887659980629, 38.278541881685591 ], [ 34.371898415598871, 38.278505706643045 ], [ 34.372019065566413, 38.278535838721268 ], [ 34.372053791405612, 38.278557963359901 ], [ 34.372099018378336, 38.278530397432441 ], [ 34.372105583389576, 38.278575382218754 ], [ 34.372083817922643, 38.278634216840324 ], [ 34.371946949569548, 38.278653842238093 ], [ 34.371964863676084, 38.278694188145309 ], [ 34.371931070526209, 38.278721620303756 ], [ 34.371913919563802, 38.278721820882481 ], [ 34.371912902053772, 38.278667758894215 ], [ 34.371878939315096, 38.27868618070643 ], [ 34.371821599892698, 38.278677838934748 ] ] ] } },
{ "type": "Feature", "properties": { "Bina_ID": "Bina_470", "Net_Yukseklik": 6.23, "Gunes_Paneli_Sayisi": 133, "Yillik_Uretim_kWh": 69825.0 }, "geometry": { "type": "Polygon", "coordinates": [ [ [ 34.363657727085105, 38.278773023374086 ], [ 34.363600472692795, 38.278769182748356 ], [ 34.363612833793184, 38.278818606833092 ], [ 34.363572646133406, 38.278810061647448 ], [ 34.363538933974738, 38.278841996629012 ], [ 34.363418455275223, 38.278820866136201 ], [ 34.363375318356319, 38.278654639523204 ], [ 34.363517990595255, 38.278639462816272 ], [ 34.363541954175517, 38.278697764373334 ], [ 34.363536827094322, 38.278729367094463 ], [ 34.363594587124396, 38.278760238839773 ], [ 34.363651672945089, 38.278755069106147 ], [ 34.363657727085105, 38.278773023374086 ] ] ] } },
{ "type": "Feature", "properties": { "Bina_ID": "Bina_471", "Net_Yukseklik": 6.71, "Gunes_Paneli_Sayisi": 104, "Yillik_Uretim_kWh": 54600.0 }, "geometry": { "type": "Polygon", "coordinates": [ [ [ 34.371703069250472, 38.27876033580899 ], [ 34.371571324137285, 38.278748357762055 ], [ 34.371581825624624, 38.278698667247298 ], [ 34.371541382871293, 38.27867660930908 ], [ 34.371540874254883, 38.278649578310585 ], [ 34.371569204855028, 38.278635728603604 ], [ 34.371585592851403, 38.278594981578358 ], [ 34.371682866258361, 38.278598350373798 ], [ 34.371734658187627, 38.278615769397462 ], [ 34.371752741732557, 38.278665125671779 ], [ 34.37174744866001, 38.278687718352941 ], [ 34.371719287636203, 38.278710578434683 ], [ 34.371616297091471, 38.278707276517139 ], [ 34.371696674025237, 38.278724361329324 ], [ 34.371703069250472, 38.27876033580899 ] ] ] } },
{ "type": "Feature", "properties": { "Bina_ID": "Bina_472", "Net_Yukseklik": 5.74, "Gunes_Paneli_Sayisi": 64, "Yillik_Uretim_kWh": 33600.0 }, "geometry": { "type": "Polygon", "coordinates": [ [ [ 34.370243796202629, 38.278700785365018 ], [ 34.370260693100946, 38.278687069524111 ], [ 34.370294995032985, 38.27868666884779 ], [ 34.370352588398447, 38.278708526874809 ], [ 34.370363598895025, 38.278685867465086 ], [ 34.370397900825026, 38.278685466758695 ], [ 34.370404041309421, 38.278707925815986 ], [ 34.3704328803625, 38.278721107390083 ], [ 34.370444737853674, 38.278743499657701 ], [ 34.370467690527704, 38.278747737673434 ], [ 34.370518635225181, 38.278720105553901 ], [ 34.370541842019207, 38.278737859060001 ], [ 34.370564455859437, 38.278724076383853 ], [ 34.370576059261126, 38.278732953132867 ], [ 34.370559416540168, 38.278760184522781 ], [ 34.370496360197528, 38.278751908894655 ], [ 34.370473746335549, 38.278765691558007 ], [ 34.370388160814599, 38.278775703699388 ], [ 34.37034191667729, 38.278749206958011 ], [ 34.370273482137705, 38.278759018666626 ], [ 34.370243796202629, 38.278700785365018 ] ] ] } },
{ "type": "Feature", "properties": { "Bina_ID": "Bina_473", "Net_Yukseklik": 3.0, "Gunes_Paneli_Sayisi": 37, "Yillik_Uretim_kWh": 19425.0 }, "geometry": { "type": "Polygon", "coordinates": [ [ [ 34.370656859576357, 38.278772564501914 ], [ 34.370673248115139, 38.278731817594888 ], [ 34.370736050297914, 38.278726577624255 ], [ 34.370781955668214, 38.278735053536778 ], [ 34.370787079598486, 38.278703450558062 ], [ 34.370820957905678, 38.278680523888951 ], [ 34.370832391879397, 38.278680390276719 ], [ 34.370878890330609, 38.278720402325362 ], [ 34.370879059787953, 38.278729412660603 ], [ 34.370862078271458, 38.278738623420857 ], [ 34.370787587936398, 38.27873048156485 ], [ 34.370765397746396, 38.278766790122262 ], [ 34.370731095783412, 38.278767190936811 ], [ 34.370714283676229, 38.278785412011871 ], [ 34.370691415694651, 38.278785679212838 ], [ 34.370656859576357, 38.278772564501914 ] ] ] } },
{ "type": "Feature", "properties": { "Bina_ID": "Bina_474", "Net_Yukseklik": 8.03, "Gunes_Paneli_Sayisi": 32, "Yillik_Uretim_kWh": 16800.0 }, "geometry": { "type": "Polygon", "coordinates": [ [ [ 34.371543417343744, 38.278784733301727 ], [ 34.371509115383503, 38.278785134343892 ], [ 34.371474643891254, 38.278776525043121 ], [ 34.371468757367872, 38.278767581547882 ], [ 34.371467824951303, 38.278718024716476 ], [ 34.371444617943716, 38.278700271397661 ], [ 34.371449741583781, 38.278668668395269 ], [ 34.371489675708169, 38.27866369536671 ], [ 34.371512882714534, 38.278681448676735 ], [ 34.371525333907464, 38.278735376994 ], [ 34.3715426544153, 38.27874418680473 ], [ 34.371543417343744, 38.278784733301727 ] ] ] } },
{ "type": "Feature", "properties": { "Bina_ID": "Bina_475", "Net_Yukseklik": 4.58, "Gunes_Paneli_Sayisi": 46, "Yillik_Uretim_kWh": 24150.0 }, "geometry": { "type": "Polygon", "coordinates": [ [ [ 34.37207518244319, 38.278783021031721 ], [ 34.372052314475397, 38.278783288497905 ], [ 34.372046427881443, 38.278774345033 ], [ 34.372029192107561, 38.278770040463414 ], [ 34.372000691950447, 38.278774879949601 ], [ 34.371971937400254, 38.278766203932392 ], [ 34.371987646819683, 38.27868941553114 ], [ 34.37201017556486, 38.278671127416061 ], [ 34.372033043497865, 38.278670859958751 ], [ 34.372044731865941, 38.278684241724783 ], [ 34.372073401589248, 38.278688412559319 ], [ 34.372102240923979, 38.278701593717457 ], [ 34.372108805955826, 38.27874657850198 ], [ 34.372086022803124, 38.278751351139825 ], [ 34.37207518244319, 38.278783021031721 ] ] ] } },
{ "type": "Feature", "properties": { "Bina_ID": "Bina_476", "Net_Yukseklik": 5.26, "Gunes_Paneli_Sayisi": 139, "Yillik_Uretim_kWh": 72975.0 }, "geometry": { "type": "Polygon", "coordinates": [ [ [ 34.369411062157873, 38.278814150866545 ], [ 34.369375152070376, 38.278728953047676 ], [ 34.369426351100088, 38.278714836906154 ], [ 34.369454258939832, 38.27867846185039 ], [ 34.369493939297556, 38.278659973987772 ], [ 34.369493177512332, 38.278619427455112 ], [ 34.369544545733042, 38.278614321604138 ], [ 34.36959188993908, 38.278699385878681 ], [ 34.369671758507401, 38.278689441067812 ], [ 34.369689925339955, 38.278743302855396 ], [ 34.369439731801286, 38.278818322346616 ], [ 34.369411062157873, 38.278814150866545 ] ] ] } },
{ "type": "Feature", "properties": { "Bina_ID": "Bina_477", "Net_Yukseklik": 3.0, "Gunes_Paneli_Sayisi": 11, "Yillik_Uretim_kWh": 5775.0 }, "geometry": { "type": "Polygon", "coordinates": [ [ [ 34.363276878028756, 38.278894610092181 ], [ 34.363254009941919, 38.278894875844216 ], [ 34.363242407383815, 38.278885998354866 ], [ 34.363242154612124, 38.27887248280927 ], [ 34.363264769916292, 38.27885870151416 ], [ 34.363264517140692, 38.278845185968635 ], [ 34.363247029057497, 38.278827364553521 ], [ 34.363229793751692, 38.278823058681382 ], [ 34.363223908223667, 38.278814114753509 ], [ 34.363223486944406, 38.278791588843724 ], [ 34.363240637985484, 38.278791389535023 ], [ 34.363258294574287, 38.27881822131517 ], [ 34.363269897123232, 38.278827098803227 ], [ 34.363287132432184, 38.278831404669404 ], [ 34.363287469471778, 38.27884942539665 ], [ 34.363276203954022, 38.278858568637759 ], [ 34.363276878028756, 38.278894610092181 ] ] ] } },
{ "type": "Feature", "properties": { "Bina_ID": "Bina_478", "Net_Yukseklik": 8.84, "Gunes_Paneli_Sayisi": 32, "Yillik_Uretim_kWh": 16800.0 }, "geometry": { "type": "Polygon", "coordinates": [ [ [ 34.371217887693163, 38.27880656346516 ], [ 34.371217718193478, 38.278797553131312 ], [ 34.371188794225638, 38.278779866586632 ], [ 34.371188370485953, 38.278757340751639 ], [ 34.371205267215167, 38.278743624777881 ], [ 34.371228219928945, 38.278747862643947 ], [ 34.371239145405433, 38.278720697990259 ], [ 34.371267645597648, 38.2787158586885 ], [ 34.371256126868516, 38.278711487176345 ], [ 34.371255872612785, 38.278697971675577 ], [ 34.371284203287708, 38.278684122036182 ], [ 34.371272515057015, 38.278670740191735 ], [ 34.371283610013052, 38.278652585867917 ], [ 34.371312279685931, 38.278656756889575 ], [ 34.3713406950909, 38.278647412403764 ], [ 34.37134683586077, 38.278669871406436 ], [ 34.371318589959387, 38.278688226227487 ], [ 34.371285135578333, 38.278733678871689 ], [ 34.371267815103018, 38.278724869022284 ], [ 34.371262182866076, 38.278729441016708 ], [ 34.371263030390686, 38.278774492685436 ], [ 34.371251596404271, 38.27877462633991 ], [ 34.371229067433127, 38.278792914313179 ], [ 34.371229321684744, 38.278806429813862 ], [ 34.371217887693163, 38.27880656346516 ] ] ] } },
{ "type": "Feature", "properties": { "Bina_ID": "Bina_479", "Net_Yukseklik": 7.51, "Gunes_Paneli_Sayisi": 164, "Yillik_Uretim_kWh": 86100.0 }, "geometry": { "type": "Polygon", "coordinates": [ [ [ 34.37228789855439, 38.278843619066805 ], [ 34.372167587205062, 38.278831507938797 ], [ 34.3720985592361, 38.278809784552642 ], [ 34.372126804981541, 38.278791429546942 ], [ 34.372131589105429, 38.278741805859767 ], [ 34.372148570456638, 38.278732594918722 ], [ 34.372147213544665, 38.278660512274818 ], [ 34.372193034210781, 38.278664482467633 ], [ 34.372209591482914, 38.278632745692221 ], [ 34.372370091012741, 38.278653398951334 ], [ 34.372354382004431, 38.278730187396519 ], [ 34.372366494543726, 38.278766094953056 ], [ 34.372326475614074, 38.278766563115127 ], [ 34.37228789855439, 38.278843619066805 ] ] ] } },
{ "type": "Feature", "properties": { "Bina_ID": "Bina_480", "Net_Yukseklik": 9.16, "Gunes_Paneli_Sayisi": 79, "Yillik_Uretim_kWh": 41475.0 }, "geometry": { "type": "Polygon", "coordinates": [ [ [ 34.367434162001693, 38.278900297753374 ], [ 34.36734133763543, 38.278829281189196 ], [ 34.367341084104368, 38.278815765666586 ], [ 34.367380342530105, 38.278774752637027 ], [ 34.367379835454678, 38.278747721591934 ], [ 34.367419938971821, 38.278751760291335 ], [ 34.367454071940834, 38.278742350096842 ], [ 34.367460042493001, 38.278755798976952 ], [ 34.367541263818531, 38.278817938393033 ], [ 34.36754143286398, 38.278826948740686 ], [ 34.367451313038231, 38.278900097828704 ], [ 34.367434162001693, 38.278900297753374 ] ] ] } },
{ "type": "Feature", "properties": { "Bina_ID": "Bina_481", "Net_Yukseklik": 3.0, "Gunes_Paneli_Sayisi": 27, "Yillik_Uretim_kWh": 14175.0 }, "geometry": { "type": "Polygon", "coordinates": [ [ [ 34.369761069065817, 38.278877656915327 ], [ 34.369743579415285, 38.278859836498938 ], [ 34.369737523777644, 38.278841882573722 ], [ 34.369805196512871, 38.278791524648959 ], [ 34.369816545845637, 38.278786885965808 ], [ 34.369850847831017, 38.278786485418465 ], [ 34.369868252822698, 38.278799800649431 ], [ 34.369868422155619, 38.278808810988373 ], [ 34.369846062149357, 38.278836109041528 ], [ 34.369834628146492, 38.278836242558107 ], [ 34.369812014129828, 38.278850025096531 ], [ 34.369783937085145, 38.27887738989515 ], [ 34.369761069065817, 38.278877656915327 ] ] ] } },
{ "type": "Feature", "properties": { "Bina_ID": "Bina_482", "Net_Yukseklik": 3.0, "Gunes_Paneli_Sayisi": 17, "Yillik_Uretim_kWh": 8925.0 }, "geometry": { "type": "Polygon", "coordinates": [ [ [ 34.363123613686788, 38.278954971198679 ], [ 34.363117728160489, 38.278946027265611 ], [ 34.363117475411357, 38.278932511719482 ], [ 34.363111674137009, 38.278928072968107 ], [ 34.363111168641495, 38.278901041875628 ], [ 34.36313403673163, 38.278900776151382 ], [ 34.36313966950317, 38.278896204537581 ], [ 34.363185405679573, 38.278895673073606 ], [ 34.363191291209816, 38.278904617003256 ], [ 34.363192133752335, 38.27894966882247 ], [ 34.363123613686788, 38.278954971198679 ] ] ] } },
{ "type": "Feature", "properties": { "Bina_ID": "Bina_483", "Net_Yukseklik": 3.0, "Gunes_Paneli_Sayisi": 25, "Yillik_Uretim_kWh": 13125.0 }, "geometry": { "type": "Polygon", "coordinates": [ [ [ 34.369555680115162, 38.27890258574628 ], [ 34.369549455225666, 38.278875621470689 ], [ 34.369560804588396, 38.278870982811782 ], [ 34.369560381350325, 38.278848456961796 ], [ 34.369543061048084, 38.278839646854443 ], [ 34.369485891023025, 38.278840314278597 ], [ 34.369479835450228, 38.278822360338793 ], [ 34.369576601225702, 38.278798699856601 ], [ 34.369582741468896, 38.278821158961058 ], [ 34.369560127407716, 38.278834941451748 ], [ 34.369560296702772, 38.278843951791792 ], [ 34.369594768018054, 38.278852561658738 ], [ 34.36961217298024, 38.278865876928151 ], [ 34.369623353034314, 38.278852227923522 ], [ 34.369640504043858, 38.278852027679051 ], [ 34.369640673348947, 38.278861038018768 ], [ 34.369601331522844, 38.278897546611368 ], [ 34.369555680115162, 38.27890258574628 ] ] ] } },
{ "type": "Feature", "properties": { "Bina_ID": "Bina_484", "Net_Yukseklik": 7.11, "Gunes_Paneli_Sayisi": 58, "Yillik_Uretim_kWh": 30450.0 }, "geometry": { "type": "Polygon", "coordinates": [ [ [ 34.369127242997202, 38.278925611484787 ], [ 34.369000961090137, 38.278900048312138 ], [ 34.369022306064657, 38.278818688361767 ], [ 34.369038949379252, 38.278791457179146 ], [ 34.369090571613761, 38.278799867037186 ], [ 34.369107976473217, 38.278813182383502 ], [ 34.369114031954155, 38.27883113634428 ], [ 34.369148587836669, 38.278844251514286 ], [ 34.369143801673367, 38.278893875117312 ], [ 34.369127242997202, 38.278925611484787 ] ] ] } },
{ "type": "Feature", "properties": { "Bina_ID": "Bina_485", "Net_Yukseklik": 3.98, "Gunes_Paneli_Sayisi": 14, "Yillik_Uretim_kWh": 7350.0 }, "geometry": { "type": "Polygon", "coordinates": [ [ [ 34.36853284300836, 38.278941559584581 ], [ 34.368526956827573, 38.278932615935382 ], [ 34.36852678765969, 38.278923605591608 ], [ 34.36851509988724, 38.278910223464109 ], [ 34.368514930720963, 38.278901213120236 ], [ 34.368537545006085, 38.278887430827105 ], [ 34.368577479478617, 38.278882458784253 ], [ 34.368583281073974, 38.27888689725912 ], [ 34.36858353483597, 38.278900412774568 ], [ 34.368595222619149, 38.278913794895068 ], [ 34.368595476383604, 38.27892731041036 ], [ 34.368584042360467, 38.278927443805337 ], [ 34.368572777510813, 38.278936587542809 ], [ 34.368561343486114, 38.278936720935604 ], [ 34.368555711059486, 38.278941292803417 ], [ 34.36853284300836, 38.278941559584581 ] ] ] } },
{ "type": "Feature", "properties": { "Bina_ID": "Bina_486", "Net_Yukseklik": 3.29, "Gunes_Paneli_Sayisi": 107, "Yillik_Uretim_kWh": 56175.0 }, "geometry": { "type": "Polygon", "coordinates": [ [ [ 34.362495498530386, 38.279002823593153 ], [ 34.362369976432568, 38.279017799890305 ], [ 34.362363333162875, 38.278968309267043 ], [ 34.362339707229005, 38.278928028189945 ], [ 34.362338781012483, 38.278878471171005 ], [ 34.362309438103104, 38.278838256479027 ], [ 34.362337349591421, 38.278801883049958 ], [ 34.362360301860328, 38.278806122660711 ], [ 34.362366608297734, 38.278837592551653 ], [ 34.36238956057948, 38.278841832156402 ], [ 34.362423610077471, 38.27882791822956 ], [ 34.362463797624294, 38.278836463811196 ], [ 34.36247044094732, 38.278885954428787 ], [ 34.362493477460809, 38.278894699196051 ], [ 34.362482548675821, 38.278921863095874 ], [ 34.362495498530386, 38.279002823593153 ] ] ] } },
{ "type": "Feature", "properties": { "Bina_ID": "Bina_487", "Net_Yukseklik": 5.17, "Gunes_Paneli_Sayisi": 88, "Yillik_Uretim_kWh": 46200.0 }, "geometry": { "type": "Polygon", "coordinates": [ [ [ 34.370619890281063, 38.278935218129298 ], [ 34.370613580283553, 38.278903748749784 ], [ 34.370653768747836, 38.278912291506337 ], [ 34.37067570488653, 38.278862467465352 ], [ 34.370727496778166, 38.278879886933971 ], [ 34.370853440288855, 38.27888742756695 ], [ 34.370830148645972, 38.278865168957665 ], [ 34.370840650655083, 38.278815478500391 ], [ 34.370817613214996, 38.278806735390809 ], [ 34.370828623579577, 38.278784075940273 ], [ 34.370891425793573, 38.278778835885838 ], [ 34.370937500678174, 38.278796322071429 ], [ 34.370915649469801, 38.278850651325612 ], [ 34.370864874294867, 38.27888729395093 ], [ 34.370848485831701, 38.278928040882342 ], [ 34.370774418917769, 38.278942424859842 ], [ 34.370619890281063, 38.278935218129298 ] ] ] } },
{ "type": "Feature", "properties": { "Bina_ID": "Bina_488", "Net_Yukseklik": 4.68, "Gunes_Paneli_Sayisi": 167, "Yillik_Uretim_kWh": 87675.0 }, "geometry": { "type": "Polygon", "coordinates": [ [ [ 34.3628563453805, 38.279034681259375 ], [ 34.362844321681571, 38.279003277817857 ], [ 34.362804049770993, 38.278990227186789 ], [ 34.362797574670246, 38.278949746958659 ], [ 34.362820611241432, 38.278958491660468 ], [ 34.362911746735229, 38.27893940823224 ], [ 34.362797406210355, 38.278940736593363 ], [ 34.362766041558849, 38.278792397635009 ], [ 34.362919979768463, 38.278768078455542 ], [ 34.362943605965015, 38.278808359411812 ], [ 34.362976150359465, 38.279019770867329 ], [ 34.3628563453805, 38.279034681259375 ] ] ] } },
{ "type": "Feature", "properties": { "Bina_ID": "Bina_489", "Net_Yukseklik": 4.44, "Gunes_Paneli_Sayisi": 99, "Yillik_Uretim_kWh": 51975.0 }, "geometry": { "type": "Polygon", "coordinates": [ [ [ 34.368922192095326, 38.278968559896775 ], [ 34.368778759141641, 38.278943196624986 ], [ 34.36878413775451, 38.278925109232503 ], [ 34.368818524421698, 38.278929214157124 ], [ 34.368872987166164, 38.27878438157542 ], [ 34.368855497751852, 38.278766561021833 ], [ 34.368866339517666, 38.278734891401136 ], [ 34.368889207500779, 38.278734624556186 ], [ 34.368918130909435, 38.278752311678936 ], [ 34.36894091428853, 38.278747539652535 ], [ 34.368935451117856, 38.2787611218805 ], [ 34.368975893157348, 38.278783180730912 ], [ 34.368922192095326, 38.278968559896775 ] ] ] } },
{ "type": "Feature", "properties": { "Bina_ID": "Bina_490", "Net_Yukseklik": 3.53, "Gunes_Paneli_Sayisi": 25, "Yillik_Uretim_kWh": 13125.0 }, "geometry": { "type": "Polygon", "coordinates": [ [ [ 34.369361978939537, 38.278940896261432 ], [ 34.369356431199243, 38.27894997333707 ], [ 34.369327930774979, 38.278954812178327 ], [ 34.369316750649567, 38.278968461155905 ], [ 34.369305316623418, 38.278968594621283 ], [ 34.369293713334308, 38.278959717744705 ], [ 34.369230656941468, 38.278951441436952 ], [ 34.369213336652756, 38.278942631280756 ], [ 34.369184666971506, 38.278938459746101 ], [ 34.369184497722301, 38.278929449404806 ], [ 34.36926402808799, 38.278901484183876 ], [ 34.369275715994249, 38.27891486623421 ], [ 34.369298668661493, 38.278919104478845 ], [ 34.369321790597397, 38.278932353059766 ], [ 34.369355923387964, 38.278922942315113 ], [ 34.369361978939537, 38.278940896261432 ] ] ] } },
{ "type": "Feature", "properties": { "Bina_ID": "Bina_491", "Net_Yukseklik": 6.95, "Gunes_Paneli_Sayisi": 10, "Yillik_Uretim_kWh": 5250.0 }, "geometry": { "type": "Polygon", "coordinates": [ [ [ 34.364051373619489, 38.279029804117386 ], [ 34.364039939558594, 38.279029937069836 ], [ 34.364034138221498, 38.279025498365364 ], [ 34.36402842119135, 38.279025564840872 ], [ 34.364022619855298, 38.279021126135824 ], [ 34.364022535549424, 38.279016620955531 ], [ 34.364010932880177, 38.279007743544497 ], [ 34.364010342744798, 38.278976207282149 ], [ 34.364027493823698, 38.278976007857629 ], [ 34.364033126543568, 38.278971436201907 ], [ 34.364044560595318, 38.278971303250302 ], [ 34.364050361928619, 38.278975741954362 ], [ 34.364056078954803, 38.278975675477845 ], [ 34.364067681624192, 38.278984552884452 ], [ 34.364068018858568, 38.279002573605361 ], [ 34.364062386138592, 38.279007145262725 ], [ 34.364062554755222, 38.279016155623168 ], [ 34.36405128931181, 38.279025298937142 ], [ 34.364051373619489, 38.279029804117386 ] ] ] } },
{ "type": "Feature", "properties": { "Bina_ID": "Bina_492", "Net_Yukseklik": 5.86, "Gunes_Paneli_Sayisi": 141, "Yillik_Uretim_kWh": 74025.0 }, "geometry": { "type": "Polygon", "coordinates": [ [ [ 34.37268474678406, 38.278965148446616 ], [ 34.372592765694236, 38.278939187778882 ], [ 34.37256384134573, 38.278921501581046 ], [ 34.372563586845658, 38.278907986088171 ], [ 34.372624777109984, 38.278817146985119 ], [ 34.372624268089325, 38.278790115999563 ], [ 34.372658145841932, 38.278767188810249 ], [ 34.372680335078222, 38.278730879912523 ], [ 34.372743391614975, 38.278739154362221 ], [ 34.372801494805884, 38.278788042155881 ], [ 34.372814031817391, 38.278846475480933 ], [ 34.372785955923035, 38.278873840976921 ], [ 34.372711719798559, 38.278879215841705 ], [ 34.372707529960437, 38.27896037569213 ], [ 34.37268474678406, 38.278965148446616 ] ] ] } },
{ "type": "Feature", "properties": { "Bina_ID": "Bina_493", "Net_Yukseklik": 4.15, "Gunes_Paneli_Sayisi": 26, "Yillik_Uretim_kWh": 13650.0 }, "geometry": { "type": "Polygon", "coordinates": [ [ [ 34.369574862706429, 38.279010509589078 ], [ 34.369545854391831, 38.278988317464034 ], [ 34.369545685097684, 38.278979307124175 ], [ 34.369585196293912, 38.278951808889147 ], [ 34.369602262676679, 38.278947103479979 ], [ 34.369613442744644, 38.278933454476203 ], [ 34.369641773833891, 38.278919605226463 ], [ 34.369653207850739, 38.278919471728436 ], [ 34.369670612839691, 38.278932786988527 ], [ 34.369665488410696, 38.278964389926699 ], [ 34.369677345710286, 38.278986782274671 ], [ 34.369665911682986, 38.278986915775242 ], [ 34.369654223694305, 38.278973533765509 ], [ 34.36964278966898, 38.278973667263806 ], [ 34.369586296737864, 38.279010376097304 ], [ 34.369574862706429, 38.279010509589078 ] ] ] } },
{ "type": "Feature", "properties": { "Bina_ID": "Bina_494", "Net_Yukseklik": 7.27, "Gunes_Paneli_Sayisi": 34, "Yillik_Uretim_kWh": 17850.0 }, "geometry": { "type": "Polygon", "coordinates": [ [ [ 34.369832128395323, 38.279007505754791 ], [ 34.369831789736118, 38.278989485077261 ], [ 34.369854149793127, 38.278962187026536 ], [ 34.369853895795025, 38.278948671518407 ], [ 34.369870792824479, 38.278934955731756 ], [ 34.36988163416909, 38.27890328602593 ], [ 34.369893068182243, 38.278903152504583 ], [ 34.369916359557052, 38.278925411304989 ], [ 34.369945029269616, 38.278929582660098 ], [ 34.369946045329939, 38.278983644690484 ], [ 34.369940497660139, 38.27899272179237 ], [ 34.369911997262314, 38.27899756077511 ], [ 34.369883666196543, 38.279011410089545 ], [ 34.369837930075406, 38.279011944165866 ], [ 34.369832128395323, 38.279007505754791 ] ] ] } },
{ "type": "Feature", "properties": { "Bina_ID": "Bina_495", "Net_Yukseklik": 3.0, "Gunes_Paneli_Sayisi": 137, "Yillik_Uretim_kWh": 71925.0 }, "geometry": { "type": "Polygon", "coordinates": [ [ [ 34.362554437368551, 38.279096768416252 ], [ 34.362554184722491, 38.279083252867274 ], [ 34.362582601479041, 38.279073910479752 ], [ 34.36257536854405, 38.278992883590718 ], [ 34.362546193886843, 38.278961679328219 ], [ 34.362539466290144, 38.278907683533468 ], [ 34.362573094709084, 38.278871243647643 ], [ 34.362612945422619, 38.278861768445012 ], [ 34.362606302005759, 38.278812277837069 ], [ 34.362629170072857, 38.278812012211752 ], [ 34.362635645065815, 38.278852492452081 ], [ 34.362664398607961, 38.278861170778214 ], [ 34.362677180206141, 38.278933120886897 ], [ 34.362700553654136, 38.278959886344055 ], [ 34.362695931534958, 38.279018520130947 ], [ 34.362730486409369, 38.279031637211439 ], [ 34.362737045708215, 38.279076622625944 ], [ 34.362657344071941, 38.279095573105259 ], [ 34.362554437368551, 38.279096768416252 ] ] ] } },
{ "type": "Feature", "properties": { "Bina_ID": "Bina_496", "Net_Yukseklik": 3.0, "Gunes_Paneli_Sayisi": 26, "Yillik_Uretim_kWh": 13650.0 }, "geometry": { "type": "Polygon", "coordinates": [ [ [ 34.370987134488196, 38.279003025263975 ], [ 34.37098704975201, 38.278998520096778 ], [ 34.370952239279141, 38.2789718899745 ], [ 34.370946522269719, 38.278971956787018 ], [ 34.370946268069019, 38.278958441285113 ], [ 34.370951900343492, 38.278953869305312 ], [ 34.370951646141954, 38.278940353803385 ], [ 34.370957363148889, 38.278940286990668 ], [ 34.370979807498735, 38.278917493900614 ], [ 34.371002675518895, 38.278917226642676 ], [ 34.37102571301542, 38.278925969714656 ], [ 34.371037570722166, 38.278948361917529 ], [ 34.371049174216601, 38.278957238617643 ], [ 34.371049513176331, 38.278975259286078 ], [ 34.371038418114622, 38.2789934135888 ], [ 34.371015550070908, 38.278993680854157 ], [ 34.371010002535115, 38.279002758004111 ], [ 34.370987134488196, 38.279003025263975 ] ] ] } },
{ "type": "Feature", "properties": { "Bina_ID": "Bina_497", "Net_Yukseklik": 3.0, "Gunes_Paneli_Sayisi": 11, "Yillik_Uretim_kWh": 5775.0 }, "geometry": { "type": "Polygon", "coordinates": [ [ [ 34.358483984626183, 38.279148482428511 ], [ 34.358483900662193, 38.27914397723795 ], [ 34.358478099645936, 38.279139538252615 ], [ 34.358477931718753, 38.279130527871423 ], [ 34.358472130703952, 38.279126088885768 ], [ 34.358460696601419, 38.279126221294788 ], [ 34.358460360751586, 38.279108200532249 ], [ 34.358465993838678, 38.279103629137275 ], [ 34.358465909875925, 38.279099123946636 ], [ 34.358471626925066, 38.279099057742052 ], [ 34.358482893095719, 38.279089914950823 ], [ 34.358500044240785, 38.279089716333779 ], [ 34.358505845254278, 38.279094155318134 ], [ 34.358505929219483, 38.279098660508687 ], [ 34.358523332265328, 38.27911197745982 ], [ 34.358529049315329, 38.279111911252414 ], [ 34.358529385182202, 38.279129932014442 ], [ 34.358523752097192, 38.279134503412394 ], [ 34.358523836063618, 38.279139008602904 ], [ 34.358518119011478, 38.279139074810082 ], [ 34.358512485925047, 38.279143646207515 ], [ 34.358501051819964, 38.279143778620522 ], [ 34.358495418732097, 38.279148350017152 ], [ 34.358483984626183, 38.279148482428511 ] ] ] } },
{ "type": "Feature", "properties": { "Bina_ID": "Bina_498", "Net_Yukseklik": 3.68, "Gunes_Paneli_Sayisi": 21, "Yillik_Uretim_kWh": 11025.0 }, "geometry": { "type": "Polygon", "coordinates": [ [ [ 34.370358517171411, 38.279023888669478 ], [ 34.370341366126603, 38.279024089019657 ], [ 34.370335310327754, 38.279006135128817 ], [ 34.370323706910156, 38.278997258356668 ], [ 34.370312272884313, 38.278997391920257 ], [ 34.370294698378537, 38.278975066420969 ], [ 34.370283264356033, 38.278975199981673 ], [ 34.370282925585705, 38.278957179307469 ], [ 34.370294020832532, 38.278939025072667 ], [ 34.370339672203201, 38.278933985650923 ], [ 34.370351360309115, 38.278947367590177 ], [ 34.370351529702646, 38.278956377927059 ], [ 34.370368850127171, 38.278965187912476 ], [ 34.370375160025525, 38.278996657306713 ], [ 34.370358517171411, 38.279023888669478 ] ] ] } },
{ "type": "Feature", "properties": { "Bina_ID": "Bina_499", "Net_Yukseklik": 7.2, "Gunes_Paneli_Sayisi": 71, "Yillik_Uretim_kWh": 37275.0 }, "geometry": { "type": "Polygon", "coordinates": [ [ [ 34.361800461375047, 38.279141572748408 ], [ 34.361783057737782, 38.279128256294911 ], [ 34.361777004024546, 38.279110301923183 ], [ 34.361748418813519, 38.279110633748694 ], [ 34.361753715026154, 38.279088041461719 ], [ 34.361770697813625, 38.279078831997644 ], [ 34.361769771978885, 38.279029274968252 ], [ 34.361786586415406, 38.279011055133068 ], [ 34.361877974789302, 38.279005488055155 ], [ 34.361895462587924, 38.279023309679346 ], [ 34.361902442246986, 38.279090821071385 ], [ 34.36191438138264, 38.279117719432165 ], [ 34.361886132867014, 38.279136072028059 ], [ 34.361800461375047, 38.279141572748408 ] ] ] } },
{ "type": "Feature", "properties": { "Bina_ID": "Bina_500", "Net_Yukseklik": 3.0, "Gunes_Paneli_Sayisi": 45, "Yillik_Uretim_kWh": 23625.0 }, "geometry": { "type": "Polygon", "coordinates": [ [ [ 34.372199903857791, 38.279029400835562 ], [ 34.372114063885775, 38.279025898742304 ], [ 34.372056554566839, 38.279008546761233 ], [ 34.372049735133452, 38.278950046479892 ], [ 34.372089245343759, 38.278922547419299 ], [ 34.372105717911779, 38.278886305492755 ], [ 34.372122868911497, 38.278886104885274 ], [ 34.372106565962412, 38.278931357144359 ], [ 34.37212397139146, 38.278944672031869 ], [ 34.372134981365697, 38.278922012466438 ], [ 34.372152132373607, 38.278921811854524 ], [ 34.372164499275094, 38.278971234927091 ], [ 34.372153150070311, 38.278975873835016 ], [ 34.372159375928639, 38.279002837953669 ], [ 34.372176866194323, 38.279020657997627 ], [ 34.372205281622556, 38.279011313302341 ], [ 34.372199903857791, 38.279029400835562 ] ] ] } },
{ "type": "Feature", "properties": { "Bina_ID": "Bina_501", "Net_Yukseklik": 3.3, "Gunes_Paneli_Sayisi": 15, "Yillik_Uretim_kWh": 7875.0 }, "geometry": { "type": "Polygon", "coordinates": [ [ [ 34.368958355617039, 38.279067273371602 ], [ 34.368963226525828, 38.279022154946006 ], [ 34.368968774320884, 38.279013077888052 ], [ 34.368980123743412, 38.279008439284368 ], [ 34.36899727479431, 38.279008239133233 ], [ 34.369008962670108, 38.279021621210511 ], [ 34.369009216512239, 38.27903513672323 ], [ 34.36903242305025, 38.279052890532085 ], [ 34.369066640554372, 38.279047985040862 ], [ 34.369066894407439, 38.279061500553198 ], [ 34.369015441218139, 38.279062101030306 ], [ 34.369009808811207, 38.279066672919463 ], [ 34.368981223703521, 38.279067006506764 ], [ 34.368975591294024, 38.279071578394344 ], [ 34.368964157250076, 38.279071711826781 ], [ 34.368958355617039, 38.279067273371602 ] ] ] } },
{ "type": "Feature", "properties": { "Bina_ID": "Bina_502", "Net_Yukseklik": 3.0, "Gunes_Paneli_Sayisi": 13, "Yillik_Uretim_kWh": 6825.0 }, "geometry": { "type": "Polygon", "coordinates": [ [ [ 34.361087344908341, 38.279230959788279 ], [ 34.361075910801787, 38.279231092452463 ], [ 34.361070109624428, 38.279226653598478 ], [ 34.361047241412429, 38.279226918922348 ], [ 34.361041440237109, 38.279222480066892 ], [ 34.361041271992612, 38.279213469695435 ], [ 34.361023868473112, 38.279200153127171 ], [ 34.361023616109861, 38.279186637569829 ], [ 34.361034797844482, 38.279172989353548 ], [ 34.361034545479448, 38.279159473796206 ], [ 34.361045979574961, 38.279159341136257 ], [ 34.361051864868152, 38.27916828517737 ], [ 34.361063298964972, 38.279168152515709 ], [ 34.361080702483676, 38.279181469078203 ], [ 34.361080870732856, 38.279190479449575 ], [ 34.361086671907913, 38.279194918303105 ], [ 34.361087344908341, 38.279230959788279 ] ] ] } },
{ "type": "Feature", "properties": { "Bina_ID": "Bina_503", "Net_Yukseklik": 6.39, "Gunes_Paneli_Sayisi": 55, "Yillik_Uretim_kWh": 28875.0 }, "geometry": { "type": "Polygon", "coordinates": [ [ [ 34.37188597697908, 38.279060109451969 ], [ 34.371897156629437, 38.279046460238504 ], [ 34.372028817524715, 38.279053932742499 ], [ 34.372040421154111, 38.279062809341802 ], [ 34.372040760360143, 38.279080830002428 ], [ 34.372063798027327, 38.279089572866965 ], [ 34.372069769453425, 38.279103021495082 ], [ 34.372081203487419, 38.279102887759898 ], [ 34.372081627508216, 38.279125413585142 ], [ 34.371898767691633, 38.279132058381357 ], [ 34.37188597697908, 38.279060109451969 ] ] ] } },
{ "type": "Feature", "properties": { "Bina_ID": "Bina_504", "Net_Yukseklik": 3.0, "Gunes_Paneli_Sayisi": 16, "Yillik_Uretim_kWh": 8400.0 }, "geometry": { "type": "Polygon", "coordinates": [ [ [ 34.369034538445156, 38.279165519802092 ], [ 34.369045295570174, 38.279129344996541 ], [ 34.369062446649053, 38.279129144835359 ], [ 34.369067994439348, 38.279120067772965 ], [ 34.369101958112054, 38.279101646758832 ], [ 34.369130627853657, 38.279105818312487 ], [ 34.369153749820278, 38.279119066925567 ], [ 34.369154003690134, 38.279132582437242 ], [ 34.369142823505385, 38.279146231398968 ], [ 34.369125672423067, 38.279146431571981 ], [ 34.369114069126333, 38.279137554678016 ], [ 34.369096918045855, 38.279137754846779 ], [ 34.369068502147449, 38.279147098797246 ], [ 34.369063038973039, 38.279160681030376 ], [ 34.369051774149717, 38.279169824813046 ], [ 34.369034538445156, 38.279165519802092 ] ] ] } },
{ "type": "Feature", "properties": { "Bina_ID": "Bina_505", "Net_Yukseklik": 3.0, "Gunes_Paneli_Sayisi": 11, "Yillik_Uretim_kWh": 5775.0 }, "geometry": { "type": "Polygon", "coordinates": [ [ [ 34.371127563076463, 38.279172617979093 ], [ 34.371121846051714, 38.279172684800443 ], [ 34.371116213771657, 38.279177256788358 ], [ 34.371093345671021, 38.279177524069937 ], [ 34.371093260927736, 38.27917301890308 ], [ 34.371064252095962, 38.279150827164088 ], [ 34.371064082613174, 38.279141816830212 ], [ 34.371069714893906, 38.279137244844776 ], [ 34.371069630152206, 38.279132739677827 ], [ 34.3710808947109, 38.279123595706182 ], [ 34.371103762794739, 38.279123328427339 ], [ 34.37112108334712, 38.279132138298969 ], [ 34.3711212528369, 38.279141148632661 ], [ 34.371132941118347, 38.279154530490239 ], [ 34.371133110609726, 38.279163540823852 ], [ 34.371127478331076, 38.279168112812272 ], [ 34.371127563076463, 38.279172617979093 ] ] ] } },
{ "type": "Feature", "properties": { "Bina_ID": "Bina_506", "Net_Yukseklik": 6.09, "Gunes_Paneli_Sayisi": 131, "Yillik_Uretim_kWh": 68775.0 }, "geometry": { "type": "Polygon", "coordinates": [ [ [ 34.369188982851753, 38.279168223444373 ], [ 34.369210327684812, 38.279086863465864 ], [ 34.369244206676392, 38.27906393724097 ], [ 34.369254286650012, 38.278991721054133 ], [ 34.369374343961425, 38.278990319663571 ], [ 34.369370235036968, 38.279075984633536 ], [ 34.369324837400377, 38.279094539191568 ], [ 34.369411269855092, 38.279129579517708 ], [ 34.36938361574051, 38.27917947007446 ], [ 34.369400851467461, 38.279183775033637 ], [ 34.369434730441569, 38.279160848754358 ], [ 34.369429351975434, 38.27917893617326 ], [ 34.369395472991357, 38.279201862451103 ], [ 34.369377983348357, 38.279184041980947 ], [ 34.369349398199063, 38.279184375658808 ], [ 34.369309886788038, 38.279211873817388 ], [ 34.369292312531066, 38.279189548163899 ], [ 34.369188982851753, 38.279168223444373 ] ] ] } },
{ "type": "Feature", "properties": { "Bina_ID": "Bina_507", "Net_Yukseklik": 3.0, "Gunes_Paneli_Sayisi": 10, "Yillik_Uretim_kWh": 5250.0 }, "geometry": { "type": "Polygon", "coordinates": [ [ [ 34.361036900893026, 38.279285618996838 ], [ 34.361036648526571, 38.279272103439752 ], [ 34.361047914394135, 38.27926296040792 ], [ 34.361076499673203, 38.279262628751958 ], [ 34.361093819091685, 38.27927144012623 ], [ 34.361122404373539, 38.279271108459014 ], [ 34.361128205557627, 38.279275547310277 ], [ 34.361128373813244, 38.279284557681315 ], [ 34.361105505583645, 38.27928482301688 ], [ 34.361077340919685, 38.279307680608071 ], [ 34.361054472682341, 38.279307945933823 ], [ 34.361048503254111, 38.279294496707607 ], [ 34.361036900893026, 38.279285618996838 ] ] ] } },
{ "type": "Feature", "properties": { "Bina_ID": "Bina_508", "Net_Yukseklik": 4.88, "Gunes_Paneli_Sayisi": 41, "Yillik_Uretim_kWh": 21525.0 }, "geometry": { "type": "Polygon", "coordinates": [ [ [ 34.369555803801752, 38.279213509211061 ], [ 34.369532935674805, 38.279213776188733 ], [ 34.369492239296484, 38.27917820203001 ], [ 34.369491985363503, 38.279164686520339 ], [ 34.369520062627338, 38.279137321788781 ], [ 34.369502657615236, 38.279124006507203 ], [ 34.369502488325608, 38.279114996167387 ], [ 34.369530734859779, 38.279096641773272 ], [ 34.369530565566841, 38.279087631433519 ], [ 34.369541999610583, 38.279087497945831 ], [ 34.36957126191156, 38.279123205580085 ], [ 34.369617590671332, 38.279154207794136 ], [ 34.369617929279592, 38.27917222847276 ], [ 34.369584219659728, 38.279204165143327 ], [ 34.369555803801752, 38.279213509211061 ] ] ] } },
{ "type": "Feature", "properties": { "Bina_ID": "Bina_509", "Net_Yukseklik": 4.07, "Gunes_Paneli_Sayisi": 41, "Yillik_Uretim_kWh": 21525.0 }, "geometry": { "type": "Polygon", "coordinates": [ [ [ 34.371706254195644, 38.279233445072535 ], [ 34.371631848051813, 38.279229808930438 ], [ 34.371619905339962, 38.279202911627159 ], [ 34.371636547756189, 38.279175680094319 ], [ 34.371561802584722, 38.279154023242818 ], [ 34.371572134583353, 38.279095322398987 ], [ 34.371669662994577, 38.27911220669025 ], [ 34.371676397363373, 38.279166201831821 ], [ 34.371665471989346, 38.279193366522421 ], [ 34.371671528130754, 38.279211320337559 ], [ 34.371688933550701, 38.279224635289246 ], [ 34.371706084633011, 38.279224434741195 ], [ 34.371706254195644, 38.279233445072535 ] ] ] } },
{ "type": "Feature", "properties": { "Bina_ID": "Bina_510", "Net_Yukseklik": 3.0, "Gunes_Paneli_Sayisi": 20, "Yillik_Uretim_kWh": 10500.0 }, "geometry": { "type": "Polygon", "coordinates": [ [ [ 34.369705208538413, 38.279252320272519 ], [ 34.369704869907608, 38.279234299594791 ], [ 34.369716219315158, 38.279229660920279 ], [ 34.369744381177476, 38.279206801305833 ], [ 34.36974429651746, 38.279202296136447 ], [ 34.369784400392064, 38.279206334019925 ], [ 34.369796003779648, 38.279215210845727 ], [ 34.369801720810891, 38.279215144088909 ], [ 34.369801974801746, 38.279228659596711 ], [ 34.369779529983816, 38.27925145246892 ], [ 34.369779699308516, 38.279260462807486 ], [ 34.369762717526555, 38.279269673412713 ], [ 34.369745566419645, 38.279269873676881 ], [ 34.36973993404392, 38.279274445600386 ], [ 34.369722782935717, 38.279274645861243 ], [ 34.369705208538413, 38.279252320272519 ] ] ] } },
{ "type": "Feature", "properties": { "Bina_ID": "Bina_511", "Net_Yukseklik": 6.64, "Gunes_Paneli_Sayisi": 12, "Yillik_Uretim_kWh": 6300.0 }, "geometry": { "type": "Polygon", "coordinates": [ [ [ 34.369482836691283, 38.279286459589741 ], [ 34.369476781078831, 38.2792685056518 ], [ 34.3694882151512, 38.279268372168822 ], [ 34.369516546393427, 38.27925452294722 ], [ 34.369550340714234, 38.279227091465124 ], [ 34.369567491812482, 38.279226891229676 ], [ 34.369579010527751, 38.279231262907672 ], [ 34.369585066161854, 38.279249216840036 ], [ 34.369500072449149, 38.279290764533705 ], [ 34.369488638373333, 38.279290898017884 ], [ 34.369482836691283, 38.279286459589741 ] ] ] } },
{ "type": "Feature", "properties": { "Bina_ID": "Bina_512", "Net_Yukseklik": 7.87, "Gunes_Paneli_Sayisi": 67, "Yillik_Uretim_kWh": 35175.0 }, "geometry": { "type": "Polygon", "coordinates": [ [ [ 34.362171066942764, 38.2793896149715 ], [ 34.362153915753311, 38.279389814126468 ], [ 34.362148030307829, 38.279380870143846 ], [ 34.362073708493853, 38.279381733115855 ], [ 34.362062105996714, 38.279372855509202 ], [ 34.362037554064443, 38.279283017351737 ], [ 34.362065550039688, 38.279251149168118 ], [ 34.362151390016244, 38.279254658619458 ], [ 34.362174847573463, 38.27928592936518 ], [ 34.362186113297021, 38.279276786226681 ], [ 34.362203348653885, 38.279281092251004 ], [ 34.362203853819693, 38.27930812335196 ], [ 34.362180817207069, 38.279299378530226 ], [ 34.362169467287195, 38.279304016484723 ], [ 34.362176363041463, 38.279367022668566 ], [ 34.36215929604915, 38.279371727007714 ], [ 34.362171066942764, 38.2793896149715 ] ] ] } },
{ "type": "Feature", "properties": { "Bina_ID": "Bina_513", "Net_Yukseklik": 6.91, "Gunes_Paneli_Sayisi": 24, "Yillik_Uretim_kWh": 12600.0 }, "geometry": { "type": "Polygon", "coordinates": [ [ [ 34.369324706223203, 38.279391947155105 ], [ 34.369324367684754, 38.279373926474939 ], [ 34.369341264912343, 38.279360210761823 ], [ 34.369341095641225, 38.279351200421765 ], [ 34.369363540628598, 38.279328407630672 ], [ 34.369374890073338, 38.279323768988561 ], [ 34.369432060480172, 38.279323101611411 ], [ 34.369437862162187, 38.279327540042047 ], [ 34.369438200728133, 38.279345560721495 ], [ 34.369421303522515, 38.279359276448211 ], [ 34.36940457558962, 38.279382002512371 ], [ 34.369393141499032, 38.279382135987518 ], [ 34.369381961322887, 38.279395784971342 ], [ 34.369342026633305, 38.279400757291903 ], [ 34.369324706223203, 38.279391947155105 ] ] ] } },
{ "type": "Feature", "properties": { "Bina_ID": "Bina_514", "Net_Yukseklik": 5.49, "Gunes_Paneli_Sayisi": 91, "Yillik_Uretim_kWh": 47775.0 }, "geometry": { "type": "Polygon", "coordinates": [ [ [ 34.371726118326322, 38.279377409820292 ], [ 34.371725185714425, 38.279327852999387 ], [ 34.371746697311274, 38.279255502945105 ], [ 34.371861207484407, 38.279263176184308 ], [ 34.371878104198437, 38.27924946011494 ], [ 34.371923925224351, 38.279253430405809 ], [ 34.371918801757126, 38.279285033422731 ], [ 34.371884499566875, 38.279285434579037 ], [ 34.371879206496125, 38.279308027263887 ], [ 34.37192485796885, 38.279302987223197 ], [ 34.37194234825251, 38.279320807300955 ], [ 34.371937055197549, 38.279343399988001 ], [ 34.371879884834755, 38.279344068586013 ], [ 34.371869044304319, 38.279375738459109 ], [ 34.371840628689831, 38.279385083075866 ], [ 34.371726118326322, 38.279377409820292 ] ] ] } },
{ "type": "Feature", "properties": { "Bina_ID": "Bina_515", "Net_Yukseklik": 3.0, "Gunes_Paneli_Sayisi": 109, "Yillik_Uretim_kWh": 57225.0 }, "geometry": { "type": "Polygon", "coordinates": [ [ [ 34.366278531250678, 38.279481538918425 ], [ 34.366249945947715, 38.279481871843338 ], [ 34.366180665693854, 38.279446629427603 ], [ 34.36614568783861, 38.279410987499851 ], [ 34.366137606529342, 38.279284909149013 ], [ 34.366153322214963, 38.279208121418243 ], [ 34.366170473333085, 38.279207921679451 ], [ 34.366217898491016, 38.279297492550228 ], [ 34.366276251197192, 38.279359899173237 ], [ 34.366294331270822, 38.279409256348998 ], [ 34.366295429089099, 38.279467823633098 ], [ 34.366278531250678, 38.279481538918425 ] ] ] } },
{ "type": "Feature", "properties": { "Bina_ID": "Bina_516", "Net_Yukseklik": 3.0, "Gunes_Paneli_Sayisi": 26, "Yillik_Uretim_kWh": 13650.0 }, "geometry": { "type": "Polygon", "coordinates": [ [ [ 34.365011115083163, 38.279590922816176 ], [ 34.364993710763834, 38.279577606853074 ], [ 34.364993120191279, 38.279546070606706 ], [ 34.364998752892156, 38.279541498905374 ], [ 34.364992613986971, 38.279519039538251 ], [ 34.364998246685843, 38.279514467836968 ], [ 34.36505533297553, 38.279509297411607 ], [ 34.365072652916872, 38.279518108187879 ], [ 34.365096027424322, 38.279544873145042 ], [ 34.365096364919658, 38.2795628938565 ], [ 34.365085015153305, 38.279567532090212 ], [ 34.365056429802394, 38.279567864724989 ], [ 34.365045164403362, 38.279577008132847 ], [ 34.365039700443653, 38.279590590192271 ], [ 34.365011115083163, 38.279590922816176 ] ] ] } },
{ "type": "Feature", "properties": { "Bina_ID": "Bina_517", "Net_Yukseklik": 3.0, "Gunes_Paneli_Sayisi": 14, "Yillik_Uretim_kWh": 7350.0 }, "geometry": { "type": "Polygon", "coordinates": [ [ [ 34.364663638856555, 38.279662557946544 ], [ 34.364646318927981, 38.279653747109812 ], [ 34.364640348812173, 38.279640298080118 ], [ 34.364639336662407, 38.279586235936009 ], [ 34.364661867564614, 38.279567949195275 ], [ 34.364690452920271, 38.279567616656635 ], [ 34.364690705966765, 38.279581132192462 ], [ 34.364668090720464, 38.279594913759993 ], [ 34.364662879730417, 38.279622011339036 ], [ 34.364686001078041, 38.279635260843911 ], [ 34.364703152307158, 38.279635061317741 ], [ 34.364703321006772, 38.279644071674809 ], [ 34.3646750730137, 38.279662424931473 ], [ 34.364663638856555, 38.279662557946544 ] ] ] } },
{ "type": "Feature", "properties": { "Bina_ID": "Bina_518", "Net_Yukseklik": 3.0, "Gunes_Paneli_Sayisi": 21, "Yillik_Uretim_kWh": 11025.0 }, "geometry": { "type": "Polygon", "coordinates": [ [ [ 34.372713521336529, 38.279582155186858 ], [ 34.372667106177609, 38.279546649064216 ], [ 34.372666766811093, 38.279528628409743 ], [ 34.372689635006786, 38.279528360819427 ], [ 34.372689804692833, 38.279537371146603 ], [ 34.372701408479507, 38.279546247676805 ], [ 34.372718559630201, 38.279546046979348 ], [ 34.372741173292177, 38.279532263888413 ], [ 34.372752268002799, 38.279514109432697 ], [ 34.372751928615628, 38.279496088778771 ], [ 34.372774542255883, 38.27948230568169 ], [ 34.372785636950873, 38.27946415122296 ], [ 34.372797071038065, 38.27946401741697 ], [ 34.372797495285539, 38.279486543234057 ], [ 34.372780938089257, 38.279518280086791 ], [ 34.372764041488296, 38.279531996283573 ], [ 34.372759003217979, 38.279568104492675 ], [ 34.372736389548564, 38.279581887587113 ], [ 34.372713521336529, 38.279582155186858 ] ] ] } },
{ "type": "Feature", "properties": { "Bina_ID": "Bina_519", "Net_Yukseklik": 3.28, "Gunes_Paneli_Sayisi": 25, "Yillik_Uretim_kWh": 13125.0 }, "geometry": { "type": "Polygon", "coordinates": [ [ [ 34.364915612111453, 38.279682157248217 ], [ 34.364915190296365, 38.279659631357632 ], [ 34.364931919709669, 38.279636905907346 ], [ 34.364943353861506, 38.279636772866198 ], [ 34.364960336357775, 38.279627562946288 ], [ 34.364988921733243, 38.279627230334476 ], [ 34.364994554440507, 38.279622658633286 ], [ 34.365005988589822, 38.279622525586078 ], [ 34.365011790033272, 38.27962696424003 ], [ 34.365023224183183, 38.279626831191145 ], [ 34.3650406285198, 38.279640147149415 ], [ 34.365040797261152, 38.279649157505219 ], [ 34.365001368302259, 38.279681159423426 ], [ 34.36496715019269, 38.279686063738851 ], [ 34.364961517478882, 38.279690635438818 ], [ 34.364927214998048, 38.279691034564678 ], [ 34.364915612111453, 38.279682157248217 ] ] ] } },
{ "type": "Feature", "properties": { "Bina_ID": "Bina_520", "Net_Yukseklik": 7.52, "Gunes_Paneli_Sayisi": 68, "Yillik_Uretim_kWh": 35700.0 }, "geometry": { "type": "Polygon", "coordinates": [ [ [ 34.359164976655386, 38.279789481715717 ], [ 34.359136391147032, 38.279789812909797 ], [ 34.359031635319951, 38.279691890990989 ], [ 34.359025414231219, 38.279664926088834 ], [ 34.359075944037137, 38.279614772904864 ], [ 34.359121596736806, 38.279609737827549 ], [ 34.359121764746426, 38.2796187482056 ], [ 34.359144801112151, 38.279627493632667 ], [ 34.359150854227792, 38.279645448150006 ], [ 34.359174058621733, 38.279663203948878 ], [ 34.35917464667957, 38.279694740270962 ], [ 34.359140764145494, 38.279717663649592 ], [ 34.359146901275047, 38.279740123355623 ], [ 34.359158419478064, 38.279744496066797 ], [ 34.359164976655386, 38.279789481715717 ] ] ] } },
{ "type": "Feature", "properties": { "Bina_ID": "Bina_521", "Net_Yukseklik": 16.69, "Gunes_Paneli_Sayisi": 538, "Yillik_Uretim_kWh": 282450.0 }, "geometry": { "type": "Polygon", "coordinates": [ [ [ 34.373206460955693, 38.279643978248615 ], [ 34.373017659560688, 38.279335263411781 ], [ 34.372808335424928, 38.279454873283044 ], [ 34.372681457528998, 38.279397777971766 ], [ 34.372685901932968, 38.279330133618387 ], [ 34.372742308654971, 38.279288918154997 ], [ 34.372667223695899, 38.27924924136164 ], [ 34.372677554812377, 38.279190540437909 ], [ 34.372787366107985, 38.279252341634525 ], [ 34.372826791342298, 38.279220337165441 ], [ 34.372792234650362, 38.279207223095739 ], [ 34.372808622076576, 38.279166475913946 ], [ 34.373186115115061, 38.279171070008722 ], [ 34.373206460955693, 38.279643978248615 ] ] ] } },
{ "type": "Feature", "properties": { "Bina_ID": "Bina_522", "Net_Yukseklik": 6.36, "Gunes_Paneli_Sayisi": 108, "Yillik_Uretim_kWh": 56700.0 }, "geometry": { "type": "Polygon", "coordinates": [ [ [ 34.367324867257487, 38.279780272692634 ], [ 34.367290649278431, 38.279785177683792 ], [ 34.367227423351039, 38.279767889962066 ], [ 34.367181179684721, 38.279741391969083 ], [ 34.367146792710649, 38.279737286570473 ], [ 34.367151580274225, 38.279687663029314 ], [ 34.367168477991157, 38.279673947620878 ], [ 34.367184446167009, 38.279610675297455 ], [ 34.367287522415999, 38.279618486259565 ], [ 34.367316699339092, 38.279649689296249 ], [ 34.367339567623965, 38.27964942274798 ], [ 34.367345960800606, 38.279685397498604 ], [ 34.367324867257487, 38.279780272692634 ] ] ] } },
{ "type": "Feature", "properties": { "Bina_ID": "Bina_523", "Net_Yukseklik": 17.55, "Gunes_Paneli_Sayisi": 406, "Yillik_Uretim_kWh": 213150.0 }, "geometry": { "type": "Polygon", "coordinates": [ [ [ 34.37024705565976, 38.279786731288269 ], [ 34.370118908830499, 38.279662055658029 ], [ 34.370428858122061, 38.2794196088227 ], [ 34.370531426105757, 38.279400385925868 ], [ 34.370624423678819, 38.279480410221495 ], [ 34.370619807923809, 38.279539044196319 ], [ 34.370315237073179, 38.279763404074892 ], [ 34.37024705565976, 38.279786731288269 ] ] ] } },
{ "type": "Feature", "properties": { "Bina_ID": "Bina_524", "Net_Yukseklik": 3.0, "Gunes_Paneli_Sayisi": 63, "Yillik_Uretim_kWh": 33075.0 }, "geometry": { "type": "Polygon", "coordinates": [ [ [ 34.361549011882992, 38.280068254510844 ], [ 34.361531860529439, 38.280068453577847 ], [ 34.361508571289463, 38.28004619307557 ], [ 34.361461319648143, 38.279965630581302 ], [ 34.361466531853615, 38.279938533123286 ], [ 34.361517565054328, 38.279915410023655 ], [ 34.36155195184535, 38.279919517076898 ], [ 34.36156952394883, 38.279941843928569 ], [ 34.361598361964475, 38.279955027692971 ], [ 34.36159895107717, 38.279986563981716 ], [ 34.361610553619222, 38.279995441632479 ], [ 34.361605425623601, 38.280027044279763 ], [ 34.361571459566385, 38.280045463163816 ], [ 34.361549011882992, 38.280068254510844 ] ] ] } },
{ "type": "Feature", "properties": { "Bina_ID": "Bina_525", "Net_Yukseklik": 17.89, "Gunes_Paneli_Sayisi": 385, "Yillik_Uretim_kWh": 202125.0 }, "geometry": { "type": "Polygon", "coordinates": [ [ [ 34.369684790107833, 38.279991568528722 ], [ 34.369550926768127, 38.279866959022932 ], [ 34.369889210150589, 38.279610664332736 ], [ 34.369952013157871, 38.279605424767382 ], [ 34.370050727444614, 38.279685382757087 ], [ 34.370045857178553, 38.279730501211041 ], [ 34.369809296140957, 38.279922522378243 ], [ 34.369684790107833, 38.279991568528722 ] ] ] } },
{ "type": "Feature", "properties": { "Bina_ID": "Bina_526", "Net_Yukseklik": 6.63, "Gunes_Paneli_Sayisi": 47, "Yillik_Uretim_kWh": 24675.0 }, "geometry": { "type": "Polygon", "coordinates": [ [ [ 34.35920625217053, 38.280163014926359 ], [ 34.35911503009325, 38.280177590329615 ], [ 34.35908013927245, 38.280146451429751 ], [ 34.359073750115265, 38.280110476155826 ], [ 34.359015738847013, 38.280066086608755 ], [ 34.359020867971282, 38.280034484053886 ], [ 34.359066856948203, 38.280047469748567 ], [ 34.359095358553922, 38.280042633380816 ], [ 34.359108136882476, 38.280114583926263 ], [ 34.359125372270704, 38.28011889040198 ], [ 34.359136638511266, 38.280109747548089 ], [ 34.359130669363914, 38.280096298220677 ], [ 34.359182459535184, 38.280113722818925 ], [ 34.35920625217053, 38.280163014926359 ] ] ] } },
{ "type": "Feature", "properties": { "Bina_ID": "Bina_527", "Net_Yukseklik": 3.0, "Gunes_Paneli_Sayisi": 15, "Yillik_Uretim_kWh": 7875.0 }, "geometry": { "type": "Polygon", "coordinates": [ [ [ 34.371098606277386, 38.280065175515105 ], [ 34.371114740594564, 38.28001091305574 ], [ 34.371126174775526, 38.280010779410972 ], [ 34.371137778453566, 38.280019656097352 ], [ 34.371166448659359, 38.280023827143751 ], [ 34.37119528837259, 38.280037008515094 ], [ 34.371195457877036, 38.280046018847109 ], [ 34.371184193193983, 38.28005516283077 ], [ 34.371172843757215, 38.280059801647376 ], [ 34.371155692474545, 38.280060002121139 ], [ 34.37114442778428, 38.280069146101091 ], [ 34.371104408118846, 38.28006961385973 ], [ 34.371098606277386, 38.280065175515105 ] ] ] } },
{ "type": "Feature", "properties": { "Bina_ID": "Bina_528", "Net_Yukseklik": 4.99, "Gunes_Paneli_Sayisi": 204, "Yillik_Uretim_kWh": 107100.0 }, "geometry": { "type": "Polygon", "coordinates": [ [ [ 34.371927415228505, 38.280046473155565 ], [ 34.371926906443996, 38.280019442167756 ], [ 34.372006606482202, 38.280000485418796 ], [ 34.372011475544859, 38.279955366907956 ], [ 34.372164395005832, 38.279876973639418 ], [ 34.372174556978223, 38.279809262428103 ], [ 34.372214322039383, 38.279795278814326 ], [ 34.372185142996088, 38.279764077037306 ], [ 34.372211777614638, 38.279660123884518 ], [ 34.372236087718541, 38.279736444175334 ], [ 34.372323200847667, 38.279807523624257 ], [ 34.372368852596274, 38.279802483405845 ], [ 34.372334974278743, 38.279825410518434 ], [ 34.372347426298475, 38.279879338723042 ], [ 34.372210216439527, 38.279880943810291 ], [ 34.372216781666161, 38.279925928576702 ], [ 34.372172486825555, 38.280003051365007 ], [ 34.37203646398175, 38.280067728553959 ], [ 34.371927415228505, 38.280046473155565 ] ] ] } },
{ "type": "Feature", "properties": { "Bina_ID": "Bina_529", "Net_Yukseklik": 3.0, "Gunes_Paneli_Sayisi": 15, "Yillik_Uretim_kWh": 7875.0 }, "geometry": { "type": "Polygon", "coordinates": [ [ [ 34.364518723690502, 38.280168933553071 ], [ 34.364507120774604, 38.280160056197381 ], [ 34.364506699078511, 38.28013753030482 ], [ 34.364512331855202, 38.280132958625863 ], [ 34.364512163176236, 38.280123948268809 ], [ 34.364517711611761, 38.280114871411101 ], [ 34.364540327045752, 38.280101089870186 ], [ 34.364563195498704, 38.280100823860408 ], [ 34.364574798411624, 38.280109701210669 ], [ 34.364575473158574, 38.280145742637899 ], [ 34.36455294205993, 38.280164029364023 ], [ 34.364541592164933, 38.280168667547116 ], [ 34.364518723690502, 38.280168933553071 ] ] ] } },
{ "type": "Feature", "properties": { "Bina_ID": "Bina_530", "Net_Yukseklik": 3.0, "Gunes_Paneli_Sayisi": 16, "Yillik_Uretim_kWh": 8400.0 }, "geometry": { "type": "Polygon", "coordinates": [ [ [ 34.37123793542262, 38.28017620086802 ], [ 34.3712319640548, 38.28016275219872 ], [ 34.37123759640172, 38.280158180204715 ], [ 34.371236918360843, 38.2801221388779 ], [ 34.37124775926894, 38.280090469059907 ], [ 34.371247335491134, 38.280067943230499 ], [ 34.371235477527989, 38.280045551057654 ], [ 34.371252544050925, 38.28004084540639 ], [ 34.371275581935208, 38.280049588420404 ], [ 34.371292733214567, 38.280049387929147 ], [ 34.371292987489447, 38.28006290342659 ], [ 34.371276005721462, 38.280072114249599 ], [ 34.371264995314796, 38.280094773738369 ], [ 34.371260803835135, 38.2801759335524 ], [ 34.37123793542262, 38.28017620086802 ] ] ] } },
{ "type": "Feature", "properties": { "Bina_ID": "Bina_531", "Net_Yukseklik": 3.63, "Gunes_Paneli_Sayisi": 18, "Yillik_Uretim_kWh": 9450.0 }, "geometry": { "type": "Polygon", "coordinates": [ [ [ 34.37032942397483, 38.280213854060825 ], [ 34.370312018555424, 38.280200538909348 ], [ 34.370305962657227, 38.280182585022203 ], [ 34.370294359051471, 38.280173708252342 ], [ 34.37029410496072, 38.280160192749506 ], [ 34.370316634584206, 38.280141904947612 ], [ 34.370339418295167, 38.280137132644207 ], [ 34.37037431382096, 38.280168268104418 ], [ 34.37038020033004, 38.280177211652905 ], [ 34.370380454436905, 38.280190727155208 ], [ 34.370346575299635, 38.280213653707158 ], [ 34.37032942397483, 38.280213854060825 ] ] ] } },
{ "type": "Feature", "properties": { "Bina_ID": "Bina_532", "Net_Yukseklik": 3.0, "Gunes_Paneli_Sayisi": 19, "Yillik_Uretim_kWh": 9975.0 }, "geometry": { "type": "Polygon", "coordinates": [ [ [ 34.361130908818566, 38.280338970002191 ], [ 34.361114009788736, 38.280352684563418 ], [ 34.361096858365165, 38.280352883568078 ], [ 34.361079538685395, 38.280344072200656 ], [ 34.36105667012297, 38.28034433753286 ], [ 34.361033633309937, 38.280335592490864 ], [ 34.361010764749736, 38.28033585781408 ], [ 34.361010428254986, 38.280317837074342 ], [ 34.361015977145669, 38.280308760374133 ], [ 34.361033128559441, 38.280308561381503 ], [ 34.361050111720893, 38.280299352016591 ], [ 34.361095848817342, 38.28029882135079 ], [ 34.361124771024706, 38.280316510414544 ], [ 34.361130656425175, 38.280325454448068 ], [ 34.361130908818566, 38.280338970002191 ] ] ] } },
{ "type": "Feature", "properties": { "Bina_ID": "Bina_533", "Net_Yukseklik": 7.22, "Gunes_Paneli_Sayisi": 32, "Yillik_Uretim_kWh": 16800.0 }, "geometry": { "type": "Polygon", "coordinates": [ [ [ 34.369337016710787, 38.280351615026163 ], [ 34.369306992284471, 38.280275360823524 ], [ 34.369329691471322, 38.280266083544966 ], [ 34.369346842815581, 38.280265883337222 ], [ 34.369363824880253, 38.280256672788376 ], [ 34.369386693335954, 38.280256405837555 ], [ 34.369392749015809, 38.28027435977608 ], [ 34.369422011738955, 38.280310067432943 ], [ 34.369422434956427, 38.280332593278608 ], [ 34.369394018640897, 38.28034193731407 ], [ 34.369382753681961, 38.280351081129382 ], [ 34.369337016710787, 38.280351615026163 ] ] ] } },
{ "type": "Feature", "properties": { "Bina_ID": "Bina_534", "Net_Yukseklik": 7.79, "Gunes_Paneli_Sayisi": 263, "Yillik_Uretim_kWh": 138075.0 }, "geometry": { "type": "Polygon", "coordinates": [ [ [ 34.359812014012476, 38.280448895142214 ], [ 34.359709189320682, 38.280454593180366 ], [ 34.359764932045294, 38.280377342314146 ], [ 34.359656390302369, 38.280383106573737 ], [ 34.35975248920014, 38.280323412605554 ], [ 34.359729284453671, 38.280305656929627 ], [ 34.359581142999403, 38.280334410922961 ], [ 34.359361959037777, 38.28023330929895 ], [ 34.359310924905337, 38.280256431476374 ], [ 34.359308992486156, 38.280152812147541 ], [ 34.359257874376908, 38.280171429113139 ], [ 34.359239966858901, 38.280131081150252 ], [ 34.359370872651169, 38.280098021155148 ], [ 34.359423419102974, 38.280155992338692 ], [ 34.359379026422999, 38.280228605360378 ], [ 34.359436533882118, 38.280245963592428 ], [ 34.359533136979842, 38.280213300929809 ], [ 34.359591148675442, 38.280257690211819 ], [ 34.359733320702254, 38.280215486914251 ], [ 34.359882974816202, 38.280267826101969 ], [ 34.359878266321793, 38.280321954621975 ], [ 34.359775525863107, 38.280332157902137 ], [ 34.359833874004082, 38.280394567807221 ], [ 34.359812014012476, 38.280448895142214 ] ] ] } },
{ "type": "Feature", "properties": { "Bina_ID": "Bina_535", "Net_Yukseklik": 5.82, "Gunes_Paneli_Sayisi": 135, "Yillik_Uretim_kWh": 70875.0 }, "geometry": { "type": "Polygon", "coordinates": [ [ [ 34.371264024602404, 38.280347129849403 ], [ 34.371166494613597, 38.280330245253666 ], [ 34.371115125322206, 38.280335351834189 ], [ 34.371109662449747, 38.28034893415446 ], [ 34.371063840767953, 38.280344963558356 ], [ 34.37103432300902, 38.280295740828407 ], [ 34.371088104290592, 38.280114865985247 ], [ 34.371174369276218, 38.280140894635402 ], [ 34.371136129299913, 38.280235970891134 ], [ 34.371285282654405, 38.280261264380648 ], [ 34.371264024602404, 38.280347129849403 ] ] ] } },
{ "type": "Feature", "properties": { "Bina_ID": "Bina_536", "Net_Yukseklik": 6.65, "Gunes_Paneli_Sayisi": 75, "Yillik_Uretim_kWh": 39375.0 }, "geometry": { "type": "Polygon", "coordinates": [ [ [ 34.368342575596138, 38.280381243555986 ], [ 34.368330972191295, 38.280372366588281 ], [ 34.368356766755582, 38.280223362501651 ], [ 34.368396701971612, 38.280218390507464 ], [ 34.368454042270109, 38.280226733935919 ], [ 34.368460774390009, 38.280280729295001 ], [ 34.368450524321304, 38.280343935074427 ], [ 34.368434049612496, 38.280380176519223 ], [ 34.368417067397928, 38.280389386936015 ], [ 34.368342575596138, 38.280381243555986 ] ] ] } },
{ "type": "Feature", "properties": { "Bina_ID": "Bina_537", "Net_Yukseklik": 3.47, "Gunes_Paneli_Sayisi": 178, "Yillik_Uretim_kWh": 93450.0 }, "geometry": { "type": "Polygon", "coordinates": [ [ [ 34.371475134048239, 38.280322131127235 ], [ 34.371474710196658, 38.280299605300875 ], [ 34.371497578645616, 38.280299337938374 ], [ 34.371542637347197, 38.28026276187866 ], [ 34.37163974342095, 38.280257120336891 ], [ 34.371700766365549, 38.280157271363201 ], [ 34.371775173459824, 38.280160907443125 ], [ 34.37182637299049, 38.280146790247088 ], [ 34.371872364168667, 38.280159770876274 ], [ 34.371879437987772, 38.280231786650468 ], [ 34.371788473026392, 38.280259887358248 ], [ 34.37177763233182, 38.280291557221375 ], [ 34.371681543623517, 38.280351260856413 ], [ 34.371573087972301, 38.280361541290475 ], [ 34.371526842394573, 38.280335045050329 ], [ 34.371526503300331, 38.280317024389674 ], [ 34.371475134048239, 38.280322131127235 ] ] ] } },
{ "type": "Feature", "properties": { "Bina_ID": "Bina_538", "Net_Yukseklik": 6.31, "Gunes_Paneli_Sayisi": 64, "Yillik_Uretim_kWh": 33600.0 }, "geometry": { "type": "Polygon", "coordinates": [ [ [ 34.361832019273926, 38.280524597807535 ], [ 34.361792083375498, 38.280529567577815 ], [ 34.361769467275295, 38.280543348600034 ], [ 34.361746430317311, 38.280534603701099 ], [ 34.361683625788928, 38.280539838897965 ], [ 34.361671265663666, 38.280490414605033 ], [ 34.36162544429579, 38.280486440313716 ], [ 34.361630740633842, 38.280463848034877 ], [ 34.361665127689967, 38.280467955049609 ], [ 34.36168202663977, 38.280454240410656 ], [ 34.361699178083001, 38.280454041320013 ], [ 34.361704558562955, 38.280435954221751 ], [ 34.361784430265466, 38.280426014728853 ], [ 34.361790820788684, 38.2804619898277 ], [ 34.361836894673779, 38.280479479604367 ], [ 34.361832019273926, 38.280524597807535 ] ] ] } },
{ "type": "Feature", "properties": { "Bina_ID": "Bina_539", "Net_Yukseklik": 6.21, "Gunes_Paneli_Sayisi": 119, "Yillik_Uretim_kWh": 62475.0 }, "geometry": { "type": "Polygon", "coordinates": [ [ [ 34.360912650945778, 38.280593847259262 ], [ 34.360905419662672, 38.280512820255773 ], [ 34.360910884462648, 38.28049923837532 ], [ 34.360933837194523, 38.280503478255561 ], [ 34.360921309345201, 38.280445043503683 ], [ 34.360932070689614, 38.280408869370994 ], [ 34.361074999333738, 38.280407211120988 ], [ 34.361092655544404, 38.280434043227551 ], [ 34.361094758777362, 38.28054667284384 ], [ 34.36106650950633, 38.280565025252194 ], [ 34.360980668012758, 38.280561515035515 ], [ 34.360941236748303, 38.28059351562657 ], [ 34.360912650945778, 38.280593847259262 ] ] ] } },
{ "type": "Feature", "properties": { "Bina_ID": "Bina_540", "Net_Yukseklik": 5.31, "Gunes_Paneli_Sayisi": 170, "Yillik_Uretim_kWh": 89250.0 }, "geometry": { "type": "Polygon", "coordinates": [ [ [ 34.358815627604088, 38.280681242731973 ], [ 34.358699442985149, 38.280277033911638 ], [ 34.358761659658413, 38.280240263988311 ], [ 34.358802435506519, 38.280280347139943 ], [ 34.358785704013883, 38.280303071751995 ], [ 34.358907191901409, 38.280378269243869 ], [ 34.3588621266424, 38.280414840568625 ], [ 34.358862966555165, 38.280459892457309 ], [ 34.358914756926978, 38.280477317169073 ], [ 34.358909879714446, 38.280522435284574 ], [ 34.358847410909618, 38.280545689721471 ], [ 34.358881965857812, 38.280558807931868 ], [ 34.358848334808094, 38.280595246798207 ], [ 34.358813779848184, 38.28058212857821 ], [ 34.35879688031725, 38.280595842814236 ], [ 34.358815627604088, 38.280681242731973 ] ] ] } },
{ "type": "Feature", "properties": { "Bina_ID": "Bina_541", "Net_Yukseklik": 8.93, "Gunes_Paneli_Sayisi": 22, "Yillik_Uretim_kWh": 11550.0 }, "geometry": { "type": "Polygon", "coordinates": [ [ [ 34.366859924003627, 38.28060130573364 ], [ 34.366853953399797, 38.280587856827879 ], [ 34.366830915847608, 38.280579112939357 ], [ 34.366835872633246, 38.280538499760638 ], [ 34.366847306917421, 38.280538366531317 ], [ 34.366870006512691, 38.280529089721774 ], [ 34.366898592218881, 38.280528756638127 ], [ 34.366933402007732, 38.280555387970487 ], [ 34.366933570988571, 38.28056439831775 ], [ 34.366922221190471, 38.280569036729204 ], [ 34.366888509738253, 38.280600972651932 ], [ 34.366859924003627, 38.28060130573364 ] ] ] } },
{ "type": "Feature", "properties": { "Bina_ID": "Bina_542", "Net_Yukseklik": 5.38, "Gunes_Paneli_Sayisi": 30, "Yillik_Uretim_kWh": 15750.0 }, "geometry": { "type": "Polygon", "coordinates": [ [ [ 34.362063231059956, 38.28065709824601 ], [ 34.362039436338272, 38.28060780676131 ], [ 34.362039267962075, 38.280598796395722 ], [ 34.362050533901026, 38.280589653268116 ], [ 34.362079035497871, 38.280584816175491 ], [ 34.362095934394425, 38.280571101478124 ], [ 34.362124520173964, 38.280570769557308 ], [ 34.362141924224517, 38.28058408594935 ], [ 34.362176227165364, 38.280583687629971 ], [ 34.362176395558393, 38.280592697995083 ], [ 34.362153526928417, 38.280592963542524 ], [ 34.362125277914103, 38.280611316201103 ], [ 34.362125867268588, 38.280642852479396 ], [ 34.362103503775643, 38.280670149113078 ], [ 34.362080635120677, 38.280670414646771 ], [ 34.362063231059956, 38.28065709824601 ] ] ] } },
{ "type": "Feature", "properties": { "Bina_ID": "Bina_543", "Net_Yukseklik": 6.69, "Gunes_Paneli_Sayisi": 19, "Yillik_Uretim_kWh": 9975.0 }, "geometry": { "type": "Polygon", "coordinates": [ [ [ 34.363928374005624, 38.280707525783484 ], [ 34.363922488233754, 38.28069858189793 ], [ 34.363905336748857, 38.280698781314648 ], [ 34.363899535283842, 38.280694342607084 ], [ 34.363899198070676, 38.280676321890134 ], [ 34.36391584372479, 38.280649091399042 ], [ 34.363915506508135, 38.280631070682063 ], [ 34.363926772211123, 38.280621927378597 ], [ 34.363938206522249, 38.280621794432541 ], [ 34.363944007983648, 38.280626233138292 ], [ 34.363961159451208, 38.280626033716239 ], [ 34.363978479534616, 38.28063484464996 ], [ 34.363978732458783, 38.280648360187335 ], [ 34.363967466758481, 38.280657503495711 ], [ 34.363967888295797, 38.280680029391327 ], [ 34.36395662258932, 38.280689172698729 ], [ 34.363956791203051, 38.280698183056984 ], [ 34.363945525492419, 38.280707326363363 ], [ 34.363928374005624, 38.280707525783484 ] ] ] } },
{ "type": "Feature", "properties": { "Bina_ID": "Bina_544", "Net_Yukseklik": 3.5, "Gunes_Paneli_Sayisi": 25, "Yillik_Uretim_kWh": 13125.0 }, "geometry": { "type": "Polygon", "coordinates": [ [ [ 34.360802681548066, 38.280829443341972 ], [ 34.36080234509879, 38.280811422602198 ], [ 34.360819328405697, 38.28080221326875 ], [ 34.360824793241932, 38.280788631392248 ], [ 34.360853379121878, 38.280788299779552 ], [ 34.360859012182104, 38.280783728271309 ], [ 34.360853042660565, 38.280770279040027 ], [ 34.360869857718832, 38.280752059329735 ], [ 34.360892810528618, 38.280756299216392 ], [ 34.360927870647494, 38.280796447923393 ], [ 34.360928207127614, 38.280814468662271 ], [ 34.360905590772248, 38.280828249521988 ], [ 34.360865570519117, 38.280828713796033 ], [ 34.360859769224156, 38.280824274934957 ], [ 34.360802681548066, 38.280829443341972 ] ] ] } },
{ "type": "Feature", "properties": { "Bina_ID": "Bina_545", "Net_Yukseklik": 4.35, "Gunes_Paneli_Sayisi": 19, "Yillik_Uretim_kWh": 9975.0 }, "geometry": { "type": "Polygon", "coordinates": [ [ [ 34.361740635380151, 38.280836583714063 ], [ 34.361722894662691, 38.280805246529901 ], [ 34.361711291975396, 38.280796368894109 ], [ 34.361711039470258, 38.280782853344313 ], [ 34.361744921658669, 38.280759929233092 ], [ 34.361773507516425, 38.280759597396418 ], [ 34.361802430069488, 38.280777286285229 ], [ 34.361797217938765, 38.280804383753164 ], [ 34.361791500763793, 38.280804450122282 ], [ 34.361752069735353, 38.280836450980416 ], [ 34.361740635380151, 38.280836583714063 ] ] ] } },
{ "type": "Feature", "properties": { "Bina_ID": "Bina_546", "Net_Yukseklik": 5.45, "Gunes_Paneli_Sayisi": 18, "Yillik_Uretim_kWh": 9450.0 }, "geometry": { "type": "Polygon", "coordinates": [ [ [ 34.366760225595073, 38.280773701377115 ], [ 34.366748960232918, 38.280782844946266 ], [ 34.366731808748412, 38.280783044776534 ], [ 34.366697252349439, 38.280769928907802 ], [ 34.36668581802823, 38.280770062123167 ], [ 34.366685649076771, 38.280761051775279 ], [ 34.366673961331969, 38.28074766946758 ], [ 34.366679340589805, 38.280729582164724 ], [ 34.366702124742872, 38.280724810560422 ], [ 34.366707757422937, 38.280720238778208 ], [ 34.366742060362569, 38.280719839122753 ], [ 34.366765435871862, 38.280746603723145 ], [ 34.366765773794405, 38.28076462441836 ], [ 34.366760225595073, 38.280773701377115 ] ] ] } },
{ "type": "Feature", "properties": { "Bina_ID": "Bina_547", "Net_Yukseklik": 3.78, "Gunes_Paneli_Sayisi": 25, "Yillik_Uretim_kWh": 13125.0 }, "geometry": { "type": "Polygon", "coordinates": [ [ [ 34.363782088074231, 38.280835399009305 ], [ 34.363748206510017, 38.28085832369738 ], [ 34.3637197892225, 38.28086766637476 ], [ 34.36370263769637, 38.280867865762588 ], [ 34.363673883239301, 38.280859187711002 ], [ 34.363650593097866, 38.280836927653965 ], [ 34.363644370196951, 38.280809963035757 ], [ 34.363655551673148, 38.280796314577842 ], [ 34.36367842035262, 38.280796048736441 ], [ 34.363701626197482, 38.280813803608687 ], [ 34.363718777710901, 38.280813604221244 ], [ 34.363747532154825, 38.280822282262129 ], [ 34.363776118013206, 38.280821949937099 ], [ 34.363782088074231, 38.280835399009305 ] ] ] } },
{ "type": "Feature", "properties": { "Bina_ID": "Bina_548", "Net_Yukseklik": 4.87, "Gunes_Paneli_Sayisi": 22, "Yillik_Uretim_kWh": 11550.0 }, "geometry": { "type": "Polygon", "coordinates": [ [ [ 34.363365324314735, 38.280871786547088 ], [ 34.363359438597243, 38.28086284263248 ], [ 34.363359101515549, 38.280844821911984 ], [ 34.363364650148512, 38.280835745106174 ], [ 34.363381633126018, 38.280826535407698 ], [ 34.363393067471833, 38.280826402514165 ], [ 34.3633988689175, 38.280830841247052 ], [ 34.363415851889407, 38.280821631543716 ], [ 34.363427286234291, 38.280821498646866 ], [ 34.363444184924795, 38.280807783759506 ], [ 34.363467053609881, 38.280807517959239 ], [ 34.363478656507645, 38.280816395417311 ], [ 34.363479077896329, 38.280838921316906 ], [ 34.363467643548958, 38.280839054218873 ], [ 34.363439394781594, 38.280857407188783 ], [ 34.363428213255261, 38.280871055626882 ], [ 34.363399795919463, 38.280880398227588 ], [ 34.363382644388061, 38.280880597568689 ], [ 34.363365324314735, 38.280871786547088 ] ] ] } },
{ "type": "Feature", "properties": { "Bina_ID": "Bina_549", "Net_Yukseklik": 4.4, "Gunes_Paneli_Sayisi": 20, "Yillik_Uretim_kWh": 10500.0 }, "geometry": { "type": "Polygon", "coordinates": [ [ [ 34.364184313829561, 38.28093886999136 ], [ 34.364184145186265, 38.280929859634327 ], [ 34.364206592287609, 38.280907067796697 ], [ 34.364269396909712, 38.280901831246645 ], [ 34.364275282740792, 38.280910775113369 ], [ 34.364280831263109, 38.280901698266376 ], [ 34.364292265616434, 38.280901565284985 ], [ 34.364309248487736, 38.280892355454192 ], [ 34.364343635874057, 38.280896461676726 ], [ 34.364338171691116, 38.280910043704807 ], [ 34.364304121614587, 38.280923958194016 ], [ 34.364281252900945, 38.28092422415812 ], [ 34.364270155851806, 38.280942377851908 ], [ 34.364201634014449, 38.28094768088976 ], [ 34.364184313829561, 38.28093886999136 ] ] ] } },
{ "type": "Feature", "properties": { "Bina_ID": "Bina_550", "Net_Yukseklik": 3.6, "Gunes_Paneli_Sayisi": 218, "Yillik_Uretim_kWh": 114450.0 }, "geometry": { "type": "Polygon", "coordinates": [ [ [ 34.365173216892025, 38.280918353433378 ], [ 34.365149251233028, 38.280860052269261 ], [ 34.365165980836608, 38.280837326786319 ], [ 34.365239966492481, 38.280818441121482 ], [ 34.36529175856154, 38.280835862983025 ], [ 34.365296885000056, 38.280804260207717 ], [ 34.365365237815432, 38.280789946181095 ], [ 34.365371630137766, 38.280825921048923 ], [ 34.365411650314272, 38.280825455237924 ], [ 34.365405173575624, 38.280784975196305 ], [ 34.365695735983728, 38.280727518927897 ], [ 34.365720039694288, 38.280803840677194 ], [ 34.365589135737842, 38.280836907724463 ], [ 34.365571140162082, 38.280792055625405 ], [ 34.365554241884674, 38.280805770811668 ], [ 34.365577785808327, 38.280841546008013 ], [ 34.365219376226264, 38.28094034703598 ], [ 34.365173216892025, 38.280918353433378 ] ] ] } },
{ "type": "Feature", "properties": { "Bina_ID": "Bina_551", "Net_Yukseklik": 3.0, "Gunes_Paneli_Sayisi": 59, "Yillik_Uretim_kWh": 30975.0 }, "geometry": { "type": "Polygon", "coordinates": [ [ [ 34.363806136937363, 38.280898205652903 ], [ 34.363816896901952, 38.280862031283839 ], [ 34.363913835954591, 38.280847385754612 ], [ 34.363970417529607, 38.280815184763206 ], [ 34.364028685287508, 38.280873087323087 ], [ 34.364011365140762, 38.280864276398297 ], [ 34.363971597844518, 38.280878257268967 ], [ 34.3639663022091, 38.280900849638925 ], [ 34.363989508156529, 38.280918604451962 ], [ 34.363994972405536, 38.280905022438922 ], [ 34.364017925427163, 38.280909261709581 ], [ 34.364051891240713, 38.280890842123732 ], [ 34.364063578535649, 38.280904224701011 ], [ 34.364052481434548, 38.280922378375223 ], [ 34.363938812305733, 38.280959749337619 ], [ 34.363961343802032, 38.280941462724378 ], [ 34.363955036469122, 38.280909992946476 ], [ 34.363806136937363, 38.280898205652903 ] ] ] } },
{ "type": "Feature", "properties": { "Bina_ID": "Bina_552", "Net_Yukseklik": 7.14, "Gunes_Paneli_Sayisi": 17, "Yillik_Uretim_kWh": 8925.0 }, "geometry": { "type": "Polygon", "coordinates": [ [ [ 34.363464286130885, 38.280965265706428 ], [ 34.363446628923164, 38.280938433978022 ], [ 34.363446376095013, 38.280924918438309 ], [ 34.36348589068735, 38.280897422203921 ], [ 34.363497325043788, 38.280897289300022 ], [ 34.36352036231748, 38.28090603384846 ], [ 34.363531965237627, 38.280914911300691 ], [ 34.363532133800234, 38.280923921660197 ], [ 34.363537935262109, 38.280928360385822 ], [ 34.363532639488483, 38.280950952738607 ], [ 34.363527006587233, 38.280955524372224 ], [ 34.363509855039055, 38.280955723732255 ], [ 34.363509602199031, 38.280942208192947 ], [ 34.363498083556337, 38.280937835918373 ], [ 34.363492450653858, 38.280942407550377 ], [ 34.363492872048703, 38.280964933449361 ], [ 34.363464286130885, 38.280965265706428 ] ] ] } },
{ "type": "Feature", "properties": { "Bina_ID": "Bina_553", "Net_Yukseklik": 6.59, "Gunes_Paneli_Sayisi": 59, "Yillik_Uretim_kWh": 30975.0 }, "geometry": { "type": "Polygon", "coordinates": [ [ [ 34.366363149169345, 38.280945054923428 ], [ 34.366362811344139, 38.280927034225755 ], [ 34.366351208085618, 38.280918157060078 ], [ 34.366350954719152, 38.280904641536708 ], [ 34.366339435920416, 38.28090026954424 ], [ 34.366339013646964, 38.280877743671738 ], [ 34.366361460046356, 38.280854951434442 ], [ 34.366413083476388, 38.280863362446382 ], [ 34.366435445387403, 38.280836065021035 ], [ 34.36646941053521, 38.280817644746968 ], [ 34.366486562029742, 38.280817444954906 ], [ 34.366538523313174, 38.280843876608735 ], [ 34.366538776713867, 38.280857392131203 ], [ 34.366493715084104, 38.280893966319034 ], [ 34.366453694888058, 38.280894432499828 ], [ 34.366409055488035, 38.280953532527633 ], [ 34.366374752433664, 38.280953932087762 ], [ 34.366363149169345, 38.280945054923428 ] ] ] } },
{ "type": "Feature", "properties": { "Bina_ID": "Bina_554", "Net_Yukseklik": 3.0, "Gunes_Paneli_Sayisi": 16, "Yillik_Uretim_kWh": 8400.0 }, "geometry": { "type": "Polygon", "coordinates": [ [ [ 34.364642531655463, 38.280978602015438 ], [ 34.364631012942333, 38.280974229853541 ], [ 34.364607638128575, 38.280947464815448 ], [ 34.36460721638953, 38.280924938926844 ], [ 34.364624367922623, 38.280924739406537 ], [ 34.364641350755825, 38.280915529528407 ], [ 34.36465850228646, 38.28091533000314 ], [ 34.364687425581288, 38.280933018165797 ], [ 34.364693311465679, 38.280941962010495 ], [ 34.364693480171987, 38.280950972365581 ], [ 34.364670948860777, 38.28096925911607 ], [ 34.364665231679709, 38.280969325625442 ], [ 34.364653966019127, 38.280978468998576 ], [ 34.364642531655463, 38.280978602015438 ] ] ] } },
{ "type": "Feature", "properties": { "Bina_ID": "Bina_555", "Net_Yukseklik": 3.0, "Gunes_Paneli_Sayisi": 30, "Yillik_Uretim_kWh": 15750.0 }, "geometry": { "type": "Polygon", "coordinates": [ [ [ 34.361652527138531, 38.281017852873944 ], [ 34.361641092754397, 38.28101798559841 ], [ 34.361612001816248, 38.280991286304989 ], [ 34.361611749327757, 38.280977770755079 ], [ 34.36160014662557, 38.280968893108792 ], [ 34.361599978301491, 38.280959882742117 ], [ 34.361582574255728, 38.280946566270316 ], [ 34.361587786475127, 38.280919468810872 ], [ 34.361598968358585, 38.280905820541754 ], [ 34.361638988641836, 38.28090535601676 ], [ 34.361668163720573, 38.280936560487547 ], [ 34.361668416219153, 38.280950076037236 ], [ 34.361674217572414, 38.280954514857108 ], [ 34.361675143406082, 38.281004071872168 ], [ 34.361652527138531, 38.281017852873944 ] ] ] } },
{ "type": "Feature", "properties": { "Bina_ID": "Bina_556", "Net_Yukseklik": 6.98, "Gunes_Paneli_Sayisi": 109, "Yillik_Uretim_kWh": 57225.0 }, "geometry": { "type": "Polygon", "coordinates": [ [ [ 34.368867608503678, 38.280933881618559 ], [ 34.368850541608843, 38.280938586928933 ], [ 34.368735013791898, 38.2808768487563 ], [ 34.368706427971155, 38.280877182289906 ], [ 34.368638498773699, 38.280914024103524 ], [ 34.368546178184154, 38.28087003960875 ], [ 34.368534067134163, 38.280834131641406 ], [ 34.368618301835312, 38.280752038081488 ], [ 34.368693132442033, 38.280778201958846 ], [ 34.368745348277237, 38.280818148130862 ], [ 34.368745855896606, 38.280845179150965 ], [ 34.368855751115497, 38.280911489197237 ], [ 34.368867608503678, 38.280933881618559 ] ] ] } },
{ "type": "Feature", "properties": { "Bina_ID": "Bina_557", "Net_Yukseklik": 3.0, "Gunes_Paneli_Sayisi": 12, "Yillik_Uretim_kWh": 6300.0 }, "geometry": { "type": "Polygon", "coordinates": [ [ [ 34.371652036768921, 38.280910369224024 ], [ 34.371651612853746, 38.280887843401594 ], [ 34.371657160445082, 38.280878766222941 ], [ 34.371679689935263, 38.280860478163653 ], [ 34.371679605150632, 38.280855972999191 ], [ 34.371685237521078, 38.280851400983728 ], [ 34.371725257605945, 38.280850933018947 ], [ 34.371725342393376, 38.28085543818333 ], [ 34.371736946280222, 38.280864314805292 ], [ 34.371737115856639, 38.280873325133982 ], [ 34.371719964386621, 38.280873525693814 ], [ 34.371697434902849, 38.280891813760682 ], [ 34.371697604474548, 38.280900824089485 ], [ 34.371691972101175, 38.28090539610556 ], [ 34.371680537782609, 38.280905529808088 ], [ 34.371674905407779, 38.28091010182338 ], [ 34.371652036768921, 38.280910369224024 ] ] ] } },
{ "type": "Feature", "properties": { "Bina_ID": "Bina_558", "Net_Yukseklik": 4.61, "Gunes_Paneli_Sayisi": 59, "Yillik_Uretim_kWh": 30975.0 }, "geometry": { "type": "Polygon", "coordinates": [ [ [ 34.362606708377555, 38.280975230181099 ], [ 34.362646223321931, 38.280947734223382 ], [ 34.362686243610753, 38.280947269340743 ], [ 34.362721052102458, 38.280973901946503 ], [ 34.362795375519617, 38.280973038534285 ], [ 34.362847251386967, 38.280994966664728 ], [ 34.362847504104678, 38.281008482207639 ], [ 34.362802356251869, 38.281040549831815 ], [ 34.362745015873969, 38.281032203641345 ], [ 34.362722399806387, 38.281045984845719 ], [ 34.36270524823118, 38.281046184088517 ], [ 34.362687591278977, 38.281019352241344 ], [ 34.362624533740103, 38.281011072404169 ], [ 34.362606708377555, 38.280975230181099 ] ] ] } },
{ "type": "Feature", "properties": { "Bina_ID": "Bina_559", "Net_Yukseklik": 4.82, "Gunes_Paneli_Sayisi": 151, "Yillik_Uretim_kWh": 79275.0 }, "geometry": { "type": "Polygon", "coordinates": [ [ [ 34.362085518221711, 38.280931715235191 ], [ 34.362090982829166, 38.280918133304226 ], [ 34.362159336436655, 38.280903821132405 ], [ 34.362194313116618, 38.280939464263206 ], [ 34.362410892421948, 38.280900899833021 ], [ 34.362435276989778, 38.280981727505868 ], [ 34.362389792123103, 38.28099577424728 ], [ 34.362373651077256, 38.28105003562338 ], [ 34.362225172458558, 38.281060772233566 ], [ 34.362207515677248, 38.281033940310927 ], [ 34.362161778140745, 38.28103447141865 ], [ 34.362143447823406, 38.280971598027399 ], [ 34.362085518221711, 38.280931715235191 ] ] ] } },
{ "type": "Feature", "properties": { "Bina_ID": "Bina_560", "Net_Yukseklik": 5.32, "Gunes_Paneli_Sayisi": 42, "Yillik_Uretim_kWh": 22050.0 }, "geometry": { "type": "Polygon", "coordinates": [ [ [ 34.363254182818274, 38.281044312255879 ], [ 34.363202980888794, 38.281058425750757 ], [ 34.363156653546426, 38.281027420984287 ], [ 34.363144460849227, 38.28098700723168 ], [ 34.363149588230421, 38.280955404533387 ], [ 34.363143196988069, 38.280919429524886 ], [ 34.363183385772601, 38.28092797483383 ], [ 34.363190029816529, 38.280977465380765 ], [ 34.363224248665063, 38.280972561571232 ], [ 34.36325880456701, 38.280985678472689 ], [ 34.363270660265208, 38.281008071491556 ], [ 34.363271081592515, 38.281030597392387 ], [ 34.363254182818274, 38.281044312255879 ] ] ] } },
{ "type": "Feature", "properties": { "Bina_ID": "Bina_561", "Net_Yukseklik": 5.26, "Gunes_Paneli_Sayisi": 33, "Yillik_Uretim_kWh": 17325.0 }, "geometry": { "type": "Polygon", "coordinates": [ [ [ 34.362968576019867, 38.281061149479619 ], [ 34.362933767397287, 38.2810345169502 ], [ 34.362915520660891, 38.280976148872917 ], [ 34.362938136669555, 38.280962367632242 ], [ 34.362961005407954, 38.28096210192971 ], [ 34.362966806839005, 38.280966540684162 ], [ 34.36301817725262, 38.280961437653886 ], [ 34.36302969587171, 38.280965809976053 ], [ 34.363035750059524, 38.280983764268917 ], [ 34.363007585374412, 38.281006622318145 ], [ 34.36299707773253, 38.281056312161986 ], [ 34.362968576019867, 38.281061149479619 ] ] ] } },
{ "type": "Feature", "properties": { "Bina_ID": "Bina_562", "Net_Yukseklik": 4.39, "Gunes_Paneli_Sayisi": 13, "Yillik_Uretim_kWh": 6825.0 }, "geometry": { "type": "Polygon", "coordinates": [ [ [ 34.362505904472748, 38.281089055036738 ], [ 34.362471096001471, 38.281062422367192 ], [ 34.362470674920878, 38.281039896458999 ], [ 34.362487826496277, 38.281039697250513 ], [ 34.362499176661956, 38.28103505926186 ], [ 34.362516075579478, 38.281021344504516 ], [ 34.362533227150188, 38.281021145289486 ], [ 34.362533479809912, 38.281034660834095 ], [ 34.362539281221473, 38.28103909961002 ], [ 34.36253944966213, 38.281048109973057 ], [ 34.362528352156183, 38.281066263510162 ], [ 34.362528604815409, 38.281079779054693 ], [ 34.36251733886391, 38.281088922227774 ], [ 34.362505904472748, 38.281089055036738 ] ] ] } },
{ "type": "Feature", "properties": { "Bina_ID": "Bina_563", "Net_Yukseklik": 3.84, "Gunes_Paneli_Sayisi": 21, "Yillik_Uretim_kWh": 11025.0 }, "geometry": { "type": "Polygon", "coordinates": [ [ [ 34.364775798359965, 38.281071680978386 ], [ 34.364752929604485, 38.281071947035279 ], [ 34.364729807781394, 38.281058697555544 ], [ 34.364718373405509, 38.281058830580022 ], [ 34.364712571862867, 38.281054391914424 ], [ 34.364712150089787, 38.281031866027227 ], [ 34.364706348549703, 38.281027427361252 ], [ 34.364706179841349, 38.281018417006315 ], [ 34.364688859580639, 38.281009606183979 ], [ 34.364688522168535, 38.280991585473906 ], [ 34.364699956534018, 38.280991452452533 ], [ 34.364711222190657, 38.280982309075078 ], [ 34.364734090918418, 38.280982043026839 ], [ 34.364739892456448, 38.280986481691514 ], [ 34.364740061168781, 38.28099549204638 ], [ 34.364751664248438, 38.281004369374756 ], [ 34.364757634503974, 38.281017818393259 ], [ 34.364780840677582, 38.281035573045045 ], [ 34.364781346830874, 38.281062604108897 ], [ 34.364775798359965, 38.281071680978386 ] ] ] } },
{ "type": "Feature", "properties": { "Bina_ID": "Bina_564", "Net_Yukseklik": 5.15, "Gunes_Paneli_Sayisi": 32, "Yillik_Uretim_kWh": 16800.0 }, "geometry": { "type": "Polygon", "coordinates": [ [ [ 34.36481237923951, 38.281192921668712 ], [ 34.364789257366922, 38.28117967220188 ], [ 34.36476630421933, 38.28117543308479 ], [ 34.364754616752464, 38.281162050581379 ], [ 34.364754363679786, 38.281148535049553 ], [ 34.364759912158959, 38.281139458181023 ], [ 34.364776979382533, 38.281134753460215 ], [ 34.364788076331827, 38.281116599720868 ], [ 34.364799510716445, 38.281116466689426 ], [ 34.364810692018274, 38.281102818125248 ], [ 34.364827843591762, 38.281102618574423 ], [ 34.364856767002145, 38.2811203066926 ], [ 34.364880226328566, 38.281151576854569 ], [ 34.364880479424606, 38.281165092385663 ], [ 34.364858032460873, 38.281187884348832 ], [ 34.36481237923951, 38.281192921668712 ] ] ] } },
{ "type": "Feature", "properties": { "Bina_ID": "Bina_565", "Net_Yukseklik": 7.86, "Gunes_Paneli_Sayisi": 209, "Yillik_Uretim_kWh": 109725.0 }, "geometry": { "type": "Polygon", "coordinates": [ [ [ 34.365092184417236, 38.281171641307687 ], [ 34.365097395340499, 38.281144543717431 ], [ 34.365148428174507, 38.281121419048389 ], [ 34.365176001532035, 38.281067024261517 ], [ 34.365210642198768, 38.281084645756778 ], [ 34.365221823417713, 38.281070997154877 ], [ 34.365279079683653, 38.281074836952186 ], [ 34.365335660809102, 38.281042635311373 ], [ 34.365382073458541, 38.281078144375677 ], [ 34.365443865325886, 38.281018845082393 ], [ 34.365483970009329, 38.281022884420786 ], [ 34.365524749935254, 38.281062965152685 ], [ 34.365525340769892, 38.281094501383876 ], [ 34.365485573655299, 38.281108482764232 ], [ 34.365393676627953, 38.281087021638719 ], [ 34.365377959793427, 38.281163809266346 ], [ 34.365321969344286, 38.281227547161478 ], [ 34.365265303682044, 38.281255243621267 ], [ 34.365208131660488, 38.281255908996336 ], [ 34.365092184417236, 38.281171641307687 ] ] ] } },
{ "type": "Feature", "properties": { "Bina_ID": "Bina_566", "Net_Yukseklik": 5.46, "Gunes_Paneli_Sayisi": 34, "Yillik_Uretim_kWh": 17850.0 }, "geometry": { "type": "Polygon", "coordinates": [ [ [ 34.36361303149949, 38.281274461733538 ], [ 34.363612862924775, 38.281265451374878 ], [ 34.363641280380371, 38.281256108720868 ], [ 34.363640606068429, 38.281220067286448 ], [ 34.363623117307547, 38.281202245946808 ], [ 34.363600164213757, 38.281198006600398 ], [ 34.363599827068505, 38.28117998588273 ], [ 34.363656830489269, 38.28117031093381 ], [ 34.363668433468682, 38.281179188371048 ], [ 34.363669023502737, 38.281210724626042 ], [ 34.363731491255294, 38.281187467641814 ], [ 34.363776470183318, 38.281146389308489 ], [ 34.363793706072613, 38.281150695087746 ], [ 34.363782777462951, 38.281177859095813 ], [ 34.363714929708102, 38.281219203287066 ], [ 34.363675667907216, 38.281260215136463 ], [ 34.363641617536786, 38.281274129437975 ], [ 34.36361303149949, 38.281274461733538 ] ] ] } },
{ "type": "Feature", "properties": { "Bina_ID": "Bina_567", "Net_Yukseklik": 13.91, "Gunes_Paneli_Sayisi": 11, "Yillik_Uretim_kWh": 5775.0 }, "geometry": { "type": "Polygon", "coordinates": [ [ [ 34.369707733315117, 38.281212469165723 ], [ 34.369690581750739, 38.281212669430381 ], [ 34.369684779900155, 38.281208231016755 ], [ 34.369673345524475, 38.281208364524566 ], [ 34.369672668231438, 38.281172323180634 ], [ 34.369666866385209, 38.281167884766006 ], [ 34.369666697062883, 38.281158874429948 ], [ 34.369672329585377, 38.281154302508561 ], [ 34.369706632686764, 38.28115390198257 ], [ 34.369712434534215, 38.281158340395201 ], [ 34.369718151718054, 38.281158273639612 ], [ 34.369718321046733, 38.281167283975464 ], [ 34.369724122895974, 38.281171722387491 ], [ 34.369724546219871, 38.281194248226996 ], [ 34.369718829033232, 38.281194314982962 ], [ 34.369713196510702, 38.281198886906552 ], [ 34.369713365839019, 38.281207897242361 ], [ 34.369707733315117, 38.281212469165723 ] ] ] } },
{ "type": "Feature", "properties": { "Bina_ID": "Bina_568", "Net_Yukseklik": 8.72, "Gunes_Paneli_Sayisi": 89, "Yillik_Uretim_kWh": 46725.0 }, "geometry": { "type": "Polygon", "coordinates": [ [ [ 34.369970469907429, 38.281195882624672 ], [ 34.36997525561052, 38.281146259014633 ], [ 34.370043269005926, 38.281113921604245 ], [ 34.370077741455816, 38.281122531304725 ], [ 34.370094808308721, 38.281117825816615 ], [ 34.370111451717015, 38.281090594489875 ], [ 34.370122886072117, 38.281090460939716 ], [ 34.370146262925694, 38.281117224839058 ], [ 34.370180650695609, 38.281121329341921 ], [ 34.370203858191708, 38.281139082894981 ], [ 34.370204366357726, 38.2811661138971 ], [ 34.370181921089618, 38.281188906847852 ], [ 34.37007968924884, 38.281226150151269 ], [ 34.370011082988107, 38.281226951412634 ], [ 34.369970469907429, 38.281195882624672 ] ] ] } },
{ "type": "Feature", "properties": { "Bina_ID": "Bina_569", "Net_Yukseklik": 4.78, "Gunes_Paneli_Sayisi": 50, "Yillik_Uretim_kWh": 26250.0 }, "geometry": { "type": "Polygon", "coordinates": [ [ [ 34.370172011185062, 38.281270133410459 ], [ 34.370171248951443, 38.281229586907415 ], [ 34.370182429248409, 38.281215937849993 ], [ 34.370205128608035, 38.281206660400045 ], [ 34.370267932959429, 38.281201420641437 ], [ 34.370273734844098, 38.281205859025569 ], [ 34.370330906705398, 38.281205191182863 ], [ 34.370342510483546, 38.281214067944418 ], [ 34.370337470919225, 38.281250176064184 ], [ 34.370303421883953, 38.281264092275734 ], [ 34.370286270311702, 38.281264292627704 ], [ 34.370263740341954, 38.281282580427032 ], [ 34.370258277243956, 38.281296162709843 ], [ 34.370212455001308, 38.281292191792076 ], [ 34.370172011185062, 38.281270133410459 ] ] ] } },
{ "type": "Feature", "properties": { "Bina_ID": "Bina_570", "Net_Yukseklik": 6.37, "Gunes_Paneli_Sayisi": 46, "Yillik_Uretim_kWh": 24150.0 }, "geometry": { "type": "Polygon", "coordinates": [ [ [ 34.360938554037979, 38.281368606354491 ], [ 34.360916442242264, 38.281409418323811 ], [ 34.360899374688749, 38.281414122488499 ], [ 34.360858681173518, 38.281378545291247 ], [ 34.360812775165897, 38.281370065508185 ], [ 34.36076165661602, 38.281388683134217 ], [ 34.36072718505747, 38.281380070677741 ], [ 34.360704568490604, 38.281393851501392 ], [ 34.360698094298812, 38.281353371155717 ], [ 34.360709360523707, 38.281344228152747 ], [ 34.360755098282183, 38.28134369760761 ], [ 34.360772081717293, 38.281334488279384 ], [ 34.36082378903285, 38.281347406940966 ], [ 34.360891975072782, 38.281324085127736 ], [ 34.360897944649878, 38.281337534354805 ], [ 34.360920813525375, 38.281337269047746 ], [ 34.360932416206829, 38.28134614676113 ], [ 34.360938554037979, 38.281368606354491 ] ] ] } },
{ "type": "Feature", "properties": { "Bina_ID": "Bina_571", "Net_Yukseklik": 6.79, "Gunes_Paneli_Sayisi": 13, "Yillik_Uretim_kWh": 6825.0 }, "geometry": { "type": "Polygon", "coordinates": [ [ [ 34.363472208275574, 38.281388752595596 ], [ 34.363471871159646, 38.281370731877544 ], [ 34.363488769965812, 38.281357016982795 ], [ 34.363488685685873, 38.281352511803298 ], [ 34.363505668765619, 38.281343302085702 ], [ 34.363522820405016, 38.281343102724598 ], [ 34.363534001983126, 38.281329454277504 ], [ 34.363533749135236, 38.281315938739198 ], [ 34.363545014990514, 38.28130679547057 ], [ 34.363556449410879, 38.281306662559714 ], [ 34.363562250905375, 38.281311101283272 ], [ 34.363562672327355, 38.281333627180167 ], [ 34.363557039399176, 38.281338198815469 ], [ 34.363557207967439, 38.281347209174214 ], [ 34.363495077142638, 38.281388486786476 ], [ 34.363472208275574, 38.281388752595596 ] ] ] } },
{ "type": "Feature", "properties": { "Bina_ID": "Bina_572", "Net_Yukseklik": 9.9, "Gunes_Paneli_Sayisi": 52, "Yillik_Uretim_kWh": 27300.0 }, "geometry": { "type": "Polygon", "coordinates": [ [ [ 34.370687575039518, 38.281318184253301 ], [ 34.370641752764676, 38.281314213503975 ], [ 34.370607026002745, 38.281292088474061 ], [ 34.370594998586114, 38.281260685908677 ], [ 34.370565989052054, 38.281238494066933 ], [ 34.370565734901255, 38.281224978568098 ], [ 34.370576999840083, 38.281215834640747 ], [ 34.370599783866083, 38.281211062281621 ], [ 34.370605331613326, 38.281201985150254 ], [ 34.370679824466173, 38.281210127071503 ], [ 34.370680078637982, 38.281223642569735 ], [ 34.370708918748271, 38.281236824050758 ], [ 34.370726578672453, 38.281263654632873 ], [ 34.370727087034567, 38.281290685628527 ], [ 34.370704387718604, 38.28129996317859 ], [ 34.370687575039518, 38.281318184253301 ] ] ] } },
{ "type": "Feature", "properties": { "Bina_ID": "Bina_573", "Net_Yukseklik": 3.0, "Gunes_Paneli_Sayisi": 11, "Yillik_Uretim_kWh": 5775.0 }, "geometry": { "type": "Polygon", "coordinates": [ [ [ 34.363370056824778, 38.281430495298551 ], [ 34.363364171059523, 38.281421551385854 ], [ 34.363363918242285, 38.281408035846816 ], [ 34.363380901351071, 38.281398826146813 ], [ 34.363380648530942, 38.28138531060781 ], [ 34.363386281473986, 38.281380738980737 ], [ 34.363386112926655, 38.281371728621394 ], [ 34.363391745868327, 38.281367156994087 ], [ 34.363426049159798, 38.281366758302461 ], [ 34.363437652143794, 38.281375635762195 ], [ 34.363438157805199, 38.281402666839583 ], [ 34.363421006151185, 38.281402866188579 ], [ 34.363415373208696, 38.281407437817272 ], [ 34.363403938771846, 38.281407570714677 ], [ 34.363381406991856, 38.281425857224747 ], [ 34.363381491265379, 38.281430362404379 ], [ 34.363370056824778, 38.281430495298551 ] ] ] } },
{ "type": "Feature", "properties": { "Bina_ID": "Bina_574", "Net_Yukseklik": 3.0, "Gunes_Paneli_Sayisi": 57, "Yillik_Uretim_kWh": 29925.0 }, "geometry": { "type": "Polygon", "coordinates": [ [ [ 34.360495301767493, 38.28151794503065 ], [ 34.360426526775576, 38.28150973032259 ], [ 34.360425517683019, 38.281455668100925 ], [ 34.360401471514216, 38.281392860718952 ], [ 34.360406263754044, 38.28134323737882 ], [ 34.360429132636007, 38.281342972167565 ], [ 34.360412653693231, 38.281379212558491 ], [ 34.360424172230481, 38.281383585137888 ], [ 34.36043030990929, 38.281406044760558 ], [ 34.360447377493259, 38.281401340663592 ], [ 34.360447125216979, 38.281387825108091 ], [ 34.360475543148759, 38.281378483212812 ], [ 34.360549951146204, 38.281382126400352 ], [ 34.360550371638453, 38.281404652325214 ], [ 34.360505558891354, 38.2814547398266 ], [ 34.360495301767493, 38.28151794503065 ] ] ] } },
{ "type": "Feature", "properties": { "Bina_ID": "Bina_575", "Net_Yukseklik": 3.0, "Gunes_Paneli_Sayisi": 11, "Yillik_Uretim_kWh": 5775.0 }, "geometry": { "type": "Polygon", "coordinates": [ [ [ 34.367075432080078, 38.28172533387221 ], [ 34.367092583783823, 38.281725133987585 ], [ 34.367104187261901, 38.281734011074604 ], [ 34.36711562173231, 38.28173387781564 ], [ 34.367144461429056, 38.281747060180344 ], [ 34.367190283827533, 38.281751032294174 ], [ 34.367190452847368, 38.281760042638645 ], [ 34.367081909843087, 38.281765813796291 ], [ 34.367076023599573, 38.281756870079427 ], [ 34.367075432080078, 38.28172533387221 ] ] ] } },
{ "type": "Feature", "properties": { "Bina_ID": "Bina_576", "Net_Yukseklik": 3.43, "Gunes_Paneli_Sayisi": 14, "Yillik_Uretim_kWh": 7350.0 }, "geometry": { "type": "Polygon", "coordinates": [ [ [ 34.36160520823482, 38.281852041696183 ], [ 34.361599575141916, 38.281856613240116 ], [ 34.361553837077686, 38.28185714412043 ], [ 34.361548035658068, 38.281852705296458 ], [ 34.361519449368984, 38.281853037086158 ], [ 34.361513647951732, 38.281848598260453 ], [ 34.361485145821462, 38.281853435224605 ], [ 34.361484977506265, 38.281844424858861 ], [ 34.36147329052114, 38.281831042020691 ], [ 34.361473038050775, 38.281817526471954 ], [ 34.361495907071372, 38.281817261050016 ], [ 34.361513227155143, 38.281826072346306 ], [ 34.361553247945018, 38.281825607841178 ], [ 34.361570568037479, 38.281834419128828 ], [ 34.361593437062453, 38.281834153687768 ], [ 34.361605039904781, 38.281843031330887 ], [ 34.36160520823482, 38.281852041696183 ] ] ] } },
{ "type": "Feature", "properties": { "Bina_ID": "Bina_577", "Net_Yukseklik": 6.53, "Gunes_Paneli_Sayisi": 81, "Yillik_Uretim_kWh": 42525.0 }, "geometry": { "type": "Polygon", "coordinates": [ [ [ 34.362017103303408, 38.281860778497652 ], [ 34.36201054414542, 38.281815793060055 ], [ 34.361992971439662, 38.281793466292392 ], [ 34.361992634684519, 38.281775445564513 ], [ 34.362014830166302, 38.281739138585927 ], [ 34.362065864429617, 38.281716015234302 ], [ 34.362128585738553, 38.281706274633535 ], [ 34.362152128305446, 38.281742050538227 ], [ 34.362180714543477, 38.281741718595192 ], [ 34.362192317440552, 38.281750596179286 ], [ 34.362181388146233, 38.281777760048271 ], [ 34.362090922476249, 38.281832884424126 ], [ 34.362079908938043, 38.281855543102509 ], [ 34.362085878779048, 38.281868992263014 ], [ 34.362017103303408, 38.281860778497652 ] ] ] } },
{ "type": "Feature", "properties": { "Bina_ID": "Bina_578", "Net_Yukseklik": 3.0, "Gunes_Paneli_Sayisi": 19, "Yillik_Uretim_kWh": 9975.0 }, "geometry": { "type": "Polygon", "coordinates": [ [ [ 34.361388541494925, 38.281886099510359 ], [ 34.361365335850508, 38.281868344179479 ], [ 34.361365083399818, 38.281854828630209 ], [ 34.361370716507636, 38.281850257097275 ], [ 34.361364241898727, 38.281809776799093 ], [ 34.361387110917931, 38.281809511398407 ], [ 34.361387279220828, 38.281818521764578 ], [ 34.361393080628119, 38.281822960596749 ], [ 34.361421498599739, 38.281813618472029 ], [ 34.361444367619605, 38.281813353060151 ], [ 34.361444704239666, 38.281831373792023 ], [ 34.361422087675159, 38.281845154753071 ], [ 34.361433858807835, 38.281863042779406 ], [ 34.361434195425893, 38.281881063511207 ], [ 34.361388541494925, 38.281886099510359 ] ] ] } },
{ "type": "Feature", "properties": { "Bina_ID": "Bina_579", "Net_Yukseklik": 3.32, "Gunes_Paneli_Sayisi": 11, "Yillik_Uretim_kWh": 5775.0 }, "geometry": { "type": "Polygon", "coordinates": [ [ [ 34.363526879990587, 38.281865769970636 ], [ 34.363509391097281, 38.281847948618342 ], [ 34.363508801118819, 38.281816412364698 ], [ 34.363520067052775, 38.281807269097726 ], [ 34.363554370549522, 38.281806870364726 ], [ 34.363560172084632, 38.281811309087267 ], [ 34.363560509227703, 38.28182932980328 ], [ 34.363566310765016, 38.281833768525459 ], [ 34.363561014942889, 38.281856360877207 ], [ 34.36354403175276, 38.28186557060414 ], [ 34.363526879990587, 38.281865769970636 ] ] ] } },
{ "type": "Feature", "properties": { "Bina_ID": "Bina_580", "Net_Yukseklik": 4.65, "Gunes_Paneli_Sayisi": 16, "Yillik_Uretim_kWh": 8400.0 }, "geometry": { "type": "Polygon", "coordinates": [ [ [ 34.360745266609221, 38.282042266462987 ], [ 34.360722397510891, 38.282042531739933 ], [ 34.360687673318417, 38.282020403725873 ], [ 34.360687168665734, 38.281993372620398 ], [ 34.360692801827497, 38.28198880111912 ], [ 34.360687000448316, 38.28198436225189 ], [ 34.36068674812234, 38.281970846699082 ], [ 34.36069809855114, 38.281966208880583 ], [ 34.360692297173486, 38.281961770013567 ], [ 34.360692128955627, 38.281952759645009 ], [ 34.360715082136416, 38.281956999558723 ], [ 34.360721135847257, 38.28197495397724 ], [ 34.360744257261025, 38.281988204253409 ], [ 34.360745266609221, 38.282042266462987 ] ] ] } },
{ "type": "Feature", "properties": { "Bina_ID": "Bina_581", "Net_Yukseklik": 3.0, "Gunes_Paneli_Sayisi": 137, "Yillik_Uretim_kWh": 71925.0 }, "geometry": { "type": "Polygon", "coordinates": [ [ [ 34.363095401889936, 38.282033006224488 ], [ 34.36310044509451, 38.281996898352325 ], [ 34.363140718732886, 38.282009948843005 ], [ 34.363151647699119, 38.281982784891682 ], [ 34.363099349743663, 38.28193833101551 ], [ 34.363104645714735, 38.281915738682137 ], [ 34.36314500356896, 38.281933294352086 ], [ 34.363184687339022, 38.281914808570733 ], [ 34.363219075156131, 38.281918915114431 ], [ 34.363218653831488, 38.281896389216541 ], [ 34.36327599493962, 38.281904735160516 ], [ 34.363344433485786, 38.281894927466816 ], [ 34.363431877898492, 38.281984034325092 ], [ 34.363432383568778, 38.282011065399736 ], [ 34.363095401889936, 38.282033006224488 ] ] ] } },
{ "type": "Feature", "properties": { "Bina_ID": "Bina_582", "Net_Yukseklik": 3.0, "Gunes_Paneli_Sayisi": 12, "Yillik_Uretim_kWh": 6300.0 }, "geometry": { "type": "Polygon", "coordinates": [ [ [ 34.363032596192078, 38.282038242164759 ], [ 34.363032427684495, 38.282029231805105 ], [ 34.36303806069845, 38.282024660193919 ], [ 34.363037807936209, 38.282011144654426 ], [ 34.363032006415857, 38.282006705905886 ], [ 34.363031837908537, 38.281997695546181 ], [ 34.363037470920148, 38.281993123935038 ], [ 34.363036881142769, 38.281961587675994 ], [ 34.363048315668266, 38.281961454812738 ], [ 34.363048399922832, 38.281965959992604 ], [ 34.363054201440832, 38.281970398740384 ], [ 34.363065635967637, 38.281970265875422 ], [ 34.363071521743045, 38.281979209802138 ], [ 34.363071690255161, 38.281988220161722 ], [ 34.363077491776366, 38.281992658908301 ], [ 34.363077828802311, 38.282010679627376 ], [ 34.363083630325704, 38.282015118373572 ], [ 34.36308396735344, 38.282033139092526 ], [ 34.363066815548557, 38.282033338392502 ], [ 34.363061182535787, 38.282037910005052 ], [ 34.363032596192078, 38.282038242164759 ] ] ] } },
{ "type": "Feature", "properties": { "Bina_ID": "Bina_583", "Net_Yukseklik": 3.66, "Gunes_Paneli_Sayisi": 240, "Yillik_Uretim_kWh": 126000.0 }, "geometry": { "type": "Polygon", "coordinates": [ [ [ 34.362364349315534, 38.282082054162906 ], [ 34.362363675614979, 38.282046012714417 ], [ 34.362404033371462, 38.282063568640936 ], [ 34.362493741095015, 38.28196789739691 ], [ 34.362688043846688, 38.281961134289276 ], [ 34.362734624306626, 38.28200565476989 ], [ 34.362791460019942, 38.281986969867923 ], [ 34.362837703591886, 38.282013469584975 ], [ 34.36283627148584, 38.28193688152087 ], [ 34.362887642592291, 38.281931778535615 ], [ 34.362954733245545, 38.281849888185711 ], [ 34.363011484527043, 38.281826697999911 ], [ 34.362958271696236, 38.28203910574743 ], [ 34.362364349315534, 38.282082054162906 ] ] ] } },
{ "type": "Feature", "properties": { "Bina_ID": "Bina_584", "Net_Yukseklik": 3.0, "Gunes_Paneli_Sayisi": 133, "Yillik_Uretim_kWh": 69825.0 }, "geometry": { "type": "Polygon", "coordinates": [ [ [ 34.361638928732276, 38.282126526016988 ], [ 34.361667010109251, 38.282099163102195 ], [ 34.361660956155589, 38.282081208737431 ], [ 34.36171224328897, 38.28207160108137 ], [ 34.361717287182785, 38.282035493256025 ], [ 34.361784800145671, 38.281976129461725 ], [ 34.361790180705256, 38.281958042362398 ], [ 34.361761678552774, 38.281962879394129 ], [ 34.361755540413661, 38.281940419851765 ], [ 34.361778493646149, 38.281944659556281 ], [ 34.36180665907937, 38.281921801791782 ], [ 34.361823810867001, 38.281921602676512 ], [ 34.36183633972658, 38.281980037299391 ], [ 34.361883003871512, 38.282029063309622 ], [ 34.362044350338152, 38.282094782419364 ], [ 34.361638928732276, 38.282126526016988 ] ] ] } },
{ "type": "Feature", "properties": { "Bina_ID": "Bina_585", "Net_Yukseklik": 6.86, "Gunes_Paneli_Sayisi": 11, "Yillik_Uretim_kWh": 5775.0 }, "geometry": { "type": "Polygon", "coordinates": [ [ [ 34.361067873797069, 38.282169202438212 ], [ 34.361079055964119, 38.282155554216075 ], [ 34.361084773246745, 38.282155487879713 ], [ 34.361101672690062, 38.28214177331887 ], [ 34.361113107253033, 38.282141640643694 ], [ 34.361124373543554, 38.282132497600777 ], [ 34.361141525385634, 38.28213229858433 ], [ 34.361170364205769, 38.282145482434387 ], [ 34.361204752036379, 38.28214958956859 ], [ 34.361204920318784, 38.282158599934917 ], [ 34.361067873797069, 38.282169202438212 ] ] ] } },
{ "type": "Feature", "properties": { "Bina_ID": "Bina_586", "Net_Yukseklik": 7.22, "Gunes_Paneli_Sayisi": 18, "Yillik_Uretim_kWh": 9450.0 }, "geometry": { "type": "Polygon", "coordinates": [ [ [ 34.361050721945787, 38.282169401444058 ], [ 34.361010700958794, 38.282169865781285 ], [ 34.361004563030605, 38.28214740619638 ], [ 34.361015997594919, 38.282147273530668 ], [ 34.361021378357741, 38.282129186463308 ], [ 34.361032728788629, 38.282124548612487 ], [ 34.361032055745419, 38.282088507144309 ], [ 34.361020368801633, 38.282075124260729 ], [ 34.360997415567461, 38.282070884407887 ], [ 34.361007756446497, 38.282012184356041 ], [ 34.36101919098958, 38.282012051690408 ], [ 34.361054588328429, 38.282070221072729 ], [ 34.361038698461506, 38.282137997828912 ], [ 34.361050721945787, 38.282169401444058 ] ] ] } }
]
}
